Workbook

Sheet Acra Point
A1: Windham Blackead Range Wilderness
A2: Acra Point | X2: R25
B3: 1990 | C3: 1991 | D3: 1992 | E3: 1993 | F3: 1994 | G3: 1995 | H3: 1996 | I3: 1997 | J3: 1998 | K3: 1999 | L3: 2000 | M3: 2001 | N3: 2002 | O3: 2003 | P3: 2004 | Q3: 2005 | R3: 2006 | S3: 2007 | T3: 2008 | U3: 2009 | V3: 2010 | W3: 2011 | X3: 2012 | Y3: 2013 | Z3: 2014 | AA3: 2015 | AB3: 2016 | AC3: 2017 | AD3: 2018 | AE3: 2019 | AF3: 2020 | AG3: 2021 | AH3: 2022 | AI3: 2023 | AJ3: 2024 | AK3: 2025
A5: January | H5: 5 | I5: 18 | J5: 31 | K5: 11 | L5: 47 | Q5: 21 | R5: 48 | S5: 31 | T5: 22 | U5: 21 | V5: 38 | W5: 25 | X5: 40 | Y5: * | Z5: 25 | AA5: 38 | AB5: 59 | AC5: 67 | AD5: 21 | AE5: 22 | AF5: 84 | AG5: 140 | AH5: * | AI5: 58 | AJ5: 39 | AK5: 67
A6: February | H6: 18 | I6: 36 | J6: 119 | K6: 39 | L6: 35 | P6: 22 | Q6: 16 | R6: 26 | S6: 18 | T6: 22 | U6: 20 | V6: 33 | W6: 28 | X6: 24 | Y6: * | Z6: 15 | AA6: 8 | AB6: 62 | AC6: 56 | AD6: 32 | AE6: 39 | AF6: 68 | AG6: 21 | AH6: 35 | AI6: 63 | AJ6: 33 | AK6: 41
A7: March | H7: 44 | I7: 26 | J7: 108 | K7: 39 | L7: 26 | P7: 3 | Q7: 43 | R7: 34 | S7: 35 | T7: 29 | U7: 36 | V7: 7 | W7: 53 | X7: 83 | Y7: * | Z7: 28 | AA7: 27 | AB7: 74 | AC7: 35 | AD7: 48 | AE7: 45 | AF7: 83 | AG7: 106 | AH7: 67 | AI7: 49 | AJ7: 62 | AK7: 81
A8: April | H8: 85 | I8: 57 | J8: 65 | K8: 78 | L8: 78 | Q8: 46 | R8: 71 | S8: 37 | T8: 68 | U8: 74 | V8: 38 | W8: 54 | X8: 81 | Y8: 46 | Z8: 38 | AA8: 47 | AB8: 46 | AC8: 125 | AD8: 54 | AE8: 77 | AF8: 120 | AG8: 92 | AH8: 314 | AI8: 92 | AJ8: 93 | AK8: 79
A9: May | H9: 100 | I9: 99 | J9: 104 | K9: 116 | L9: 78 | P9: 65 | Q9: 76 | R9: 64 | S9: 61 | T9: 72 | U9: 86 | V9: 163 | W9: 120 | X9: 138 | Y9: 118 | Z9: 143 | AA9: 115 | AB9: 94 | AC9: 115 | AD9: 118 | AE9: 176 | AF9: 220 | AG9: 218 | AH9: 139 | AI9: 25 | AJ9: 161 | AK9: 133
A10: June | H10: 172 | I10: 174 | J10: 80 | K10: 120 | L10: 94 | P10: 120 | Q10: 67 | R10: 2 | S10: 30 | T10: 63 | U10: 46 | V10: 79 | W10: 86 | X10: =SUM('Acra Point'!X11) -> 82 | Y10: 92 | Z10: 65 | AA10: 71 | AB10: 103 | AC10: 104 | AD10: 83 | AE10: 206 | AF10: 169 | AG10: 164 | AH10: 168 | AI10: * | AJ10: 93 | AK10: 97
A11: July | H11: 130 | I11: 174 | J11: 244 | K11: 124 | L11: 189 | P11: 126 | Q11: 128 | R11: 149 | T11: 112 | U11: 168 | V11: 131 | W11: 132 | X11: 82 | Y11: 62 | Z11: 81 | AA11: 97 | AB11: 195 | AC11: 233 | AD11: 104 | AE11: 139 | AF11: 234 | AG11: 236 | AH11: 95 | AI11: * | AJ11: 134 | AK11: 157
A12: August | H12: 128 | I12: 171 | J12: 161 | K12: 134 | L12: 113 | P12: 95 | Q12: 113 | R12: 98 | T12: 125 | U12: 160 | V12: 135 | W12: 147 | X12: 141 | Y12: 151 | Z12: 103 | AA12: 110 | AB12: 126 | AC12: 124 | AD12: 97 | AE12: 300 | AF12: 262 | AG12: 205 | AH12: 131 | AI12: * | AJ12: 180 | AK12: 180
A13: September | I13: 0 | J13: 151 | K13: 207 | L13: 113 | P13: 139 | Q13: 101 | R13: 140 | T13: 91 | U13: 141 | V13: 154 | W13: 5 | X13: 3 | Y13: 140 | Z13: 71 | AA13: 104 | AB13: 132 | AC13: 156 | AD13: 105 | AE13: 213 | AF13: 226 | AG13: 213 | AH13: 159 | AI13: * | AJ13: 143 | AK13: 173
A14: October | I14: 280 | J14: 149 | K14: 170 | L14: 248 | P14: 92 | Q14: 91 | R14: 147 | T14: 136 | U14: 96 | V14: 140 | W14: 110 | X14: * | Y14: 152 | Z14: 105 | AA14: 130 | AB14: 168 | AC14: 200 | AD14: 207 | AE14: 276 | AF14: 292 | AG14: 392 | AH14: 291 | AI14: 153 | AJ14: 255 | AK14: 174
A15: November | I15: 23 | J15: 72 | K15: 103 | L15: 66 | P15: 13 | Q15: 65 | R15: 29 | T15: 20 | U15: 59 | V15: 87 | W15: 58 | X15: * | Y15: 98 | Z15: 34 | AA15: 72 | AB15: 116 | AC15: 87 | AD15: 63 | AE15: 95 | AF15: 210 | AG15: 155 | AH15: 90 | AI15: 94 | AJ15: 84 | AK15: 61
A16: December | I16: 44 | K16: 29 | L16: 19 | Q16: 7 | R16: 52 | T16: 39 | U16: 18 | V16: 22 | W16: 69 | X16: * | Y16: 29 | Z16: 35 | AA16: 48 | AB16: 32 | AC16: 26 | AD16: 94 | AE16: 29 | AF16: 89 | AG16: 115 | AH16: 44 | AI16: 67 | AJ16: 64 | AL16: *Registers missing
A18: Yearly Totals | B18: 718 | C18: 772 | D18: 715 | E18: 901 | F18: 1078 | G18: 1223 | H18: =SUM(H5:H17) -> 682 | I18: =SUM(I5:I17) -> 1102 | J18: =SUM(J5:J17) -> 1284 | K18: =SUM(K5:K17) -> 1170 | L18: =SUM(L5:L17) -> 1106 | M18: 904 | N18: 868 | O18: 770 | P18: 807 | Q18: 774 | R18: =SUM(R5:R16) -> 860 | S18: =SUM(S5:S16) -> 212 | T18: =SUM(T5:T16) -> 799 | U18: =SUM(U5:U16) -> 925 | V18: =SUM(V5:V16) -> 1027 | W18: =SUM(W5:W16) -> 887 | X18: =SUM(X5:X16) -> 674 | Y18: =SUM(Y5:Y16) -> 888 | ... AF18: =SUM(AF5:AF16) -> 2057 | AG18: =SUM(AG5:AG17) -> 2057 | AH18: =SUM(AH5:AH16) -> 1533 | AI18: =SUM(AI5:AI16) -> 601 | AJ18: =SUM(AJ5:AJ16) -> 1341 | AK18: =SUM(AK5:AK16) -> 1243
J19: 1317

Sheet Barnum Road
A1: Windham Blackhead Range Wilderness
A2: Barnum Road | X2: R24
B3: 1990 | C3: 1991 | D3: 1992 | E3: 1993 | F3: 1994 | G3: 1995 | H3: 1996 | I3: 1997 | J3: 1998 | K3: 1999 | L3: 2000 | M3: 2001 | N3: 2002 | O3: 2003 | P3: 2004 | Q3: 2005 | R3: 2006 | S3: 2007 | T3: 2008 | U3: 2009 | V3: 2010 | W3: 2011 | X3: 2012 | Y3: 2013 | Z3: 2014 | AA3: 2015 | AB3: 2016 | AC3: 2017 | AD3: 2018 | AE3: 2019 | AF3: 2020 | AG3: 2021 | AH3: 2022 | AI3: 2023 | AJ3: 2024 | AK3: 2025
A5: January | H5: 19 | I5: 8 | J5: 61 | K5: 21 | L5: 34 | P5: 11 | Q5: 114 | R5: 67 | S5: 47 | T5: 49 | U5: 50 | V5: 33 | W5: 36 | X5: 55 | Y5: * | Z5: 27 | AA5: 49 | AB5: 458 | AC5: 14 | AD5: 75 | AE5: 39 | AF5: 88 | AG5: 152 | AH5: 53 | AI5: 50 | AJ5: 32 | AK5: 10
A6: February | H6: 14 | I6: 27 | J6: 40 | K6: 46 | L6: 42 | Q6: 52 | R6: 66 | S6: 45 | T6: 37 | U6: 44 | V6: 17 | W6: 50 | X6: 68 | Y6: * | Z6: 40 | AA6: 27 | AB6: 82 | AC6: X | AD6: 64 | AE6: 38 | AF6: 88 | AG6: 51 | AH6: 67 | AI6: 85 | AJ6: 57 | AK6: 20
A7: March | H7: 49 | I7: 46 | J7: 57 | K7: 30 | L7: 78 | Q7: 29 | R7: 63 | S7: 52 | T7: 46 | U7: 27 | V7: 42 | W7: 35 | X7: 70 | Y7: * | Z7: 36 | AA7: 35 | AB7: 144 | AC7: X | AD7: 75 | AE7: 48 | AF7: 98 | AG7: 79 | AH7: 61 | AI7: 19 | AJ7: 60 | AK7: 57
A8: April | H8: 63 | I8: 24 | J8: 75 | K8: 113 | L8: 67 | Q8: 37 | R8: 89 | S8: 56 | T8: 81 | U8: 54 | V8: 50 | W8: 54 | X8: 78 | Y8: 86 | Z8: 57 | AA8: 53 | AB8: 104 | AC8: 23 | AD8: 53 | AE8: 67 | AF8: 101 | AG8: 19 | AH8: 68 | AI8: 80 | AJ8: 79 | AK8: 75
A9: May | H9: 172 | I9: 111 | J9: 193 | K9: 198 | L9: 150 | P9: 146 | Q9: 148 | R9: 179 | S9: 85 | T9: 140 | U9: 83 | V9: 105 | W9: 143 | X9: 141 | Y9: 81 | Z9: 84 | AA9: 134 | AB9: 156 | AC9: 150 | AD9: 119 | AE9: 105 | AF9: 219 | AG9: 124 | AH9: 130 | AI9: 146 | AJ9: 123 | AK9: 94
A10: June | I10: 129 | J10: 95 | K10: 123 | L10: 102 | P10: 134 | Q10: 105 | R10: 61 | S10: 34 | T10: 113 | U10: 142 | V10: 86 | W10: 81 | X10: 74 | Y10: 52 | Z10: 108 | AA10: 113 | AB10: 95 | AC10: 132 | AD10: 128 | AE10: 125 | AF10: 177 | AG10: 189 | AH10: 142 | AI10: 113 | AJ10: 106 | AK10: 122
A11: July | I11: 120 | J11: 133 | K11: 100 | L11: 120 | P11: 117 | Q11: 164 | R11: 166 | T11: 99 | U11: 108 | V11: 127 | W11: 144 | X11: * | Y11: 62 | Z11: 106 | AA11: 105 | AB11: 85 | AC11: 202 | AD11: 149 | AE11: 113 | AF11: 165 | AG11: 154 | AH11: 147 | AI11: 167 | AJ11: 123 | AK11: 88
A12: August | I12: 222 | J12: 134 | K12: 175 | L12: 180 | P12: 134 | Q12: 119 | R12: 100 | T12: 192 | U12: 100 | V12: 126 | W12: 115 | X12: * | Y12: 129 | Z12: 205 | AA12: 168 | AB12: 121 | AC12: 142 | AD12: 142 | AE12: 154 | AF12: 203 | AG12: 105 | AH12: 94 | AI12: 136 | AJ12: 106
A13: September | I13: 111 | J13: 159 | K13: 123 | L13: 78 | P13: 144 | Q13: 125 | R13: 88 | T13: 86 | U13: 115 | V13: 142 | W13: 90 | X13: * | Y13: 117 | Z13: 101 | AA13: 102 | AB13: 128 | AC13: 152 | AD13: 134 | AE13: 177 | AF13: 237 | AG13: 115 | AH13: 88 | AI13: 76 | AJ13: 81
A14: October | I14: 204 | J14: 143 | K14: 153 | L14: 246 | P14: 199 | Q14: 92 | R14: 214 | T14: 278 | U14: 193 | V14: 208 | W14: 98 | X14: * | Y14: 104 | Z14: 121 | AA14: 139 | AB14: 138 | AC14: 146 | AD14: 156 | AE14: 183 | AF14: 188 | AG14: 128 | AH14: 125 | AI14: 111 | AJ14: 128
A15: November | I15: 53 | J15: 101 | K15: 97 | L15: 68 | P15: 100 | Q15: 102 | R15: 116 | T15: 45 | U15: 67 | V15: 126 | W15: 100 | X15: * | Y15: 98 | Z15: 52 | AA15: 129 | AB15: 85 | AC15: 76 | AD15: 77 | AE15: 103 | AF15: 129 | AG15: 185 | AH15: 60 | AI15: 77 | AJ15: 86
A16: December | I16: 33 | J16: 45 | K16: 26 | L16: 25 | P16: 29 | Q16: 56 | R16: 54 | T16: 41 | U16: 17 | V16: 35 | W16: 67 | X16: * | Y16: 34 | Z16: 32 | AA16: 80 | AB16: 48 | AC16: 58 | AD16: 53 | AE16: 57 | AF16: 95 | AG16: 6 | AH16: 42 | AI16: 62 | AJ16: 18 | AL16: *Registers missing
A18: Yearly Totals | B18: 770 | C18: 787 | D18: 1702 | E18: 1190 | F18: 1186 | G18: 1284 | H18: =SUM(H5:H17) -> 317 | I18: =SUM(I5:I17) -> 1088 | J18: =SUM(J5:J17) -> 1236 | K18: =SUM(K5:K17) -> 1205 | L18: =SUM(L5:L17) -> 1190 | M18: 1674 | N18: 1235 | O18: 1044 | P18: 1028 | Q18: =SUM(Q5:Q16) -> 1143 | R18: =SUM(R5:R16) -> 1263 | S18: =SUM(S5:S16) -> 319 | T18: =SUM(T5:T16) -> 1207 | U18: =SUM(U5:U16) -> 1000 | V18: =SUM(V5:V16) -> 1097 | W18: =SUM(W5:W16) -> 1013 | X18: =SUM(X5:X16) -> 486 | ... AD18: =SUM(AD5:AD16) -> 1225 | AE18: =SUM(AE5:AE17) -> 1209 | AF18: =SUM(AF5:AF17) -> 1788 | AG18: =SUM(AG5:AG17) -> 1307 | AH18: =SUM(AH5:AH17) -> 1077 | AI18: =SUM(AI5:AI17) -> 1122 | AJ18: =SUM(AJ5:AJ17) -> 999 | AK18: =SUM(AK5:AK17) -> 466
I19: 1224
AF23: all estimated

Sheet Batavia Kill
A1: Windham Blackhead Range Wilderness
A2: Batavia Kill | X2: R26
B3: 1990 | C3: 1991 | D3: 1992 | E3: 1993 | F3: 1994 | G3: 1995 | H3: 1996 | I3: 1997 | J3: 1998 | K3: 1999 | L3: 2000 | M3: 2001 | N3: 2002 | O3: 2003 | P3: 2004 | Q3: 2005 | R3: 2006 | S3: 2007 | T3: 2008 | U3: 2009 | V3: 2010 | W3: 2011 | X3: 2012 | Y3: 2013 | Z3: 2014 | AA3: 2015 | AB3: 2016 | AC3: 2017 | AD3: 2018 | AE3: 2019 | AF3: 2020 | AG3: 2021 | AH3: 2022 | AI3: 2023 | AJ3: 2024 | AK3: 2025
A5: January | H5: 64 | I5: 35 | J5: 165 | K5: 90 | L5: 111 | P5: 116 | Q5: 36 | R5: 151 | S5: 118 | T5: 117 | U5: 102 | V5: 157 | W5: 127 | X5: 216 | Y5: * | Z5: 122 | AA5: 184 | AB5: 166 | AC5: 173 | AD5: 149 | AE5: 252 | AF5: 269 | AG5: 186 | AH5: 240 | AI5: 352 | AJ5: * | AK5: 174
A6: February | H6: 73 | I6: 101 | J6: 102 | K6: 119 | L6: 110 | P6: 111 | Q6: 87 | R6: 93 | S6: 70 | T6: 88 | U6: 89 | V6: 73 | W6: 143 | X6: 204 | Y6: * | Z6: 110 | AA6: 119 | AB6: 180 | AC6: 162 | AD6: 178 | AE6: 182 | AF6: 318 | AG6: 244 | AH6: 266 | AI6: 285 | AJ6: * | AK6: 194
A7: March | H7: 114 | I7: 94 | J7: 43 | K7: 81 | L7: 121 | P7: 101 | Q7: 85 | R7: 191 | S7: 63 | T7: 92 | U7: 117 | V7: 32 | W7: 132 | X7: 242 | Y7: 6 | Z7: 166 | AA7: 122 | AB7: 318 | AC7: 105 | AD7: 156 | AE7: 299 | AF7: 335 | AG7: 433 | AH7: 221 | AI7: 188 | AJ7: * | AK7: 263
A8: April | H8: 156 | I8: 95 | J8: 158 | K8: 124 | L8: 149 | P8: 155 | Q8: 112 | R8: 151 | S8: 90 | T8: 133 | U8: 121 | V8: 93 | W8: 124 | X8: 179 | Y8: 142 | Z8: 96 | AA8: 133 | AB8: 225 | AC8: 218 | AD8: 95 | AE8: 151 | AF8: 176 | AG8: 221 | AH8: 217 | AI8: 162 | AJ8: * | AK8: 172
A9: May | H9: 257 | I9: 221 | J9: 275 | K9: 376 | L9: 240 | P9: 232 | Q9: 194 | R9: 196 | S9: 201 | T9: 260 | U9: 238 | V9: 300 | W9: 271 | X9: 255 | Y9: 229 | Z9: 284 | AA9: 332 | AB9: 244 | AC9: 279 | AD9: 220 | AE9: 276 | AF9: 553 | AG9: 440 | AH9: 377 | AI9: 384 | AJ9: * | AK9: 284
A10: June | H10: 264 | I10: 327 | J10: 205 | K10: 246 | L10: 192 | P10: 262 | Q10: 122 | R10: 159 | S10: 234 | T10: 194 | U10: 177 | V10: 157 | W10: 258 | X10: 146 | Y10: 232 | Z10: 224 | AA10: 244 | AB10: 268 | AC10: 235 | AD10: 248 | AE10: 412 | AF10: 507 | AG10: 329 | AH10: 334 | AI10: 230 | AJ10: 4 | AK10: 311
A11: July | H11: 202 | I11: 257 | J11: 299 | K11: 353 | L11: 332 | P11: 234 | Q11: 201 | R11: 270 | S11: 240 | T11: 221 | U11: 351 | V11: 251 | W11: 363 | X11: 251 | Y11: 234 | Z11: 282 | AA11: 305 | AB11: 343 | AC11: 398 | AD11: 324 | AE11: 372 | AF11: 553 | AG11: 315 | AH11: 407 | AI11: 365 | AJ11: 286 | AK11: 417
A12: August | I12: 310 | J12: 493 | K12: 253 | L12: 220 | P12: 224 | Q12: 47 | R12: 257 | S12: 211 | T12: 305 | U12: 291 | V12: 246 | W12: 241 | X12: 203 | Y12: 265 | Z12: 346 | AA12: 340 | AB12: 350 | AC12: 344 | AD12: 297 | AE12: 454 | AF12: 580 | AG12: 436 | AH12: 271 | AI12: 371 | AJ12: 269 | AK12: 428
A13: September | I13: 233 | J13: 257 | K13: 339 | L13: 278 | P13: 294 | Q13: 231 | R13: 194 | S13: 328 | T13: 215 | U13: 231 | V13: 275 | W13: 66 | X13: 84 | Y13: 250 | Z13: 186 | AA13: 298 | AB13: 319 | AC13: 262 | AD13: 239 | AE13: 420 | AF13: 503 | AG13: 287 | AH13: 261 | AI13: 238 | AJ13: 267 | AK13: 347
A14: October | I14: 509 | J14: 330 | K14: 267 | L14: 430 | P14: 297 | Q14: 167 | R14: 214 | S14: 257 | T14: 304 | U14: 189 | V14: 346 | W14: 251 | X14: * | Y14: 316 | Z14: 257 | AA14: 330 | AB14: 316 | AC14: 252 | AD14: 298 | AE14: 389 | AF14: 462 | AG14: 513 | AH14: 501 | AI14: 335 | AJ14: 425 | AK14: 349
A15: November | I15: 84 | J15: 166 | K15: 182 | L15: 164 | P15: 148 | Q15: 153 | R15: 120 | S15: 106 | T15: 141 | U15: 184 | V15: 171 | W15: 178 | X15: * | Y15: 166 | Z15: 131 | AA15: 185 | AB15: 157 | AC15: 165 | AD15: 134 | AE15: 269 | AF15: 369 | AG15: 224 | AH15: 201 | AI15: 114 | AJ15: 292 | AK15: 124
A16: December | I16: 107 | J16: 123 | K16: 88 | L16: 47 | P16: 28 | Q16: 74 | R16: 94 | S16: 79 | T16: 59 | U16: 42 | V16: 96 | W16: 213 | X16: * | Y16: 78 | Z16: 100 | AA16: 226 | AB16: 88 | AC16: 163 | AD16: 179 | AE16: 214 | AF16: 282 | AG16: 305 | AH16: 232 | AJ16: 154 | AL16: *Registers missing
A18: Yearly Totals | B18: 1718 | C18: 1848 | D18: 1873 | E18: 2014 | F18: 2361 | G18: 2580 | H18: =SUM(H5:H17) -> 1130 | I18: =SUM(I5:I17) -> 2373 | J18: =SUM(J5:J17) -> 2616 | K18: =SUM(K5:K17) -> 2518 | L18: =SUM(L5:L17) -> 2394 | M18: 2167 | N18: 2196 | O18: 2067 | P18: =SUM(P5:P17) -> 2202 | Q18: =SUM(Q5:Q16) -> 1509 | R18: =SUM(R5:R16) -> 2090 | S18: =SUM(S5:S16) -> 1997 | T18: =SUM(T5:T16) -> 2129 | U18: =SUM(U5:U16) -> 2132 | V18: =SUM(V5:V16) -> 2197 | W18: =SUM(W5:W16) -> 2367 | X18: =SUM(X5:X16) -> 1780 | ... AC18: =SUM(AC5:AC16) -> 2756 | AD18: =SUM(AD5:AD17) -> 2517 | AE18: =SUM(AE5:AE16) -> 3690 | AF18: =SUM(AF5:AF17) -> 4907 | AG18: =SUM(AG5:AG17) -> 3933 | AH18: =SUM(AH5:AH17) -> 3528 | AI18: =SUM(AI5:AI17) -> 3024 | AJ18: =SUM(AJ5:AJ17) -> 1697 | AK18: =SUM(AK5:AK17) -> 3063
I19: 2395

Sheet Becker Hollow
A1: Hunter-West Kill Mountain Wilderness
A2: Becker Hollow | X2: R10
B3: 1990 | C3: 1991 | D3: 1992 | E3: 1993 | F3: 1994 | G3: 1995 | H3: 1996 | I3: 1997 | J3: 1998 | K3: 1999 | L3: 2000 | M3: 2001 | N3: 2002 | O3: 2003 | P3: 2004 | Q3: 2005 | R3: 2006 | S3: 2007 | T3: 2008 | U3: 2009 | V3: 2010 | W3: 2011 | X3: 2012 | Y3: 2013 | Z3: 2014 | AA3: 2015 | AB3: 2016 | AC3: 2017 | AD3: 2018 | AE3: 2019 | AF3: 2020 | AG3: 2021 | AH3: 2022 | AI3: 2023 | AJ3: 2024 | AK3: 2025
A5: January | H5: 22 | I5: 47 | J5: 75 | K5: 23 | L5: 60 | P5: 46 | Q5: 25 | R5: 36 | S5: 61 | T5: 20 | U5: 17 | V5: 76 | W5: 8 | X5: 83 | Y5: * | Z5: 131 | AA5: 71 | AB5: 95 | AC5: 8 | AD5: 51 | AE5: 69 | AF5: 266 | AG5: 162 | AH5: 133 | AI5: * | AJ5: 137 | AK5: 26
A6: February | H6: 30 | I6: 31 | J6: 74 | K6: 33 | L6: 87 | P6: 42 | Q6: 57 | R6: 43 | S6: 25 | T6: 41 | U6: 101 | V6: 32 | W6: 50 | X6: 84 | Y6: * | Z6: 83 | AA6: 22 | AB6: 59 | AC6: 34 | AD6: 59 | AE6: 98 | AF6: 116 | AG6: 77 | AH6: 90 | AI6: * | AJ6: 98 | AK6: 59
A7: March | H7: 18 | I7: 48 | J7: 50 | K7: 25 | L7: 51 | P7: 29 | Q7: 30 | R7: 19 | S7: 29 | T7: 82 | U7: 45 | V7: 38 | W7: 49 | X7: 46 | Y7: * | Z7: 112 | AA7: * | AB7: 113 | AC7: 50 | AD7: 59 | AE7: 97 | AF7: 166 | AG7: 137 | AH7: 73 | AI7: 22 | AJ7: 97 | AK7: 127
A8: April | I8: 47 | J8: 67 | K8: 79 | L8: 69 | P8: 58 | Q8: 2 | R8: 67 | S8: 80 | T8: 72 | U8: 75 | V8: 78 | W8: 58 | X8: 114 | Y8: 63 | Z8: 98 | AA8: 86 | AB8: 108 | AC8: 107 | AD8: 94 | AE8: 145 | AF8: 106 | AG8: 163 | AH8: 175 | AI8: 182 | AJ8: 140 | AK8: 130
A9: May | I9: 107 | J9: 186 | K9: 256 | L9: 152 | P9: 186 | Q9: 43 | R9: 173 | S9: 122 | T9: 215 | U9: 139 | V9: 166 | W9: 144 | X9: 191 | Y9: 176 | Z9: 158 | AA9: 201 | AB9: 133 | AC9: 140 | AD9: 210 | AE9: 357 | AF9: 215 | AG9: 279 | AH9: 294 | AI9: 284 | AJ9: 285 | AK9: 242
A10: June | H10: 104 | I10: 108 | J10: 144 | K10: 99 | L10: 107 | P10: 146 | Q10: 133 | R10: 132 | S10: 112 | T10: 146 | U10: 213 | V10: 112 | W10: 136 | X10: 208 | Y10: 224 | Z10: 184 | AA10: 185 | AB10: 134 | AC10: 166 | AD10: 245 | AE10: 362 | AF10: 313 | AG10: 320 | AH10: 158 | AI10: 229 | AJ10: 194 | AK10: 303
A11: July | H11: 40 | I11: 264 | J11: 230 | K11: 73 | L11: 101 | P11: 173 | Q11: 257 | R11: 146 | S11: 221 | T11: 237 | U11: 305 | V11: 318 | W11: 21 | X11: 256 | Y11: 226 | Z11: 282 | AA11: 261 | AB11: 188 | AC11: 255 | AD11: 175 | AE11: 431 | AF11: 384 | AG11: 372 | AH11: 123 | AI11: 281 | AJ11: 74 | AK11: 302
A12: August | I12: 283 | J12: 251 | K12: 86 | L12: 282 | P12: 223 | Q12: 264 | R12: 295 | S12: 310 | T12: 266 | U12: 260 | V12: 253 | W12: 239 | X12: 369 | Y12: 348 | Z12: 310 | AA12: 343 | AB12: 224 | AC12: 312 | AD12: 49 | AE12: 330 | AF12: 569 | AG12: 333 | AH12: 288 | AI12: 335 | AJ12: 81 | AK12: 40
A13: September | I13: 163 | J13: 184 | K13: 189 | L13: 168 | P13: 155 | Q13: 216 | R13: 116 | S13: 217 | T13: 114 | U13: 21 | V13: 217 | W13: 171 | X13: 88 | Y13: 231 | Z13: 167 | AA13: 199 | AB13: 130 | AC13: 232 | AD13: 115 | AE13: 502 | AF13: 370 | AG13: 252 | AH13: 215 | AI13: 280 | AJ13: *
A14: October | I14: 138 | J14: 190 | K14: 185 | L14: 189 | P14: 202 | Q14: 117 | R14: 162 | S14: 186 | T14: 188 | U14: 54 | V14: 192 | W14: 288 | X14: * | Y14: 219 | Z14: 208 | AA14: 260 | AB14: 158 | AC14: 334 | AD14: 205 | AE14: 525 | AF14: 459 | AG14: 332 | AH14: 186 | AI14: 272 | AJ14: *
A15: November | I15: 66 | J15: 155 | K15: 107 | L15: 78 | P15: 76 | Q15: 78 | R15: 113 | S15: 67 | T15: 83 | U15: 110 | V15: 83 | W15: 140 | X15: * | Y15: 131 | Z15: 99 | AA15: 140 | AB15: 130 | AC15: 135 | AD15: 112 | AE15: 311 | AF15: 260 | AG15: 178 | AH15: 200 | AI15: 209 | AJ15: *
A16: December | I16: 38 | J16: 36 | K16: 60 | P16: 36 | Q16: 41 | R16: 39 | S16: 55 | T16: 27 | U16: 29 | V16: 40 | W16: 72 | X16: * | Y16: 120 | Z16: 60 | AA16: 90 | AB16: 47 | AC16: 48 | AD16: 113 | AE16: 92 | AF16: 123 | AG16: 117 | AH16: * | AI16: 87 | AJ16: * | AM16: *Registers missing
A18: Yearly Totals | B18: 1175 | C18: 1645 | D18: 1115 | E18: 1146 | F18: 1802 | G18: 886 | H18: =SUM(H5:H16) -> 214 | I18: =SUM(I5:I17) -> 1340 | J18: =SUM(J5:J17) -> 1642 | K18: =SUM(K5:K17) -> 1215 | L18: =SUM(L5:L17) -> 1344 | M18: 1036 | N18: 1098 | O18: 1091 | P18: =SUM(P5:P17) -> 1372 | Q18: =SUM(Q5:Q16) -> 1263 | R18: =SUM(R5:R16) -> 1341 | S18: =SUM(S5:S16) -> 1485 | T18: =SUM(T5:T16) -> 1491 | U18: =SUM(U5:U16) -> 1369 | V18: =SUM(V5:V16) -> 1605 | W18: =SUM(W5:W16) -> 1376 | X18: =SUM(X5:X16) -> 1439 | ... AK18: =SUM(AK5:AK16) -> 1229
K19: 1382

Sheet Beech Hill Rd
A1: Delaware Wild Forest
A2: Beech Hill Rd | V2: R53
B3: 1991 | C3: 1992 | D3: 1993 | E3: 1994 | F3: 1995 | G3: 1996 | H3: 1997 | I3: 1998 | J3: 1999 | K3: 2000 | L3: 2001 | M3: 2002 | N3: 2003 | O3: 2004 | P3: 2005 | Q3: 2006 | R3: 2007 | S3: 2008 | T3: 2009 | U3: 2010 | V3: 2011 | W3: 2012 | X3: 2013 | Y3: 2014 | Z3: 2015 | AA3: 2016 | AB3: 2017 | AC3: 2018 | AD3: 2019 | AE3: 2020 | AF3: 2021 | AG3: 2022 | AH3: 2023 | AI3: 2024 | AJ3: 2025 | AK3: 2026
A5: January | H5: 1 | I5: 3 | J5: 4 | K5: 2 | O5: 5 | P5: 15 | Q5: 12 | R5: 9 | S5: 1 | T5: 2 | U5: 3 | V5: 8 | W5: 1 | X5: * | Y5: 0 | Z5: 6 | AA5: 5 | AB5: 7 | AC5: 1 | AD5: 2 | AE5: 6 | AF5: 3 | AG5: 10 | AH5: 5 | AI5: 8 | AJ5: 5 | AK5: 3 | AL5: =AVERAGE(Q5:AA5) -> 4.7 | AM5: =AVERAGE(R5:AA5) -> 3.8888889
A6: February | I6: 1 | J6: 0 | K6: 0 | O6: 1 | P6: 1 | Q6: 4 | R6: 1 | S6: 3 | T6: 1 | U6: 0 | V6: 0 | W6: 21 | X6: * | Y6: 0 | Z6: 0 | AA6: 2 | AB6: 4 | AC6: 1 | AD6: 1 | AE6: 1 | AF6: 1 | AG6: 7 | AH6: 10 | AI6: * | AL6: =AVERAGE(Q6:AA6) -> 3.2 | AM6: =AVERAGE(R6:AA6) -> 3.1111111
A7: March | H7: 1 | I7: 3 | J7: 0 | K7: 3 | O7: 5 | Q7: 14 | R7: 2 | S7: 11 | T7: 4 | U7: 3 | V7: 1 | W7: 4 | X7: * | Y7: 0 | Z7: 3 | AA7: 12 | AB7: 3 | AC7: * | AD7: 3 | AE7: 5 | AF7: 6 | AG7: 13 | AH7: * | AI7: 4 | AJ7: 6 | AL7: =AVERAGE(Q7:AA7) -> 5.4 | AM7: =AVERAGE(R7:AA7) -> 4.4444444
A8: April | H8: 20 | I8: 1 | J8: 3 | K8: 9 | O8: 8 | P8: 8 | Q8: 2 | R8: 0 | S8: 2 | T8: 8 | U8: 13 | V8: 0 | W8: 9 | X8: * | Y8: 3 | Z8: 4 | AA8: 23 | AB8: 10 | AC8: * | AD8: 12 | AE8: 12 | AF8: 5 | AG8: 22 | AH8: 21 | AI8: 11 | AJ8: 2 | AL8: =AVERAGE(Q8:AA8) -> 6.4 | AM8: =AVERAGE(R8:AA8) -> 6.8888889
A9: May | H9: 10 | I9: 30 | J9: 27 | K9: 41 | O9: 28 | P9: 40 | Q9: 20 | R9: 11 | S9: 22 | T9: 23 | U9: 27 | V9: 22 | W9: 12 | X9: 3 | Y9: 16 | Z9: 40 | AA9: 14 | AB9: 20 | AC9: 22 | AD9: 33 | AE9: 26 | AF9: 13 | AG9: 3 | AH9: 17 | AI9: 12 | AJ9: 4 | AL9: =AVERAGE(Q9:AA9) -> 19.090909 | AM9: =AVERAGE(R9:AA9) -> 19
A10: June | H10: 15 | I10: 7 | J10: 5 | K10: 8 | O10: 12 | P10: 31 | Q10: 12 | R10: 12 | S10: 24 | T10: 27 | U10: 10 | V10: 14 | W10: 20 | X10: 8 | Y10: 17 | Z10: 23 | AA10: 9 | AB10: 8 | AC10: 14 | AD10: 46 | AE10: 20 | AF10: 24 | AG10: 10 | AH10: 12 | AI10: 12 | AJ10: 12 | AL10: =AVERAGE(Q10:AA10) -> 16 | AM10: =AVERAGE(R10:AA10) -> 16.4
A11: July | H11: 27 | I11: 15 | J11: 19 | K11: 20 | O11: 32 | P11: 32 | Q11: 16 | R11: 27 | S11: 14 | T11: 76 | U11: 15 | V11: 85 | W11: 40 | X11: 26 | Y11: 14 | Z11: 14 | AA11: 21 | AB11: 25 | AC11: 13 | AD11: 23 | AE11: 40 | AF11: 31 | AG11: 32 | AH11: 13 | AI11: 19 | AJ11: 31 | AL11: =AVERAGE(Q11:AA11) -> 31.636364 | AM11: =AVERAGE(R11:AA11) -> 33.2
A12: August | H12: 26 | I12: 60 | J12: 17 | K12: 61 | O12: 9 | P12: 23 | Q12: 28 | R12: 31 | S12: 67 | T12: 30 | U12: 12 | V12: 39 | W12: 22 | X12: 29 | Y12: 29 | Z12: 23 | AA12: 16 | AB12: 44 | AC12: 50 | AD12: 52 | AE12: 63 | AF12: 20 | AG12: 20 | AH12: 17 | AI12: 22 | AJ12: 31 | AL12: =AVERAGE(Q12:AA12) -> 29.636364 | AM12: =AVERAGE(R12:AA12) -> 29.8
A13: September | H13: 18 | I13: 21 | J13: 20 | K13: 26 | O13: 20 | P13: 34 | Q13: 18 | R13: 5 | S13: 27 | T13: 8 | U13: 16 | V13: 17 | W13: 30 | X13: 23 | Y13: 19 | Z13: 18 | AA13: 21 | AB13: 19 | AC13: 5 | AD13: 37 | AE13: 52 | AF13: 33 | AG13: 31 | AH13: 24 | AI13: 16 | AJ13: 20 | AL13: =AVERAGE(Q13:AA13) -> 18.363636 | AM13: =AVERAGE(R13:AA13) -> 18.4
A14: October | H14: 15 | I14: 25 | J14: 25 | K14: 22 | O14: 31 | P14: 15 | Q14: 22 | R14: 48 | S14: 30 | T14: 3 | U14: 19 | V14: 13 | W14: * | X14: 26 | Y14: 13 | Z14: 37 | AA14: 21 | AB14: 17 | AC14: 25 | AD14: 20 | AE14: 46 | AF14: 36 | AG14: 31 | AH14: 20 | AI14: 7 | AJ14: 29 | AL14: =AVERAGE(Q14:AA14) -> 23.2 | AM14: =AVERAGE(R14:AA14) -> 23.333333
A15: November | H15: 4 | I15: 7 | J15: 16 | K15: 32 | O15: 9 | P15: 9 | Q15: 4 | R15: 9 | S15: 13 | T15: 9 | U15: 15 | V15: 8 | W15: * | X15: 2 | Y15: 6 | Z15: 7 | AA15: 26 | AB15: 11 | AC15: 2 | AD15: 9 | AE15: 8 | AF15: 17 | AG15: 12 | AH15: 2 | AI15: 7 | AJ15: 9 | AL15: =AVERAGE(Q15:AA15) -> 9.9 | AM15: =AVERAGE(R15:AA15) -> 10.555556
A16: December | H16: 0 | I16: 6 | J16: 12 | K16: 2 | O16: 7 | P16: 12 | Q16: 2 | R16: 6 | S16: 1 | T16: 4 | U16: 7 | V16: 4 | W16: * | X16: 2 | Y16: 1 | Z16: 21 | AA16: 10 | AB16: * | AC16: 16 | AD16: * | AE16: 16 | AF16: 21 | AG16: 14 | AH16: 5 | AI16: 3 | AJ16: 4 | AL16: =AVERAGE(Q16:AA16) -> 5.8 | AM16: =AVERAGE(R16:AA16) -> 6.2222222 | AO16: *Registers missing
A18: Yearly Totals | B18: =SUM(B5:B16) -> 0 | C18: =SUM(C5:C16) -> 0 | D18: =SUM(D5:D16) -> 0 | E18: =SUM(E5:E16) -> 0 | F18: =SUM(F5:F16) -> 0 | G18: =SUM(G5:G16) -> 0 | H18: =SUM(H5:H17) -> 137 | I18: =SUM(I5:I17) -> 179 | J18: =SUM(J5:J17) -> 148 | K18: =SUM(K5:K17) -> 226 | L18: 186 | M18: 141 | N18: 158 | O18: =SUM(O5:O17) -> 167 | P18: =SUM(P5:P17) -> 220 | Q18: =SUM(Q5:Q17) -> 154 | R18: =SUM(R5:R17) -> 161 | S18: =SUM(S5:S16) -> 215 | T18: =SUM(T5:T16) -> 195 | U18: =SUM(U5:U16) -> 140 | V18: =SUM(V5:V16) -> 211 | W18: =SUM(W5:W16) -> 159 | X18: =SUM(X5:X16) -> 119 | Y18: =SUM(Y5:Y16) -> 118 | Z18: =SUM(Z5:Z16) -> 196 | ... AB18: =SUM(AB5:AB16) -> 168 | AC18: =SUM(AC5:AC17) -> 149 | AD18: =SUM(AD5:AD17) -> 238 | AE18: =SUM(AE5:AE17) -> 295 | AF18: =SUM(AF5:AF17) -> 210 | AG18: =SUM(AG5:AG17) -> 205 | AH18: =SUM(AH5:AH17) -> 146 | AI18: =SUM(AI5:AI17) -> 121 | AJ18: =SUM(AJ5:AJ17) -> 153 | AK18: =SUM(AK5:AK17) -> 3
H19: 180

Sheet Big Pond East
A1: Delaware Wild Forest
A2: Big Pond East | V2: R49
B3: 1991 | C3: 1992 | D3: 1993 | E3: 1994 | F3: 1995 | G3: 1996 | H3: 1997 | I3: 1998 | J3: 1999 | K3: 2000 | L3: 2001 | M3: 2002 | N3: 2003 | O3: 2004 | P3: 2005 | Q3: 2006 | R3: 2007 | S3: 2008 | T3: 2009 | U3: 2010 | V3: 2011 | W3: 2012 | X3: 2013 | Y3: 2014 | Z3: 2015 | AA3: 2016 | AB3: 2017 | AC3: 2018 | AD3: 2019 | AE3: 2020 | AF3: 2021 | AG3: 2022 | AH3: 2023 | AI3: 2024 | AJ3: 2025 | AK3: 2026
A5: January | I5: 4 | J5: 1 | O5: 1 | P5: 3 | Q5: 2 | R5: 9 | S5: 7 | T5: 0 | U5: 0 | V5: 3 | W5: 1 | X5: * | Y5: 0 | Z5: 6 | AA5: 5 | AB5: 4 | AC5: 6 | AD5: * | AE5: 6 | AF5: 15 | AG5: 0 | AH5: 3 | AI5: 5 | AJ5: 3 | AK5: 6
A6: February | I6: 7 | J6: 6 | K6: 0 | O6: 1 | P6: 1 | Q6: 6 | R6: 0 | S6: 2 | T6: 0 | U6: 13 | V6: 0 | W6: 5 | X6: * | Y6: 1 | Z6: 1 | AA6: 6 | AB6: 5 | AC6: 0 | AD6: 3 | AE6: 3 | AF6: 0 | AG6: 7 | AH6: 3 | AI6: 7 | AJ6: 0
A7: March | I7: 4 | J7: 3 | K7: 5 | O7: 7 | Q7: 4 | R7: 3 | S7: 6 | T7: 0 | U7: 5 | V7: 5 | W7: 16 | X7: * | Y7: 23 | Z7: 2 | AA7: 18 | AB7: 1 | AC7: 4 | AD7: 1 | AE7: 5 | AF7: 14 | AG7: 7 | AH7: 12 | AI7: 12 | AJ7: 12
A8: April | H8: 9 | I8: 5 | J8: 10 | K8: 10 | O8: 23 | P8: 19 | Q8: 18 | R8: 11 | S8: 27 | T8: 0 | U8: 19 | V8: 33 | W8: 42 | X8: * | Y8: 22 | Z8: 9 | AA8: 20 | AB8: 13 | AC8: 12 | AD8: 25 | AE8: 10 | AF8: 26 | AG8: 17 | AH8: 42 | AI8: 8 | AJ8: 16
A9: May | H9: 20 | I9: 17 | J9: 35 | K9: 66 | O9: 38 | P9: 32 | Q9: 22 | R9: 44 | S9: 73 | T9: 17 | U9: 59 | V9: 44 | W9: 70 | X9: 48 | Y9: 58 | Z9: 69 | AA9: 81 | AB9: 33 | AC9: 24 | AD9: 48 | AE9: 60 | AF9: 40 | AG9: 60 | AH9: 37 | AI9: 78 | AJ9: 33
A10: June | H10: 17 | I10: 17 | J10: 0 | K10: 22 | O10: 40 | P10: 22 | Q10: 28 | R10: 21 | S10: 65 | T10: 60 | U10: 29 | V10: 42 | W10: 74 | X10: 67 | Y10: 88 | Z10: 44 | AA10: 76 | AB10: 72 | AC10: 73 | AD10: 64 | AE10: 120 | AF10: 72 | AG10: 65 | AH10: 42 | AI10: 40 | AJ10: 73
A11: July | H11: 26 | I11: 44 | J11: 13 | K11: 37 | O11: 52 | P11: 52 | Q11: 42 | R11: 74 | S11: 94 | T11: 95 | U11: 60 | V11: 145 | W11: 79 | X11: 88 | Y11: 87 | Z11: 117 | AA11: 118 | AB11: 140 | AC11: 67 | AD11: 48 | AE11: 165 | AF11: 86 | AG11: 110 | AH11: 19 | AI11: 66 | AJ11: 44
A12: August | H12: 13 | K12: 35 | O12: 40 | P12: 44 | Q12: 70 | R12: 70 | S12: 65 | T12: 94 | U12: 72 | V12: 137 | W12: 56 | X12: 161 | Y12: 177 | Z12: 88 | AA12: 107 | AB12: 132 | AC12: 102 | AD12: 114 | AE12: 148 | AF12: 67 | AG12: 70 | AH12: 43 | AI12: 37 | AJ12: 92
A13: September | H13: 12 | I13: 42 | K13: 16 | O13: 41 | P13: 44 | Q13: 31 | R13: 28 | S13: 27 | T13: 31 | U13: 52 | V13: 54 | W13: 29 | X13: 51 | Y13: 45 | Z13: 92 | AA13: 56 | AB13: 52 | AC13: 28 | AD13: 41 | AE13: 106 | AF13: 41 | AG13: 42 | AH13: 31 | AI13: 19 | AJ13: 59
A14: October | H14: 11 | I14: 54 | J14: 13 | K14: 36 | O14: 21 | P14: 101 | Q14: 25 | R14: 71 | S14: 34 | T14: 44 | U14: 52 | V14: 37 | W14: * | X14: 44 | Y14: 51 | Z14: 34 | AA14: 43 | AB14: 50 | AC14: 13 | AD14: 31 | AE14: 75 | AF14: 46 | AG14: 41 | AH14: 30 | AI14: 31 | AJ14: 36 | AL14: *Sheets from October 2009 possibly missing
A15: November | H15: 5 | I15: 21 | J15: 8 | K15: 39 | O15: 6 | P15: 50 | Q15: 28 | R15: 21 | S15: 5 | T15: 17 | U15: 33 | V15: 36 | W15: * | X15: 19 | Y15: 5 | Z15: 21 | AA15: 37 | AB15: 12 | AC15: 8 | AD15: 14 | AE15: 28 | AF15: 12 | AG15: 6 | AH15: 22 | AI15: 23 | AJ15: 4
A16: December | H16: 7 | I16: 8 | J16: 3 | K16: 6 | O16: 3 | P16: 13 | Q16: 14 | R16: 2 | S16: 0 | T16: 3 | U16: 9 | V16: 15 | W16: * | X16: 2 | Y16: 0 | Z16: 6 | AA16: 6 | AB16: 3 | AC16: 17 | AD16: 2 | AE16: 6 | AF16: 10 | AG16: 6 | AH16: * | AI16: 1 | AJ16: 2 | AL16: *Registers missing
A18: Yearly Totals | B18: =SUM(B5:B16) -> 0 | C18: =SUM(C5:C16) -> 0 | D18: =SUM(D5:D16) -> 0 | E18: =SUM(E5:E16) -> 0 | F18: =SUM(F5:F16) -> 0 | G18: =SUM(G5:G16) -> 0 | H18: =SUM(H5:H17) -> 120 | I18: =SUM(I5:I17) -> 223 | J18: =SUM(J5:J17) -> 92 | K18: =SUM(K5:K17) -> 272 | L18: 285 | M18: 297 | N18: 302 | O18: =SUM(O5:O17) -> 273 | P18: =SUM(P5:P17) -> 381 | Q18: =SUM(Q5:Q17) -> 290 | R18: =SUM(R5:R17) -> 354 | S18: =SUM(S5:S16) -> 405 | T18: =SUM(T5:T16) -> 361 | U18: =SUM(U5:U16) -> 403 | V18: =SUM(V5:V16) -> 551 | W18: =SUM(W5:W16) -> 372 | X18: =SUM(X5:X16) -> 480 | Y18: =SUM(Y5:Y16) -> 557 | Z18: =SUM(Z5:Z16) -> 489 | AA18: =SUM(AA5:AA16) -> 573 | AB18: =SUM(AB5:AB17) -> 517 | AC18: =SUM(AC5:AC17) -> 354 | AD18: =SUM(AD5:AD17) -> 391 | AE18: =SUM(AE5:AE17) -> 732 | AF18: =SUM(AF5:AF17) -> 429 | AG18: =SUM(AG5:AG17) -> 431 | AH18: =SUM(AH5:AH17) -> 284 | AI18: =SUM(AI5:AI17) -> 327 | ... AK18: =SUM(AK5:AK17) -> 6
F19: 8 | H19: 144 | I19: 256 | J19: 231

Sheet Big Pond West
A1: Delaware Wild Forest
A2: Big Pond West | V2: R41
B3: 1991 | C3: 1992 | D3: 1993 | E3: 1994 | F3: 1995 | G3: 1996 | H3: 1997 | I3: 1998 | J3: 1999 | K3: 2000 | L3: 2001 | M3: 2002 | N3: 2003 | O3: 2004 | P3: 2005 | Q3: 2006 | R3: 2007 | S3: 2008 | T3: 2009 | U3: 2010 | V3: 2011 | W3: 2012 | X3: 2013 | Y3: 2014 | Z3: 2015 | AA3: 2016 | AB3: 2017 | AC3: 2018 | AD3: 2019 | AE3: 2020 | AF3: 2021 | AG3: 2022 | AH3: 2023 | AI3: 2024 | AJ3: 2025 | AK3: 2026
A5: January | H5: 7 | I5: 6 | J5: 2 | K5: * | O5: 3 | P5: 1 | Q5: 1 | R5: 0 | S5: 1 | T5: 3 | U5: 6 | V5: 14 | W5: 1 | X5: * | Y5: 1 | Z5: 2 | AA5: * | AB5: 10 | AC5: 0 | AD5: 0 | AE5: 6 | AF5: 4 | AG5: 1 | AH5: 3 | AI5: 8 | AJ5: 3 | AK5: 2
A6: February | H6: 1 | I6: 4 | J6: 7 | K6: * | O6: 4 | P6: 1 | Q6: 6 | R6: 0 | S6: 3 | T6: 0 | U6: 0 | V6: 2 | W6: 5 | X6: * | Y6: 0 | Z6: 2 | AA6: * | AB6: 1 | AC6: 5 | AD6: 2 | AE6: 10 | AF6: 2 | AG6: 3 | AH6: 9 | AI6: 2 | AJ6: 4
A7: March | H7: 4 | I7: 8 | J7: 0 | K7: 5 | O7: 4 | Q7: 17 | R7: 1 | S7: 3 | T7: 1 | U7: 5 | V7: 4 | W7: 5 | X7: * | Y7: 10 | Z7: 0 | AA7: * | AB7: 1 | AC7: 3 | AD7: 4 | AE7: 23 | AF7: 22 | AG7: 5 | AH7: 6 | AI7: 25 | AJ7: 8
A8: April | H8: 21 | I8: 3 | J8: 2 | K8: 3 | O8: 7 | P8: 1 | Q8: 8 | R8: 7 | S8: 8 | T8: 4 | U8: 20 | V8: 8 | W8: 32 | X8: * | Y8: 32 | Z8: 7 | AA8: 34 | AB8: 16 | AC8: 5 | AD8: 16 | AE8: 29 | AF8: 18 | AG8: 14 | AH8: 29 | AI8: 15 | AJ8: 15
A9: May | H9: 25 | I9: 22 | J9: 51 | K9: 41 | O9: 15 | P9: 16 | Q9: 23 | R9: 0 | S9: 35 | T9: 24 | U9: 18 | V9: 22 | W9: 24 | X9: 31 | Y9: 17 | Z9: 19 | AA9: 23 | AB9: 22 | AC9: 25 | AD9: 15 | AE9: 26 | AF9: 51 | AG9: 24 | AH9: 12 | AI9: 38 | AJ9: 25
A10: June | H10: 24 | I10: 3 | J10: 12 | K10: 14 | O10: 11 | P10: 26 | Q10: 19 | R10: 20 | S10: 22 | T10: 27 | U10: 11 | V10: 24 | W10: 36 | X10: 25 | Y10: 31 | Z10: 20 | AA10: 20 | AB10: 23 | AC10: 12 | AD10: 41 | AE10: 57 | AF10: 42 | AG10: 46 | AH10: 33 | AI10: 13 | AJ10: 36
A11: July | H11: 58 | I11: 20 | J11: 17 | K11: 108 | O11: 24 | P11: 41 | Q11: 24 | R11: 34 | S11: 35 | T11: 70 | U11: 48 | V11: 84 | W11: 44 | X11: 14 | Y11: 17 | Z11: 23 | AA11: 41 | AB11: 34 | AC11: 48 | AD11: 32 | AE11: 53 | AF11: 57 | AG11: 46 | AH11: 22 | AI11: 20 | AJ11: 49
A12: August | H12: 38 | I12: 65 | J12: 34 | K12: 29 | O12: 63 | P12: 33 | Q12: 64 | R12: 34 | S12: 64 | T12: 38 | U12: 44 | V12: 57 | W12: 41 | X12: 92 | Y12: 74 | Z12: 42 | AA12: 20 | AB12: 87 | AC12: 50 | AD12: 72 | AE12: 68 | AF12: 71 | AG12: 33 | AH12: 36 | AI12: 45 | AJ12: 59
A13: September | H13: 8 | I13: 25 | J13: 34 | K13: 21 | O13: 17 | P13: 29 | Q13: 18 | R13: 33 | S13: 0 | T13: 16 | U13: 58 | V13: 20 | W13: * | X13: 21 | Y13: 40 | Z13: 42 | AA13: 22 | AB13: 27 | AC13: 34 | AD13: 36 | AE13: 79 | AF13: 31 | AG13: 33 | AH13: 14 | AI13: 16 | AJ13: 34
A14: October | H14: 19 | I14: 28 | J14: 37 | K14: 27 | O14: 25 | P14: 45 | Q14: 20 | R14: 54 | S14: 6 | T14: 64 | U14: 22 | V14: 21 | W14: * | X14: 36 | Y14: 39 | Z14: 43 | AA14: 24 | AB14: 30 | AC14: 9 | AD14: 37 | AE14: 54 | AF14: 55 | AG14: 14 | AH14: 16 | AI14: 17 | AJ14: 18
A15: November | H15: 8 | I15: 2 | J15: 16 | K15: 9 | O15: 7 | P15: 5 | Q15: 28 | R15: 7 | S15: 4 | T15: 24 | U15: 14 | V15: 11 | W15: * | X15: 8 | Y15: 12 | Z15: 8 | AA15: 4 | AB15: 16 | AC15: 1 | AD15: 12 | AE15: 20 | AF15: 6 | AG15: 9 | AH15: 13 | AI15: 10 | AJ15: 10
A16: December | H16: 0 | I16: 4 | J16: 1 | K16: 1 | O16: 1 | P16: 4 | Q16: 1 | R16: 5 | S16: 0 | T16: 3 | U16: 1 | V16: 20 | W16: * | X16: 0 | Y16: 8 | Z16: 5 | AA16: 11 | AB16: 1 | AC16: 7 | AD16: 12 | AE16: 6 | AF16: 12 | AG16: 3 | AH16: 1 | AI16: 1 | AJ16: 4 | AM16: *Registers missing
A18: Yearly Totals | B18: =SUM(B5:B16) -> 0 | C18: =SUM(C5:C16) -> 0 | D18: =SUM(D5:D16) -> 0 | E18: =SUM(E5:E16) -> 0 | F18: =SUM(F5:F16) -> 0 | G18: =SUM(G5:G16) -> 0 | H18: =SUM(H5:H16) -> 213 | I18: =SUM(I5:I17) -> 190 | J18: =SUM(J5:J17) -> 213 | K18: =SUM(K7:K17) -> 258 | L18: 214 | M18: 219 | N18: 185 | O18: =SUM(O5:O17) -> 181 | P18: =SUM(P5:P17) -> 202 | Q18: =SUM(Q5:Q17) -> 229 | R18: =SUM(R5:R17) -> 195 | S18: =SUM(S5:S16) -> 181 | T18: =SUM(T5:T16) -> 274 | U18: =SUM(U5:U16) -> 247 | V18: =SUM(V5:V16) -> 287 | W18: =SUM(W5:W16) -> 188 | X18: =SUM(X5:X16) -> 227 | Y18: =SUM(Y5:Y16) -> 281 | Z18: =SUM(Z5:Z16) -> 213 | AA18: =SUM(AA5:AA16) -> 199 | AB18: =SUM(AB5:AB17) -> 268 | AC18: =SUM(AC5:AC17) -> 199 | AD18: =SUM(AD5:AD17) -> 279 | AE18: =SUM(AE5:AE17) -> 431 | AF18: =SUM(AF5:AF17) -> 371 | AG18: =SUM(AG5:AG17) -> 231 | AH18: =SUM(AH5:AH17) -> 194 | AI18: =SUM(AI5:AI17) -> 210 | ... AK18: =SUM(AK5:AK17) -> 2
F19: 452 | H19: 227

Sheet Bouchoux Trail
A1: Detached Forest Parcel Wild Forest
A2: Bouchoux Trail | Y2: R59
B3: 1991 | C3: 1992 | D3: 1993 | E3: 1994 | F3: 1995 | G3: 1996 | H3: 1997 | I3: 1998 | J3: 1999 | K3: 2000 | L3: 2001 | M3: 2002 | N3: 2003 | O3: 2004 | P3: 2005 | Q3: 2006 | R3: 2007 | S3: 2008 | T3: 2009 | U3: 2010 | V3: 2011 | W3: 2012 | X3: 2013 | Y3: 2014 | Z3: 2015 | AA3: 2016 | AB3: 2017 | AC3: 2018 | AD3: 2019 | AE3: 2020 | AF3: 2021 | AG3: 2022 | AH3: 2023 | AI3: 2024 | AJ3: 2025
A5: January | K5: 11 | O5: 14 | P5: 33 | Q5: 30 | R5: 40 | S5: 9 | T5: 9 | U5: 12 | V5: 14 | W5: 48 | X5: * | Y5: 6 | Z5: 42 | AA5: 63 | AB5: 32 | AC5: 22 | AD5: 30 | AE5: 51 | AF5: 32 | AG5: 19 | AH5: 45 | AI5: 21 | AJ5: 3
A6: February | K6: 2 | O6: 22 | P6: 14 | Q6: 11 | R6: 2 | S6: 10 | T6: 1 | U6: 13 | V6: 20 | W6: 17 | X6: * | Y6: 2 | Z6: 8 | AA6: 64 | AB6: 28 | AC6: 51 | AD6: 18 | AE6: 11 | AF6: 12 | AG6: 47 | AH6: 40 | AI6: 33 | AJ6: 11
A7: March | K7: 35 | O7: 44 | P7: 21 | Q7: 15 | R7: 24 | S7: 3 | T7: 37 | U7: 23 | V7: 33 | W7: 63 | X7: * | Y7: 29 | Z7: 9 | AA7: 84 | AB7: 11 | AC7: 47 | AD7: 45 | AE7: 111 | AF7: 84 | AG7: 62 | AH7: 30 | AI7: 69 | AJ7: 88
A8: April | K8: 58 | O8: 56 | P8: 54 | Q8: 90 | R8: 29 | S8: 58 | T8: 35 | U8: 68 | V8: 34 | W8: 36 | X8: * | Y8: 76 | Z8: 65 | AA8: 109 | AB8: 151 | AC8: 97 | AD8: 75 | AE8: 170 | AF8: 144 | AG8: 101 | AH8: 132 | AI8: 55 | AJ8: 62
A9: May | K9: 90 | O9: 104 | P9: 59 | Q9: 97 | R9: 99 | S9: 74 | T9: 63 | U9: 124 | V9: 281 | W9: 300 | X9: 80 | Y9: 135 | Z9: 163 | AA9: 182 | AB9: 64 | AC9: 111 | AD9: 180 | AE9: 273 | AF9: 153 | AG9: 154 | AH9: 69 | AI9: 115 | AJ9: 132
A10: June | K10: 46 | O10: 89 | P10: 122 | Q10: 47 | R10: 39 | S10: 101 | T10: 67 | U10: 111 | V10: 24 | W10: 401 | X10: 290 | Y10: 189 | Z10: 111 | AA10: 202 | AB10: 328 | AC10: 313 | AD10: 308 | AE10: 231 | AF10: 147 | AG10: 133 | AH10: 100 | AI10: 224 | AJ10: 133
A11: July | K11: 127 | O11: 184 | P11: 376 | Q11: 309 | R11: 259 | S11: 258 | T11: 639 | U11: 420 | V11: 219 | W11: 327 | X11: 146 | Y11: 391 | Z11: 491 | AA11: 381 | AB11: 566 | AC11: 399 | AD11: 635 | AE11: 368 | AF11: 375 | AG11: 351 | AH11: 257 | AI11: 271 | AJ11: 291
A12: August | K12: 191 | O12: 128 | P12: 271 | Q12: 128 | R12: 128 | S12: 215 | T12: 175 | U12: 152 | V12: 304 | W12: 255 | X12: 177 | Y12: 313 | Z12: 289 | AA12: 268 | AB12: 311 | AC12: 292 | AD12: 295 | AE12: 363 | AF12: 265 | AG12: 174 | AH12: 216 | AI12: 153 | AJ12: 316
A13: September | K13: 60 | O13: 149 | P13: 80 | Q13: 79 | R13: 72 | S13: 27 | T13: 99 | U13: 113 | V13: 86 | W13: 96 | X13: 147 | Y13: 99 | Z13: 209 | AA13: 265 | AB13: 383 | AC13: 197 | AD13: 210 | AE13: 294 | AF13: 209 | AG13: 80 | AH13: 164 | AI13: 122 | AJ13: 95
A14: October | K14: 101 | O14: 112 | Q14: 136 | R14: 93 | S14: 61 | T14: 87 | U14: 115 | V14: 12 | W14: 61 | X14: 177 | Y14: 107 | Z14: 152 | AA14: 116 | AB14: 307 | AC14: 158 | AD14: 200 | AE14: 345 | AF14: 268 | AG14: 213 | AH14: 189 | AI14: 257 | AJ14: 125
A15: November | K15: 36 | O15: 36 | P15: 14 | Q15: 18 | R15: 47 | S15: 30 | T15: 43 | U15: 75 | V15: 72 | W15: * | X15: 45 | Y15: 45 | Z15: 101 | AA15: 128 | AB15: 135 | AC15: 55 | AD15: 117 | AE15: 50 | AF15: 58 | AG15: 34 | AH15: 94 | AI15: 106 | AJ15: 38
A16: December | K16: 32 | O16: 2 | P16: 3 | Q16: 37 | S16: 6 | T16: 14 | V16: 42 | W16: * | X16: 27 | Y16: 40 | Z16: 61 | AA16: 9 | AB16: 40 | AC16: 19 | AD16: 32 | AE16: 57 | AF16: 60 | AG16: * | AH16: 50 | AI16: 12 | AJ16: 12 | AK16: *Registers missing
A18: Yearly Totals | B18: =SUM(B5:B16) -> 0 | C18: =SUM(C5:C16) -> 0 | D18: =SUM(D5:D16) -> 0 | E18: =SUM(E5:E16) -> 0 | F18: =SUM(F5:F16) -> 0 | G18: =SUM(G5:G16) -> 0 | H18: =SUM(H5:H16) -> 0 | I18: =SUM(I5:I16) -> 0 | J18: 666 | K18: =SUM(K5:K17) -> 789 | L18: 814 | M18: 854 | N18: 597 | O18: =SUM(O5:O17) -> 940 | P18: =SUM(P5:P16) -> 1047 | Q18: =SUM(Q5:Q16) -> 997 | R18: =SUM(R5:R16) -> 832 | S18: =SUM(S5:S16) -> 852 | T18: =SUM(T5:T16) -> 1269 | U18: =SUM(U5:U16) -> 1226 | V18: =SUM(V5:V16) -> 1141 | W18: =SUM(W5:W16) -> 1604 | ... AA18: =SUM(AA5:AA16) -> 1871 | AB18: =SUM(AB5:AB17) -> 2356 | AC18: =SUM(AC5:AC17) -> 1761 | AD18: =SUM(AD5:AD17) -> 2145 | AE18: =SUM(AE5:AE17) -> 2324 | AF18: =SUM(AF5:AF17) -> 1807 | AG18: =SUM(AG5:AG17) -> 1368 | AH18: =SUM(AH5:AH17) -> 1386 | AI18: =SUM(AI5:AI17) -> 1438 | AJ18: =SUM(AJ5:AJ17) -> 1306

Sheet Boulder Rock (REMOVED)
A1: Kaaterskill Wild Forest
A2: Boulder Rock | W2: R29
B3: 1991 | C3: 1992 | D3: 1993 | E3: 1994 | F3: 1995 | G3: 1996 | H3: 1997 | I3: 1998 | J3: 1999 | K3: 2000 | L3: 2001 | M3: 2002 | N3: 2003 | O3: 2004 | P3: 2005 | Q3: 2006 | R3: 2007 | S3: 2008 | T3: 2009 | U3: 2010 | V3: 2011 | W3: 2012 | X3: 2013 | Y3: 2014 | Z3: 2015 | AA3: 2016 | AB3: 2017 | AC3: 2018 | AD3: 2019
A5: January | H5: 2 | I5: 16 | J5: 0 | K5: 12 | O5: 37 | P5: 3 | Q5: 5 | R5: 12 | S5: 6 | T5: 13 | U5: 8 | V5: 5 | W5: 116 | X5: * | Y5: 23 | Z5: 25 | AA5: 14 | AB5: 18 | AC5: 20
A6: February | H6: 10 | I6: 25 | J6: 7 | K6: 6 | O6: 70 | P6: 21 | Q6: 6 | R6: 13 | S6: 13 | T6: 7 | U6: 10 | V6: 6 | W6: 135 | X6: * | Y6: 11 | Z6: 19 | AA6: 38 | AB6: 30 | AC6: 39
A7: March | G7: 3 | H7: 26 | I7: 12 | J7: 8 | K7: 24 | O7: 58 | P7: 16 | Q7: 19 | R7: 5 | S7: 7 | T7: 21 | U7: 35 | V7: 5 | W7: 116 | X7: * | Y7: 2 | Z7: 2 | AA7: 77 | AB7: 14 | AC7: 17
A8: April | G8: 56 | H8: 36 | I8: 85 | J8: 45 | K8: 72 | O8: 163 | P8: 22 | Q8: 64 | R8: 32 | S8: 24 | T8: 52 | U8: 74 | V8: 63 | W8: 66 | X8: * | Y8: 69 | Z8: 2 | AA8: 135 | AB8: 103 | AC8: 50
A9: May | G9: 208 | H9: 193 | I9: 304 | J9: 341 | K9: 258 | O9: 298 | P9: 267 | Q9: 180 | R9: 150 | S9: 242 | T9: 224 | U9: 216 | V9: 248 | W9: 238 | X9: * | Y9: 341 | Z9: 405 | AA9: 291 | AB9: 245 | AC9: 179
A10: June | G10: 235 | H10: 415 | I10: 233 | J10: 303 | K10: 198 | O10: 568 | P10: 352 | Q10: 189 | R10: 307 | S10: 492 | T10: 240 | U10: 328 | V10: 313 | W10: 366 | X10: 2 | Y10: 337 | Z10: 411 | AA10: 554 | AB10: 371 | AC10: 376
A11: July | G11: 250 | H11: 768 | I11: 195 | J11: 222 | K11: 617 | O11: 742 | P11: 874 | Q11: 335 | R11: 266 | S11: 541 | T11: 784 | U11: 681 | V11: 638 | W11: 479 | X11: 413 | Y11: 513 | Z11: 571 | AA11: 648 | AB11: 471 | AC11: 357
A12: August | G12: 380 | H12: 866 | J12: 240 | K12: 444 | O12: 954 | P12: 1096 | Q12: 555 | R12: 621 | S12: 751 | T12: 479 | U12: 661 | V12: 467 | W12: 514 | X12: 619 | Y12: 480 | Z12: 857 | AA12: 625 | AB12: 705 | AC12: 336
A13: September | H13: 427 | J13: 262 | K13: 210 | O13: 160 | P13: 344 | Q13: 220 | R13: 337 | S13: 185 | T13: 373 | U13: 371 | V13: 98 | W13: 2 | X13: 376 | Y13: 417 | Z13: 433 | AA13: 474 | AB13: 349 | AC13: 234
A14: October | H14: 600 | I14: 473 | J14: 318 | K14: 416 | O14: 641 | P14: 231 | Q14: 173 | R14: 187 | S14: 227 | T14: 305 | U14: 241 | V14: 275 | W14: * | X14: 372 | Y14: 182 | Z14: 444 | AA14: 419 | AB14: 442 | AC14: 276 | AD14: 21
A15: November | H15: 8 | I15: 82 | J15: 73 | K15: 40 | O15: 58 | P15: 42 | Q15: 36 | R15: 47 | S15: 47 | T15: 83 | U15: 40 | V15: 57 | W15: * | X15: * | Y15: 14 | Z15: 89 | AA15: 85 | AB15: 83 | AC15: 38
A16: December | I16: 18 | J16: 30 | K16: 6 | O16: 24 | P16: 1 | Q16: 26 | R16: 21 | S16: 6 | T16: 9 | U16: 10 | V16: 35 | W16: * | X16: * | Y16: 16 | Z16: 49 | AA16: 18 | AB16: 18 | AC16: 26 | AE16: *Registers missing
A18: Yearly Totals | B18: =SUM(B5:B16) -> 0 | C18: =SUM(C5:C16) -> 0 | D18: =SUM(D5:D16) -> 0 | E18: 1083 | F18: 1433 | G18: =SUM(G5:G17) -> 1132 | H18: =SUM(H5:H17) -> 3351 | I18: =SUM(I5:I17) -> 1443 | J18: =SUM(J5:J17) -> 1849 | K18: =SUM(K5:K17) -> 2303 | L18: 2381 | M18: 1356 | N18: 2305 | O18: =SUM(O5:O16) -> 3773 | P18: =SUM(P5:P17) -> 3269 | Q18: =SUM(Q5:Q17) -> 1808 | R18: =SUM(R5:R17) -> 1998 | S18: =SUM(S5:S16) -> 2541 | T18: =SUM(T5:T16) -> 2590 | U18: =SUM(U5:U16) -> 2675 | V18: =SUM(V5:V16) -> 2210 | W18: =SUM(W5:W16) -> 2032 | X18: =SUM(X5:X16) -> 1782 | Y18: =SUM(Y5:Y16) -> 2405 | Z18: =SUM(Z5:Z16) -> 3307 | ... AC18: =SUM(AC5:AC16) -> 1948 | AD18: 21
H19: 3555 | I19: 1775 | J19: 2104

Sheet Campbell Mt
A1: Delaware Wild Forest
A2: Campbell Mt | W2: R??
B3: 1991 | C3: 1992 | D3: 1993 | E3: 1994 | F3: 1995 | G3: 1996 | H3: 1997 | I3: 1998 | J3: 1999 | K3: 2000 | L3: 2001 | M3: 2002 | N3: 2003 | O3: 2004 | P3: 2005 | Q3: 2006 | R3: 2007 | S3: 2008 | T3: 2009 | U3: 2010 | V3: 2011 | W3: 2012 | X3: 2013 | Y3: 2014 | Z3: 2015 | AA3: 2016 | AB3: 2017 | AC3: 2018 | AD3: 2019 | AE3: 2020 | AF3: 2021 | AG3: 2022 | AH3: 2023 | AI3: 2024 | AJ3: 2025
A5: January | AC5: * | AD5: 1 | AE5: 0 | AF5: 1 | AG5: 2 | AH5: 0 | AI5: 3 | AJ5: 7
A6: February | AC6: * | AD6: 4 | AE6: 5 | AF6: 0 | AG6: 1 | AH6: 2 | AI6: 1 | AJ6: 5
A7: March | AC7: * | AD7: 1 | AE7: 5 | AF7: 5 | AG7: 2 | AH7: 0 | AI7: 1 | AJ7: 2
A8: April | AC8: * | AD8: 4 | AE8: 1 | AF8: 6 | AG8: 4 | AH8: 7 | AI8: 7 | AJ8: 12
A9: May | AC9: * | AD9: 7 | AE9: 16 | AF9: 6 | AG9: 2 | AH9: 7 | AI9: 2 | AJ9: 1
A10: June | AC10: * | AD10: 9 | AE10: 8 | AF10: 13 | AG10: 3 | AH10: 2 | AI10: 10 | AJ10: 12
A11: July | AC11: * | AD11: 11 | AE11: 4 | AF11: 6 | AG11: 9 | AH11: 4 | AI11: 7 | AJ11: 4
A12: August | AC12: * | AD12: 3 | AE12: 9 | AF12: 5 | AG12: 14 | AH12: 7 | AI12: 1 | AJ12: 7
A13: September | AC13: 11 | AD13: 22 | AE13: 9 | AF13: 5 | AG13: 12 | AH13: 12 | AI13: 16 | AJ13: 1
A14: October | AC14: 4 | AD14: 5 | AE14: 9 | AF14: 19 | AG14: 2 | AH14: 4 | AI14: 1* | AJ14: 6
A15: November | AC15: 4 | AD15: 5 | AE15: 6 | AF15: 3 | AG15: 20 | AH15: 6 | AI15: 17 | AJ15: 1
A16: December | AC16: 2 | AD16: 0 | AE16: 1 | AF16: 6 | AG16: 9 | AH16: 8 | AI16: 2 | AJ16: 2 | AK16: *Registers missing
A18: Yearly Totals | B18: =SUM(B5:B16) -> 0 | C18: =SUM(C5:C16) -> 0 | D18: =SUM(D5:D16) -> 0 | E18: =SUM(E5:E16) -> 0 | F18: =SUM(F5:F16) -> 0 | G18: =SUM(G5:G16) -> 0 | H18: =SUM(H5:H16) -> 0 | I18: =SUM(I5:I16) -> 0 | ... AJ18: =SUM(AJ5:AJ16) -> 60

Sheet Campbell Brook
A1: Delaware Wild Forest
A2: Campbell Brook | W2: R63
B3: 1991 | C3: 1992 | D3: 1993 | E3: 1994 | F3: 1995 | G3: 1996 | H3: 1997 | I3: 1998 | J3: 1999 | K3: 2000 | L3: 2001 | M3: 2002 | N3: 2003 | O3: 2004 | P3: 2005 | Q3: 2006 | R3: 2007 | S3: 2008 | T3: 2009 | U3: 2010 | V3: 2011 | W3: 2012 | X3: 2013 | Y3: 2014 | Z3: 2015 | AA3: 2016 | AB3: 2017 | AC3: 2018 | AD3: 2019 | AE3: 2020 | AF3: 2021 | AG3: 2022 | AH3: 2023 | AI3: 2024 | AJ3: 2025
A5: January | O5: 7 | P5: 5 | Q5: 5 | T5: 17 | U5: 14 | V5: 22 | W5: 3 | X5: * | Y5: 5 | Z5: 6 | AA5: 5 | AB5: 10 | AC5: 3 | AD5: 1 | AE5: 5 | AF5: 16 | AG5: 2 | AH5: 1 | AI5: 4 | AJ5: 14
A6: February | O6: 5 | P6: 34 | Q6: 26 | T6: 80 | U6: 70 | V6: 107 | W6: 1 | X6: * | Y6: 52 | Z6: 70 | AA6: 6 | AB6: 10 | AC6: 6 | AD6: 4 | AE6: 1 | AF6: 10 | AG6: 5 | AH6: 7 | AI6: 4 | AJ6: 3
A7: March | O7: 5 | P7: 24 | Q7: 6 | T7: 6 | U7: 43 | V7: 1 | W7: 4 | X7: * | Y7: 20 | Z7: 27 | AA7: 4 | AB7: 2 | AC7: 13 | AD7: 22 | AE7: 4 | AF7: 15 | AG7: 2 | AH7: * | AI7: 1 | AJ7: 11
A8: April | O8: 12 | P8: 6 | Q8: 17 | T8: 4 | U8: 14 | V8: 11 | W8: 3 | X8: 11 | Y8: 6 | Z8: 1 | AA8: 7 | AB8: 1 | AC8: 2 | AD8: 4 | AE8: 12 | AF8: 8 | AG8: 32 | AH8: 4 | AI8: 5 | AJ8: 12
A9: May | O9: 18 | P9: 18 | Q9: 17 | T9: 20 | U9: 17 | V9: 7 | W9: 18 | X9: 5 | Y9: 5 | Z9: 16 | AA9: 7 | AB9: 7 | AC9: 11 | AD9: 8 | AE9: 20 | AF9: 14 | AG9: 22 | AH9: 15 | AI9: 7 | AJ9: 13
A10: June | O10: 13 | P10: 29 | Q10: 17 | T10: 10 | U10: 8 | V10: 23 | W10: 27 | X10: 10 | Y10: 8 | Z10: 3 | AA10: 10 | AB10: 25 | AC10: 12 | AD10: 7 | AE10: 29 | AF10: 9 | AG10: 22 | AH10: 6 | AI10: 10 | AJ10: 37
A11: July | O11: 13 | P11: 12 | Q11: 26 | T11: 34 | U11: 19 | V11: 13 | W11: 31 | X11: 46 | Y11: 9 | Z11: 7 | AA11: 19 | AB11: 10 | AC11: 21 | AD11: 30 | AE11: 41 | AF11: 19 | AG11: 13 | AH11: 12 | AI11: 4 | AJ11: 22
A12: August | O12: 30 | P12: 31 | Q12: 26 | T12: 66 | U12: 25 | V12: 27 | W12: 21 | X12: 14 | Y12: 13 | Z12: 24 | AA12: 11 | AB12: 22 | AC12: 64 | AD12: 17 | AE12: 48 | AF12: 19 | AG12: 46 | AH12: 12 | AI12: 9 | AJ12: 31
A13: September | O13: 9 | P13: 12 | Q13: 39 | T13: 31 | U13: 35 | V13: 5 | W13: 14 | X13: 2 | Y13: 12 | Z13: 4 | AA13: 5 | AB13: 11 | AC13: 8 | AD13: 29 | AE13: 19 | AF13: 16 | AG13: 34 | AH13: 15 | AI13: 29 | AJ13: 7
A14: October | O14: 20 | P14: 15 | Q14: 12 | T14: 10 | U14: 9 | V14: 5 | W14: * | X14: 5 | Y14: 7 | Z14: 14 | AA14: 32 | AB14: 13 | AC14: 4 | AD14: 22 | AE14: 23 | AF14: 19 | AG14: 25 | AH14: 9 | AI14: 9 | AJ14: 16
A15: November | O15: 12 | P15: 8 | Q15: 15 | T15: 19 | U15: 5 | V15: 5 | W15: * | X15: 4 | Y15: 8 | Z15: 2 | AA15: 10 | AB15: 3 | AC15: 4 | AD15: 4 | AE15: 9 | AF15: 4 | AG15: 26 | AH15: 8 | AI15: 23 | AJ15: 19
A16: December | O16: 3 | P16: 4 | Q16: 13 | S16: 2 | T16: 13 | U16: 1 | V16: 9 | W16: * | X16: 2 | Y16: 7 | Z16: 2 | AA16: 0 | AB16: * | AC16: 2 | AD16: 2 | AE16: 0 | AF16: 17 | AG16: 14 | AH16: 1 | AI16: 2 | AJ16: 1 | AK16: *Registers missing
A18: Yearly Totals | B18: =SUM(B5:B16) -> 0 | C18: =SUM(C5:C16) -> 0 | D18: =SUM(D5:D16) -> 0 | E18: =SUM(E5:E16) -> 0 | F18: =SUM(F5:F16) -> 0 | G18: =SUM(G5:G16) -> 0 | H18: =SUM(H5:H16) -> 0 | I18: =SUM(I5:I16) -> 0 | ... L18: =SUM(L5:L16) -> 0 | M18: 103 | N18: 120 | O18: =SUM(O5:O17) -> 147 | P18: =(SUM(P5:P16)) -> 198 | Q18: =(SUM(Q5:Q16)) -> 219 | R18: 175 | S18: 59 | T18: =SUM(T5:T16) -> 310 | U18: =SUM(U5:U16) -> 260 | V18: =SUM(V5:V16) -> 235 | W18: =SUM(W5:W16) -> 122 | X18: =SUM(X5:X16) -> 99 | Y18: =SUM(Y5:Y16) -> 152 | Z18: =SUM(Z5:Z16) -> 176 | AA18: =SUM(AA5:AA16) -> 116 | AB18: =SUM(AB5:AB16) -> 114 | AC18: =SUM(AC5:AC17) -> 150 | AD18: =SUM(AD5:AD17) -> 150 | AE18: =SUM(AE5:AE17) -> 211 | AF18: =SUM(AF5:AF17) -> 166 | AG18: =SUM(AG5:AG17) -> 243 | AH18: =SUM(AH4:AH17) -> 90 | AI18: =SUM(AI4:AI17) -> 107 | AJ18: =SUM(AJ4:AJ17) -> 186

Sheet Catskill Mt. House
A1: North South Lake Campground
A2: Catskill Mt. House
B3: 1991 | C3: 1992 | D3: 1993 | E3: 1994 | F3: 1995 | G3: 1996 | H3: 1997 | I3: 1998 | J3: 1999 | K3: 2000 | L3: 2001 | M3: 2002 | N3: 2003 | O3: 2004 | P3: 2005 | Q3: 2006 | R3: 2007 | S3: 2008 | T3: 2009 | U3: 2010 | V3: 2011 | W3: 2012 | X3: 2013 | Y3: 2014 | Z3: 2015 | AA3: 2016 | AB3: 2017 | AC3: 2018 | AD3: 2019 | AE3: 2020 | AF3: 2021 | AG3: 2022 | AH3: 2023 | AI3: 2024 | AJ3: 2025
A5: January | Y5: 23 | Z5: 25 | AA5: 24 | AB5: 18 | AC5: 20 | AD5: 7 | AE5: 25 | AF5: 29 | AG5: 0 | AH5: 21 | AI5: 22 | AJ5: 5
A6: February | Y6: 11 | Z6: 19 | AA6: 38 | AB6: 30 | AC6: 39 | AD6: 22 | AE6: 42 | AF6: 13 | AG6: 15 | AH6: 19 | AI6: 18 | AJ6: 7
A7: March | Y7: 2 | Z7: 2 | AA7: 77 | AB7: 14 | AC7: 17 | AD7: 20 | AE7: 45 | AF7: 61 | AG7: 36 | AH7: 7 | AI7: 31 | AJ7: 18
A8: April | Y8: 69 | Z8: 2 | AA8: 135 | AB8: 103 | AC8: 50 | AD8: 71 | AE8: 38 | AF8: 83 | AG8: 69 | AH8: 53 | AI8: 44 | AJ8: 66
A9: May | Y9: 341 | Z9: 458 | AA9: 291 | AB9: 245 | AC9: 179 | AD9: 183 | AE9: 114 | AF9: 125 | AG9: 145 | AH9: 176 | AI9: 140 | AJ9: 160
A10: June | Y10: 337 | Z10: 84 | AA10: 554 | AB10: 371 | AC10: 376 | AD10: 326 | AE10: 97 | AF10: 250 | AG10: 354 | AH10: 180 | AI10: 237 | AJ10: 239
A11: July | Y11: 513 | Z11: 320 | AA11: 648 | AB11: 471 | AC11: 357 | AD11: 342 | AE11: 288 | AF11: 444 | AG11: 134 | AH11: 290 | AI11: 360 | AJ11: 407
A12: August | Y12: 480 | Z12: 970 | AA12: 625 | AB12: 705 | AC12: 336 | AD12: 395 | AE12: 268 | AF12: 181 | AG12: 235 | AH12: 221 | AI12: 238 | AJ12: 346
A13: September | Y13: 417 | Z13: 301 | AA13: 474 | AB13: 349 | AC13: 234 | AD13: 268 | AE13: 202 | AF13: 206 | AG13: 217 | AH13: 185 | AI13: 186 | AJ13: 302
A14: October | Y14: 182 | Z14: 515 | AA14: 419 | AB14: 442 | AC14: 276 | AD14: 6 | AE14: 338 | AF14: 68 | AG14: 260 | AH14: 243 | AI14: 124 | AJ14: 58
A15: November | Y15: 14 | Z15: 89 | AA15: 85 | AB15: 83 | AC15: 38 | AD15: 68 | AE15: 92 | AF15: 67 | AG15: 56 | AH15: 56 | AI15: 68 | AJ15: 52
A16: December | Y16: 16 | Z16: 49 | AA16: 18 | AB16: 18 | AC16: 26 | AD16: 38 | AE16: 43 | AF16: 35 | AG16: 16 | AH16: 26 | AI16: 29 | AJ16: 13
AK17: *Registers missing
A18: Yearly Totals | B18: =SUM(B5:B16) -> 0 | C18: =SUM(C5:C16) -> 0 | D18: =SUM(D5:D16) -> 0 | E18: =SUM(E5:E16) -> 0 | F18: =SUM(F5:F16) -> 0 | G18: =SUM(G5:G16) -> 0 | H18: =SUM(H5:H16) -> 0 | I18: =SUM(I5:I16) -> 0 | ... AC18: =SUM(AC5:AC16) -> 1948 | AD18: =SUM(AD4:AD17) -> 1746 | AE18: =SUM(AE4:AE17) -> 1592 | AF18: =SUM(AF4:AF17) -> 1562 | AG18: =SUM(AG5:AG17) -> 1537 | AH18: =SUM(AH5:AH17) -> 1477 | AI18: =SUM(AI5:AI17) -> 1497 | AJ18: =SUM(AJ5:AJ17) -> 1673

Sheet Colgate Lake (Dutcher Notch)
A1: Colgate Lake Wild Forest
A2: Colgate Lake (Dutcher Notch) | Y2: R23
B3: 1990 | C3: 1991 | D3: 1992 | E3: 1993 | F3: 1994 | G3: 1995 | H3: 1996 | I3: 1997 | J3: 1998 | K3: 1999 | L3: 2000 | M3: 2001 | N3: 2002 | O3: 2003 | P3: 2004 | Q3: 2005 | R3: 2006 | S3: 2007 | T3: 2008 | U3: 2009 | V3: 2010 | W3: 2011 | X3: 2012 | Y3: 2013 | Z3: 2014 | AA3: 2015 | AB3: 2016 | AC3: 2017 | AD3: 2018 | AE3: 2019 | AF3: 2020 | AG3: 2021 | AH3: 2022 | AI3: 2023 | AJ3: 2024 | AK3: 2025
A5: January | H5: 14 | I5: 39 | J5: 46 | K5: 30 | L5: 36 | P5: 48 | Q5: 41 | R5: 28 | S5: 41 | T5: 34 | U5: 34 | V5: 24 | W5: 40 | X5: 19 | Y5: * | Z5: 1 | AA5: 18 | AB5: 22 | AC5: 10 | AD5: 16 | AE5: 9 | AF5: 34 | AG5: 54 | AH5: 34 | AI5: 19 | AJ5: 19
A6: February | H6: 48 | I6: 24 | J6: 79 | K6: 19 | L6: 59 | P6: 36 | Q6: 33 | R6: 14 | S6: 44 | T6: 26 | U6: 32 | V6: 27 | W6: 40 | X6: 35 | Y6: * | Z6: 23 | AA6: 15 | AB6: 41 | AC6: 0 | AD6: 30 | AE6: 31 | AF6: 35 | AG6: 29 | AH6: 26 | AI6: 37 | AJ6: 21
A7: March | H7: 24 | I7: 17 | J7: 37 | K7: 35 | L7: 27 | P7: 38 | Q7: 56 | R7: 29 | S7: 37 | T7: 18 | U7: 23 | V7: 6 | W7: 11 | X7: 38 | Y7: * | Z7: 15 | AA7: 2 | AB7: 45 | AC7: 3 | AD7: 26 | AE7: 13 | AF7: 46 | AG7: 22 | AH7: 10 | AI7: 30 | AJ7: 22
A8: April | H8: 28 | I8: 37 | J8: 47 | K8: 76 | L8: 40 | P8: 78 | Q8: 27 | R8: 39 | S8: 41 | T8: 45 | U8: 34 | V8: 43 | W8: 43 | X8: 46 | Y8: 42 | Z8: 40 | AA8: * | AB8: 34 | AC8: 64 | AD8: 41 | AE8: 55 | AF8: * | AG8: 71 | AH8: 49 | AI8: 19 | AJ8: 33
A9: May | H9: 74 | I9: 64 | J9: 147 | K9: 128 | L9: 54 | P9: 113 | Q9: 42 | R9: 175 | S9: 69 | T9: 112 | U9: 87 | V9: 73 | W9: 91 | X9: 57 | Y9: 65 | Z9: 82 | AA9: 82 | AB9: 82 | AC9: 56 | AD9: 78 | AE9: 60 | AF9: * | AG9: 85 | AH9: 44 | AI9: 48 | AJ9: 102
A10: June | H10: 193 | I10: 82 | J10: 89 | K10: 63 | L10: 61 | P10: 113 | Q10: 65 | R10: 29 | S10: 14 | T10: 66 | U10: 96 | V10: 79 | W10: 90 | X10: 107 | Y10: 55 | Z10: 75 | AA10: 62 | AB10: 122 | AC10: 110 | AD10: 96 | AE10: 66 | AF10: * | AG10: 77 | AH10: 54 | AI10: 59 | AJ10: 63
A11: July | H11: 158 | I11: 173 | J11: 167 | K11: 118 | L11: 113 | P11: 119 | Q11: 201 | R11: 105 | T11: 112 | U11: 110 | V11: 207 | W11: 136 | X11: 101 | Y11: 89 | Z11: 144 | AA11: 157 | AB11: 145 | AC11: 153 | AD11: 92 | AE11: 124 | AF11: * | AG11: 116 | AH11: 144 | AI11: 65 | AJ11: 112
A12: August | H12: 100 | I12: 210 | J12: 181 | K12: 164 | L12: 145 | P12: 147 | Q12: 110 | R12: 104 | T12: 109 | U12: 98 | V12: 169 | W12: 89 | X12: 39 | Y12: 185 | Z12: 142 | AA12: 229 | AB12: 176 | AC12: 168 | AD12: 98 | AE12: 130 | AF12: 125 | AG12: 90 | AH12: 140 | AI12: 120 | AJ12: 79
A13: September | I13: 69 | J13: 175 | K13: 114 | L13: 110 | P13: 100 | Q13: 153 | R13: 96 | T13: 39 | U13: 106 | V13: 117 | W13: 36 | X13: * | Y13: 61 | Z13: 74 | AA13: 108 | AB13: 143 | AC13: 106 | AD13: 106 | AE13: 64 | AF13: 135 | AG13: 98 | AH13: 89 | AI13: 97 | AJ13: 118
A14: October | I14: 135 | J14: 118 | K14: 98 | L14: 94 | P14: 116 | Q14: 66 | R14: 35 | T14: 69 | U14: 58 | V14: 106 | W14: 67 | X14: * | Y14: 73 | Z14: 66 | AA14: 89 | AB14: 84 | AC14: 160 | AD14: 105 | AE14: 69 | AF14: 160 | AG14: 106 | AH14: 73 | AI14: 60 | AJ14: 67
A15: November | I15: 23 | J15: 68 | K15: 58 | L15: 50 | P15: 21 | Q15: 70 | R15: 58 | T15: 34 | U15: 86 | V15: 28 | W15: 28 | X15: * | Y15: 41 | Z15: 23 | AA15: 58 | AB15: 36 | AC15: 3 | AD15: 29 | AE15: 29 | AF15: 58 | AG15: 27 | AH15: 42 | AI15: 41 | AJ15: 61
A16: December | I16: 23 | J16: 23 | K16: 24 | L16: 30 | Q16: 33 | R16: 34 | T16: 23 | U16: 12 | V16: 27 | W16: 25 | X16: * | Y16: 13 | Z16: 38 | AA16: 46 | AB16: 26 | AC16: 26 | AD16: 23 | AE16: 30 | AF16: 33 | AG16: 27 | AH16: 15 | AI16: 18 | AJ16: 12 | AL16: *Registers missing
A18: Yearly Totals | B18: 570 | C18: 620 | D18: 683 | E18: 721 | F18: 646 | G18: 592 | H18: =SUM(H5:H17) -> 639 | I18: =SUM(I5:I17) -> 896 | J18: =SUM(J5:J17) -> 1177 | K18: =SUM(K5:K17) -> 927 | L18: =SUM(L5:L17) -> 819 | M18: 776 | N18: 911 | O18: 724 | P18: 967 | Q18: =SUM(Q5:Q16) -> 897 | R18: =SUM(R5:R16) -> 746 | S18: =SUM(S5:S16) -> 246 | T18: =SUM(T5:T16) -> 687 | U18: =SUM(U5:U16) -> 776 | V18: =SUM(V5:V16) -> 906 | W18: =SUM(W5:W17) -> 696 | X18: =SUM(X5:X16) -> 442 | Y18: =SUM(Y5:Y16) -> 624 | Z18: =SUM(Z5:Z16) -> 723 | AA18: =SUM(AA5:AA16) -> 866 | AB18: =SUM(AB5:AB16) -> 956 | AC18: =SUM(AC5:AC16) -> 859 | AD18: =SUM(AD5:AD16) -> 740 | AE18: =SUM(AE5:AE17) -> 680 | AF18: =SUM(AF5:AF17) -> 626 | AG18: =SUM(AG5:AG17) -> 802 | AH18: =SUM(AH5:AH17) -> 720 | AI18: =SUM(AI5:AI17) -> 613 | AJ18: =SUM(AJ5:AJ17) -> 709 | AK18: =SUM(AK5:AK17) -> 0

Sheet Colonel's Chair
A1: Rusk Mountain Wild Forest
A2: Colonel's Chair | W2: R11
B3: 1990 | C3: 1991 | D3: 1992 | E3: 1993 | F3: 1994 | G3: 1995 | H3: 1996 | I3: 1997 | J3: 1998 | K3: 1999 | L3: 2000 | M3: 2001 | N3: 2002 | O3: 2003 | P3: 2004 | Q3: 2005 | R3: 2006 | S3: 2007 | T3: 2008 | U3: 2009 | V3: 2010 | W3: 2011 | X3: 2012 | Y3: 2013 | Z3: 2014 | AA3: 2015 | AB3: 2016 | AC3: 2017 | AD3: 2018 | AE3: 2019 | AF3: 2020 | AG3: 2021 | AH3: 2022 | AI3: 2023 | AJ3: 2024 | AK3: 2025
A5: January | I5: 1 | J5: 10 | K5: 7 | L5: 13 | P5: 12 | R5: 14 | S5: 1 | T5: 17 | U5: 7 | V5: * | W5: 6 | X5: 5 | Y5: 2 | Z5: 0 | AA5: 0 | AB5: 9 | AC5: 18 | AD5: 9 | AE5: 5 | AF5: * | AG5: 6 | AH5: * | AI5: 6
A6: February | I6: 51 | J6: 10 | K6: 17 | L6: 50 | P6: 24 | R6: 5 | S6: 12 | T6: 22 | U6: 0 | V6: 14 | W6: 8 | X6: 6 | Y6: 0 | Z6: 25 | AA6: 14 | AB6: 1 | AC6: 15 | AD6: 3 | AE6: 7 | AF6: * | AG6: 16 | AH6: 1 | AI6: 5
A7: March | I7: 3 | J7: 1 | K7: 11 | L7: 2 | P7: 9 | Q7: 10 | S7: 12 | T7: 7 | U7: 8 | V7: 35 | W7: 16 | X7: 6 | Y7: 7 | Z7: 7 | AA7: 3 | AB7: 14 | AC7: 11 | AD7: 14 | AE7: 11 | AF7: * | AG7: 5 | AH7: 12 | AI7: 1
A8: April | J8: 16 | K8: 8 | L8: 9 | P8: 3 | R8: 10 | S8: 2 | T8: 9 | U8: 7 | V8: 5 | W8: 3 | X8: 4 | Y8: 4 | Z8: 1 | AA8: 0 | AB8: 9 | AC8: 9 | AD8: 5 | AE8: 5 | AF8: * | AG8: 5 | AH8: 9 | AI8: 9
A9: May | J9: 32 | K9: 5 | L9: 2 | P9: 6 | S9: 14 | T9: 69 | U9: 19 | V9: 0 | W9: 43 | X9: 52 | Y9: 29 | Z9: 41 | AA9: 67 | AB9: 76 | AC9: 68 | AD9: 60 | AE9: 56 | AF9: * | AG9: 7 | AH9: 4 | AI9: 6
A10: June | J10: 40 | K10: 7 | L10: 36 | Q10: 4 | R10: 6 | S10: 10 | T10: 3 | U10: 25 | V10: 5 | W10: 40 | X10: 70 | Y10: 21 | Z10: 52 | AA10: 22 | AB10: 56 | AC10: 65 | AD10: 176 | AE10: 50 | AF10: * | AG10: 20 | AH10: 13 | AI10: 4
A11: July | I11: 15 | J11: 21 | K11: 0 | L11: 26 | Q11: 44 | R11: 113 | S11: 70 | T11: 115 | U11: 83 | V11: 24 | W11: 180 | X11: 125 | Y11: 190 | Z11: 190 | AA11: 163 | AB11: 286 | AC11: 280 | AD11: 459 | AE11: 107 | AF11: * | AG11: 82 | AH11: 163 | AI11: 50
A12: August | H12: 46 | I12: 58 | J12: 77 | K12: 36 | L12: 43 | Q12: 130 | R12: 125 | S12: 158 | T12: 111 | U12: 69 | V12: 22 | W12: 141 | X12: 180 | Y12: 121 | Z12: 303 | AA12: 156 | AB12: 337 | AC12: 389 | AD12: 155 | AE12: 428 | AF12: * | AG12: 166 | AH12: 136 | AI12: *
A13: September | I13: 50 | J13: 48 | K13: 40 | L13: 29 | Q13: 99 | R13: 68 | S13: 226 | T13: 58 | U13: 85 | V13: 22 | W13: 42 | X13: 68 | Y13: 58 | Z13: 56 | AA13: 97 | AB13: 155 | AC13: 84 | AD13: 144 | AE13: 183 | AF13: * | AG13: 115 | AH13: 94 | AI13: *
A14: October | I14: 90 | J14: 64 | K14: 3 | L14: 130 | Q14: 24 | R14: 111 | S14: 35 | T14: 157 | U14: 56 | V14: 25 | W14: 140 | X14: 97 | Y14: 164 | Z14: 125 | AA14: 233 | AB14: 124 | AC14: 176 | AD14: 80 | AE14: 274 | AF14: * | AG14: 107 | AH14: 124 | AI14: *
A15: November | I15: 3 | J15: 3 | K15: * | L15: 12 | Q15: 38 | S15: 2 | T15: 4 | U15: * | V15: 11 | W15: 0 | X15: 3 | Y15: 8 | Z15: 0 | AA15: 14 | AB15: 1 | AC15: 12 | AD15: 3 | AE15: 1 | AF15: 6 | AG15: 5 | AH15: 11 | AI15: *
A16: December | I16: 0 | J16: 4 | K16: * | L16: 1 | Q16: 10 | R16: =+Spruceton!R548 -> 0 | S16: 4 | T16: 5 | U16: * | V16: 6 | W16: 1 | X16: 1 | Y16: 0 | Z16: 3 | AA16: 9 | AB16: 4 | AC16: 2 | AD16: 4 | AE16: 6 | AF16: 7 | AG16: 4 | AH16: * | AI16: * | AL16: *Registers missing
A18: Yearly Totals | B18: 623 | C18: 600 | D18: 620 | E18: 600 | F18: 397 | G18: 65 | H18: =SUM(H5:H16) -> 46 | I18: =SUM(I5:I17) -> 271 | J18: =SUM(J5:J17) -> 326 | K18: =SUM(K5:K17) -> 134 | L18: =SUM(L5:L17) -> 353 | M18: 590 | N18: 583 | O18: 516 | P18: =SUM(P5:P17) -> 54 | Q18: =SUM(Q5:Q16) -> 359 | R18: =SUM(R5:R16) -> 452 | S18: =SUM(S5:S16) -> 546 | T18: =SUM(T5:T17) -> 577 | U18: =SUM(U5:U16) -> 359 | V18: =SUM(V5:V16) -> 169 | W18: =SUM(W5:W16) -> 620 | X18: =SUM(X5:X16) -> 617 | Y18: =SUM(Y5:Y16) -> 604 | Z18: =SUM(Z5:Z16) -> 803 | AA18: =SUM(AA5:AA16) -> 778 | AB18: =SUM(AB5:AB16) -> 1072 | ... AD18: =SUM(AD5:AD16) -> 1112 | AE18: =SUM(AE5:AE17) -> 1133 | AF18: =SUM(AF5:AF17) -> 13 | AG18: =SUM(AG5:AG17) -> 538 | AH18: =SUM(AH5:AH17) -> 567 | AI18: 81 | AJ18: =SUM(AJ5:AJ17) -> 0 | AK18: =SUM(AK5:AK17) -> 0
I19: 387 | K19: 152
AE27: no data until 1989

Sheet Devils Tombstone (Hunter Mtn)
A1: Hunter-Westkill Mountain Wilderness
A2: Devils Tombstone (Hunter Mtn) | Z2: R04
B3: 1990 | C3: 1991 | D3: 1992 | E3: 1993 | F3: 1994 | G3: 1995 | H3: 1996 | I3: 1997 | J3: 1998 | K3: 1999 | L3: 2000 | M3: 2001 | N3: 2002 | O3: 2003 | P3: 2004 | Q3: 2005 | R3: 2006 | S3: 2007 | T3: 2008 | U3: 2009 | V3: 2010 | W3: 2011 | X3: 2012 | Y3: 2013 | Z3: 2014 | AA3: 2015 | AB3: 2016 | AC3: 2017 | AD3: 2018 | AE3: 2019 | AF3: 2020 | AG3: 2021 | AH3: 2022 | AI3: 2023 | AJ3: 2024 | AK3: 2025
A5: January | H5: 14 | I5: 73 | J5: 75 | K5: 29 | L5: 50 | P5: 9 | Q5: 20 | R5: 25 | S5: 36 | T5: 31 | U5: * | V5: 56 | W5: 13 | X5: 76 | Y5: * | Z5: 25 | AA5: 25 | AB5: 66 | AC5: 20 | AD5: * | AE5: 22 | AF5: 37 | AG5: 54 | AH5: 27 | AI5: 18 | AJ5: 20
A6: February | H6: 12 | I6: 44 | J6: 51 | K6: 24 | L6: 36 | P6: 67 | Q6: 82 | R6: 31 | S6: 26 | T6: 41 | U6: 1 | V6: 26 | W6: 5 | X6: 61 | Y6: * | Z6: 13 | AA6: 16 | AB6: 54 | AC6: 32 | AD6: * | AE6: 23 | AF6: 32 | AG6: 30 | AH6: 32 | AI6: 32 | AJ6: 71
A7: March | H7: 23 | I7: 42 | J7: 37 | K7: 38 | L7: 34 | P7: 17 | Q7: 52 | R7: 77 | S7: 9 | T7: 53 | U7: 37 | V7: 10 | W7: 25 | X7: 73 | Y7: * | Z7: 48 | AA7: 27 | AB7: 74 | AC7: 24 | AD7: * | AE7: 27 | AF7: 54 | AG7: 49 | AH7: 31 | AI7: 15 | AJ7: 25
A8: April | I8: 46 | J8: 60 | K8: 34 | L8: 88 | P8: 48 | Q8: 68 | R8: 95 | S8: 57 | T8: 57 | U8: 53 | V8: 64 | W8: 29 | X8: 187 | Y8: 180 | Z8: 86 | AA8: 53 | AB8: 59 | AC8: 84 | AD8: * | AE8: 51 | AF8: 66 | AG8: 66 | AH8: 79 | AI8: 40 | AJ8: 39
A9: May | I9: 146 | J9: 147 | K9: 133 | L9: 53 | P9: 168 | Q9: 131 | R9: 108 | S9: 57 | T9: 108 | U9: 108 | V9: 135 | W9: 164 | X9: 142 | Y9: 139 | Z9: 105 | AA9: 261 | AB9: 73 | AC9: 125 | AD9: * | AE9: 220 | AF9: 225 | AG9: 89 | AH9: 153 | AI9: 119 | AJ9: 89
A10: June | I10: 127 | J10: 48 | K10: 80 | L10: 107 | P10: 113 | Q10: 71 | R10: 101 | S10: 82 | T10: 143 | U10: 104 | V10: 67 | W10: 125 | X10: 199 | Y10: 146 | Z10: 215 | AA10: 115 | AB10: 126 | AC10: 120 | AD10: 148 | AE10: 156 | AF10: 183 | AG10: 191 | AH10: 212 | AI10: 119 | AJ10: 161
A11: July | H11: 86 | I11: 147 | J11: 170 | K11: 75 | L11: 159 | P11: 206 | Q11: 224 | R11: 191 | S11: 217 | T11: 176 | U11: 193 | V11: 170 | W11: 162 | X11: 202 | Y11: 192 | Z11: 224 | AA11: 159 | AB11: 105 | AC11: 166 | AD11: 177 | AE11: 177 | AF11: 239 | AG11: 185 | AH11: 248 | AI11: 168 | AJ11: 146
A12: August | H12: 281 | I12: 232 | J12: 198 | K12: 72 | L12: 156 | P12: 224 | Q12: 165 | R12: 187 | S12: 164 | T12: 218 | U12: 211 | V12: 185 | W12: 191 | X12: 277 | Y12: 371 | Z12: 241 | AA12: 175 | AB12: 115 | AC12: 174 | AD12: 190 | AE12: 173 | AF12: 376 | AG12: 164 | AH12: 197 | AI12: 128 | AJ12: 95
A13: September | I13: 143 | J13: 140 | K13: 135 | L13: 129 | P13: 117 | Q13: 134 | R13: 140 | S13: 197 | T13: 58 | U13: * | V13: 114 | W13: 44 | X13: 23 | Y13: 211 | Z13: 120 | AA13: 114 | AB13: 89 | AC13: 125 | AD13: 359 | AE13: 182 | AF13: 259 | AG13: 145 | AH13: 134 | AI13: 88 | AJ13: 104 | AL13: 2011 Register in tatters; several pages stuck together
A14: October | I14: 175 | J14: 148 | K14: 153 | L14: 184 | P14: 164 | Q14: 61 | R14: 117 | S14: 154 | T14: 141 | U14: 35 | V14: 153 | W14: 156 | X14: * | Y14: 127 | Z14: 167 | AA14: 137 | AB14: 147 | AC14: 77 | AD14: 148 | AE14: 178 | AF14: 284 | AG14: 125 | AH14: 129 | AI14: 89 | AJ14: 67 | AL14: 2011 Register in tatters; several pages stuck together
A15: November | I15: 16 | J15: 131 | K15: 113 | L15: 104 | P15: 77 | Q15: 59 | R15: 122 | S15: 62 | T15: 63 | U15: 75 | V15: 45 | W15: 117 | X15: * | Y15: 55 | Z15: 67 | AA15: 86 | AB15: 84 | AC15: * | AD15: 57 | AE15: 86 | AF15: 118 | AG15: 74 | AH15: 51 | AI15: 67
A16: December | I16: 32 | J16: 42 | K16: 27 | L16: 25 | P16: 15 | Q16: 53 | R16: 63 | S16: 27 | T16: 13 | U16: 21 | V16: 41 | W16: 43 | X16: * | Y16: 30 | Z16: 51 | AA16: 58 | AB16: 25 | AC16: * | AD16: 48 | AE16: 36 | AF16: 52 | AG16: 42 | AH16: 32 | AI16: 50 | AL16: *Registers missing
A18: Yearly Totals | B18: 1002 | C18: 1070 | D18: 1042 | E18: 850 | F18: 1266 | G18: 573 | H18: =SUM(H5:H16) -> 416 | I18: =SUM(I5:I17) -> 1223 | J18: =SUM(J5:J17) -> 1247 | K18: =SUM(K5:K17) -> 913 | L18: =SUM(L5:L17) -> 1125 | M18: =SUM(M5:M16) -> 0 | N18: =SUM(N5:N16) -> 0 | O18: =SUM(O5:O16) -> 0 | P18: =SUM(P5:P16) -> 1225 | Q18: =SUM(Q5:Q16) -> 1120 | R18: =SUM(R5:R16) -> 1257 | S18: =SUM(S5:S16) -> 1088 | T18: =SUM(T5:T17) -> 1102 | U18: =SUM(U5:U16) -> 838 | V18: =SUM(V5:V16) -> 1066 | W18: =SUM(W5:W16) -> 1074 | X18: =SUM(X5:X16) -> 1240 | Y18: =SUM(Y5:Y16) -> 1451 | Z18: =SUM(Z5:Z16) -> 1362 | AA18: =SUM(AA5:AA16) -> 1226 | AB18: =SUM(AB5:AB16) -> 1017 | ... AD18: =SUM(AD5:AD16) -> 1127 | AE18: =SUM(AE5:AE17) -> 1331 | AF18: =SUM(AF5:AF17) -> 1925 | AG18: =SUM(AG5:AG17) -> 1214 | AH18: =SUM(AH5:AH17) -> 1325 | AI18: =SUM(AI5:AI17) -> 933 | AJ18: =SUM(AJ5:AJ17) -> 817 | AK18: =SUM(AK5:AK17) -> 0
K19: 1005

Sheet Devils Tombstone (Plateau Mtn)
A1: Indian Head Wilderness
A2: Devils Tombstone (Plateau Mtn) | Z2: R03
B3: 1990 | C3: 1991 | D3: 1992 | E3: 1993 | F3: 1994 | G3: 1995 | H3: 1996 | I3: 1997 | J3: 1998 | K3: 1999 | L3: 2000 | M3: 2001 | N3: 2002 | O3: 2003 | P3: 2004 | Q3: 2005 | R3: 2006 | S3: 2007 | T3: 2008 | U3: 2009 | V3: 2010 | W3: 2011 | X3: 2012 | Y3: 2013 | Z3: 2014 | AA3: 2015 | AB3: 2016 | AC3: 2017 | AD3: 2018 | AE3: 2019 | AF3: 2020 | AG3: 2021 | AH3: 2022 | AI3: 2023 | AJ3: 2024 | AK3: 2025
A5: January | H5: 17 | J5: 57 | K5: 17 | L5: 63 | P5: 46 | Q5: 42 | R5: 29 | S5: 62 | T5: 64 | U5: 39 | V5: 34 | W5: 45 | X5: 45 | Y5: * | Z5: 52 | AA5: 36 | AB5: 67 | AC5: 39 | AD5: 36 | AE5: 78 | AF5: 81 | AG5: 58 | AH5: 48 | AI5: * | AJ5: 68 | AK5: 34
A6: February | H6: 40 | I6: 17 | J6: 46 | K6: 38 | L6: 35 | P6: 34 | Q6: 14 | R6: 38 | S6: 30 | T6: 51 | U6: 32 | V6: 25 | W6: 51 | X6: 77 | Y6: * | Z6: 31 | AA6: 9 | AB6: 36 | AC6: 58 | AD6: 40 | AE6: 54 | AF6: 96 | AG6: 43 | AH6: 49 | AI6: * | AJ6: 41 | AK6: 41*
A7: March | H7: 15 | I7: 40 | J7: 69 | K7: 40 | L7: 44 | P7: 35 | Q7: 26 | R7: 36 | S7: 36 | T7: 79 | U7: 46 | V7: 17 | W7: 22 | X7: 85 | Y7: * | Z7: 16 | AB7: 50 | AC7: 23 | AD7: 61 | AE7: 29 | AF7: 82 | AG7: 62 | AH7: 33 | AI7: * | AJ7: 83 | AK7: 1*
A8: April | H8: 15 | I8: 55 | J8: 129 | K8: 96 | L8: 108 | P8: 77 | Q8: 67 | R8: 98 | S8: 53 | T8: 78 | U8: 78 | V8: 61 | W8: 66 | X8: 110 | Y8: * | Z8: 51 | AA8: 50 | AB8: 78 | AC8: 90 | AD8: 45 | AE8: 98 | AF8: 70 | AG8: 93 | AH8: 61 | AI8: 2 | AJ8: 74 | AK8: 1*
A9: May | H9: 180 | I9: 245 | J9: 189 | K9: 250 | L9: 130 | P9: 125 | Q9: 124 | R9: 97 | S9: 70 | T9: 172 | U9: 84 | V9: 156 | W9: 146 | X9: 142 | Y9: * | Z9: 104 | AA9: 190 | AB9: 160 | AC9: 183 | AD9: 134 | AE9: 169 | AF9: 184 | AG9: 202 | AH9: 134 | AI9: 175 | AJ9: 128 | AK9: 6*
A10: June | H10: 86 | I10: 162 | J10: 141 | K10: 136 | L10: 192 | P10: 160 | Q10: 121 | R10: 67 | S10: 214 | T10: 150 | U10: 204 | V10: 112 | W10: 139 | X10: 193 | Y10: 21 | Z10: 134 | AA10: 132 | AB10: 192 | AC10: 106 | AD10: 200 | AE10: 159 | AF10: 207 | AG10: 231 | AH10: 183 | AI10: 133 | AJ10: 176 | AK10: 38*
A11: July | H11: 134 | I11: 272 | J11: 287 | K11: 123 | L11: 227 | P11: 246 | Q11: 284 | R11: 258 | S11: 255 | T11: 241 | U11: 290 | V11: 322 | W11: 258 | X11: 248 | Y11: 133 | Z11: 145 | AA11: 152 | AB11: 134 | AC11: 220 | AD11: 176 | AE11: 203 | AF11: 199 | AG11: 220 | AH11: 191 | AI11: 149 | AJ11: 178
A12: August | H12: 59 | I12: 434 | J12: 370 | K12: 139 | L12: 156 | P12: 200 | Q12: 235 | R12: 252 | S12: 287 | T12: 132 | U12: 235 | V12: 209 | W12: 263 | X12: 269 | Y12: 262 | Z12: 251 | AA12: 266 | AB12: 241 | AC12: 208 | AD12: 238 | AE12: 74 | AF12: 283 | AG12: 191 | AH12: 144 | AI12: 176 | AJ12: 149
A13: September | I13: 90 | J13: 205 | K13: 155 | L13: 147 | P13: 124 | Q13: 142 | R13: 75 | S13: 130 | T13: * | U13: 168 | V13: 145 | W13: 67 | X13: * | Y13: 139 | Z13: 89 | AA13: 167 | AB13: 131 | AC13: 135 | AD13: 172 | AE13: 157 | AF13: 222 | AG13: 174 | AH13: 99 | AI13: 101 | AJ13: 148
A14: October | I14: 288 | J14: 149 | K14: 171 | L14: 244 | P14: 186 | Q14: 118 | R14: 20 | S14: 194 | T14: * | U14: 212 | V14: 194 | W14: 63 | X14: * | Y14: 131 | Z14: 120 | AA14: 197 | AB14: 143 | AC14: 185 | AD14: 157 | AE14: 140 | AF14: 241 | AG14: 161 | AH14: 178 | AI14: 158 | AJ14: 179
A15: November | I15: 48 | J15: 13 | K15: 136 | L15: 85 | P15: 74 | Q15: 56 | R15: 76 | S15: 70 | T15: 28 | U15: 74 | V15: 68 | W15: 118 | X15: * | Y15: 80 | Z15: 53 | AA15: 103 | AB15: 76 | AC15: 128 | AD15: 80 | AE15: 84 | AF15: 135 | AG15: 133 | AH15: 101 | AI15: 83 | AJ15: 87
A16: December | I16: 32 | J16: * | K16: 48 | L16: 39 | P16: 17 | Q16: 20 | R16: 76 | S16: 19 | T16: 34 | U16: 53 | V16: 34 | W16: 26 | X16: * | Y16: 67 | Z16: 31 | AA16: 69 | AB16: 28 | AC16: 38 | AD16: 53 | AE16: 53 | AF16: 108 | AG16: 56 | AH16: 47 | AI16: 65 | AJ16: 37 | AL16: *Registers missing
A18: Yearly Totals | B18: 1240 | C18: 1448 | D18: 1436 | E18: 1000 | F18: 1175 | G18: 1121 | H18: =SUM(H5:H16) -> 546 | I18: =SUM(I5:I17) -> 1683 | J18: =SUM(J5:J17) -> 1655 | K18: =SUM(K5:K17) -> 1349 | L18: =SUM(L5:L17) -> 1470 | M18: 1776 | N18: 1262 | O18: 1168 | P18: =SUM(P5:P17) -> 1324 | Q18: =SUM(Q5:Q16) -> 1249 | R18: =SUM(R5:R16) -> 1122 | S18: =SUM(S5:S16) -> 1420 | T18: =SUM(T5:T16) -> 1029 | U18: =SUM(U5:U16) -> 1515 | V18: =SUM(V5:V16) -> 1377 | W18: =SUM(W5:W16) -> 1264 | X18: =SUM(X5:X16) -> 1169 | ... AD18: =SUM(AD5:AD16) -> 1392 | AE18: =SUM(AE5:AE17) -> 1298 | AF18: =SUM(AF5:AF17) -> 1908 | AG18: =SUM(AG5:AG17) -> 1624 | AH18: =SUM(AH5:AH17) -> 1268 | AI18: =SUM(AI5:AI17) -> 1042 | AJ18: =SUM(AJ5:AJ17) -> 1348 | AK18: =SUM(AK5:AK17) -> 34
I19: 1717 | K19: 1535

Sheet Diamond Notch (Lanesville)
A1: Hunter-Westkill Mountain Wilderness
A2: Diamond Notch (Lanesville) | Z2: R09
B3: 1990 | C3: 1991 | D3: 1992 | E3: 1993 | F3: 1994 | G3: 1995 | H3: 1996 | I3: 1997 | J3: 1998 | K3: 1999 | L3: 2000 | M3: 2001 | N3: 2002 | O3: 2003 | P3: 2004 | Q3: 2005 | R3: 2006 | S3: 2007 | T3: 2008 | U3: 2009 | V3: 2010 | W3: 2011 | X3: 2012 | Y3: 2013 | Z3: 2014 | AA3: 2015 | AB3: 2016 | AC3: 2017 | AD3: 2018 | AE3: 2019 | AF3: 2020 | AG3: 2021 | AH3: 2022 | AI3: 2023 | AJ3: 2024 | AK3: 2025
A5: January | H5: 23 | I5: 35 | J5: 38 | K5: 53 | L5: 67 | P5: 34 | Q5: 16 | R5: 9 | S5: 42 | T5: 30 | U5: 19 | V5: 3 | W5: 12 | X5: 32 | Y5: * | Z5: 68 | AA5: 25 | AB5: 33 | AC5: 28 | AD5: 36 | AE5: 36 | AF5: 59 | AG5: 125 | AH5: 32 | AI5: * | AJ5: 46 | AK5: 33
A6: February | H6: 63 | I6: 47 | J6: 46 | K6: 46 | L6: 42 | P6: 24 | Q6: 25 | R6: 24 | S6: 22 | T6: 17 | U6: 15 | V6: 11 | W6: 12 | X6: 53 | Y6: * | Z6: 37 | AA6: 14 | AB6: 50 | AC6: 25 | AD6: 51 | AE6: 11 | AF6: 48 | AG6: 28 | AH6: 36 | AI6: * | AJ6: 32 | AK6: 4
A7: March | H7: 68 | I7: 31 | J7: 34 | K7: 50 | L7: 63 | P7: 41 | Q7: 11 | R7: 48 | S7: 4 | T7: 24 | U7: 19 | V7: 15 | W7: 4 | X7: 33 | Y7: * | Z7: 32 | AA7: 23 | AB7: 71 | AC7: 22 | AD7: 41 | AE7: 35 | AF7: 95 | AG7: 119 | AH7: 82 | AI7: * | AJ7: 73 | AK7: 2
A8: April | H8: 75 | I8: 65 | J8: 169 | K8: 57 | L8: 104 | P8: 84 | Q8: 48 | R8: 42 | S8: 40 | T8: 36 | U8: 31 | V8: 37 | W8: 31 | X8: 80 | Y8: 22 | Z8: 38 | AA8: 49 | AB8: 89 | AC8: 87 | AD8: 42 | AE8: 104 | AF8: 83 | AG8: 173 | AH8: 158 | AI8: * | AJ8: 96 | AK8: 7
A9: May | H9: 140 | I9: 117 | J9: 320 | K9: 159 | L9: 231 | P9: 104 | Q9: 139 | R9: 54 | S9: 102 | T9: 104 | U9: 108 | V9: 88 | W9: 51 | X9: 174 | Y9: 84 | Z9: 148 | AA9: 146 | AB9: 118 | AC9: 84 | AD9: 122 | AE9: 239 | AF9: 367 | AG9: 318 | AH9: 302 | AI9: * | AJ9: 168
A10: June | H10: 106 | I10: 81 | J10: 102 | K10: 134 | L10: 580 | P10: 138 | Q10: 87 | R10: 28 | S10: 64 | T10: 53 | U10: 50 | V10: 133 | W10: 145 | X10: 124 | Y10: 45 | Z10: 127 | AA10: 99 | AB10: 108 | AC10: 96 | AD10: 171 | AE10: 225 | AF10: 346 | AG10: 321 | AH10: 386 | AI10: * | AJ10: 143
A11: July | H11: 138 | I11: 146 | J11: 283 | K11: 128 | L11: 168 | P11: 44 | Q11: 138 | R11: 118 | S11: 175 | T11: 88 | U11: 120 | V11: 126 | W11: 114 | X11: 127 | Y11: 127 | Z11: 93 | AA11: 91 | AB11: 166 | AC11: 238 | AD11: 201 | AE11: 278 | AF11: 359 | AG11: 397 | AH11: 509 | AI11: 241 | AJ11: 210
A12: August | H12: 56 | I12: 207 | J12: 132 | K12: 129 | L12: 207 | P12: 130 | Q12: 75 | R12: 94 | S12: 147 | T12: 328 | U12: 89 | V12: 119 | W12: 135 | X12: 150 | Y12: 11 | Z12: 146 | AA12: 132 | AB12: 180 | AC12: 222 | AD12: 205 | AE12: 268 | AF12: 515 | AG12: 531 | AH12: 367 | AI12: 242 | AJ12: 229
A13: September | I13: 103 | K13: 119 | L13: 134 | P13: 112 | Q13: 36 | R13: 42 | S13: 97 | T13: 144 | U13: 17 | V13: 149 | W13: 51 | X13: * | Y13: 11 | Z13: 75 | AA13: 98 | AB13: 78 | AC13: 129 | AD13: 124 | AE13: 202 | AF13: 546 | AG13: 305 | AH13: * | AI13: 162 | AJ13: 137
A14: October | I14: 117 | J14: 50 | K14: 144 | L14: 154 | P14: 114 | Q14: 62 | R14: 35 | S14: 76 | T14: 210 | U14: * | V14: 113 | W14: 115 | X14: 51 | Y14: 52 | Z14: 59 | AA14: 96 | AB14: 58 | AC14: 111 | AD14: 172 | AE14: 252 | AF14: 626 | AG14: 484 | AH14: * | AI14: 186 | AJ14: 160
A15: November | I15: 28 | J15: 121 | K15: 89 | L15: 79 | P15: 88 | Q15: 57 | R15: 65 | S15: 27 | T15: 47 | U15: * | V15: 48 | W15: 81 | X15: 17 | Y15: 18 | Z15: 69 | AA15: 83 | AB15: 105 | AC15: 21 | AD15: 73 | AE15: 114 | AF15: 360 | AG15: 237 | AH15: * | AI15: 167 | AJ15: 104
A16: December | I16: 22 | J16: 143 | K16: 54 | L16: 21 | P16: 21 | Q16: 1 | R16: 42 | S16: 17 | T16: 39 | U16: * | V16: 11 | W16: 39 | X16: 9 | Y16: 26 | Z16: 33 | AA16: 68 | AB16: 36 | AC16: 57 | AD16: 48 | AE16: 52 | AF16: 86 | AG16: 135 | AH16: * | AI16: 102 | AJ16: 37
AL17: *Registers missing
A18: Yearly Totals | B18: 783 | C18: 1187 | D18: 999 | E18: 1000 | F18: 935 | G18: 779 | H18: =SUM(H5:H16) -> 669 | I18: =SUM(I5:I17) -> 999 | J18: =SUM(J5:J17) -> 1438 | K18: =SUM(K5:K17) -> 1162 | L18: =SUM(L5:L17) -> 1850 | M18: 1171 | N18: 918 | O18: 670 | P18: =SUM(P5:P17) -> 934 | Q18: =SUM(Q5:Q16) -> 695 | R18: =SUM(R5:R16) -> 601 | S18: =SUM(S5:S16) -> 813 | T18: =SUM(T5:T16) -> 1120 | U18: =SUM(U5:U16) -> 468 | V18: =SUM(V5:V16) -> 853 | W18: =SUM(W5:W16) -> 790 | X18: =SUM(X5:X16) -> 850 | ... AD18: =SUM(AD5:AD16) -> 1286 | AE18: =SUM(AE5:AE17) -> 1816 | AF18: =SUM(AF5:AF17) -> 3490 | AG18: =SUM(AG5:AG17) -> 3173 | AH18: 1872 | AI18: 744 | AJ18: =SUM(AJ5:AJ17) -> 1435 | AK18: =SUM(AK5:AK17) -> 46
J19: 1556

Sheet Diamond Notch (Spruceton)
A1: Hunter-Westkill Mountain Wilderness
A2: Diamond Notch (Spruceton) | Z2: R05
B3: 1990 | C3: 1991 | D3: 1992 | E3: 1993 | F3: 1994 | G3: 1995 | H3: 1996 | I3: 1997 | J3: 1998 | K3: 1999 | L3: 2000 | M3: 2001 | N3: 2002 | O3: 2003 | P3: 2004 | Q3: 2005 | R3: 2006 | S3: 2007 | T3: 2008 | U3: 2009 | V3: 2010 | W3: 2011 | X3: 2012 | Y3: 2013 | Z3: 2014 | AA3: 2015 | AB3: 2016 | AC3: 2017 | AD3: 2018 | AE3: 2019 | AF3: 2020 | AG3: 2021 | AH3: 2022 | AI3: 2023 | AJ3: 2024 | AK3: 2025
A5: January | H5: 19 | I5: 76 | J5: 108 | K5: 63 | L5: 21 | P5: 98 | Q5: 64 | R5: 68 | S5: 68 | T5: 131 | U5: 93 | V5: 125 | W5: 125 | X5: 117 | Y5: * | Z5: 53 | AA5: 57 | AB5: 85 | AC5: 120 | AD5: 43 | AE5: 154 | AF5: 220 | AG5: 253 | AH5: 236 | AI5: 357 | AJ5: 112 | AK5: 235
A6: February | H6: 15 | I6: 74 | J6: 73 | K6: 103 | L6: 69 | P6: 78 | Q6: 113 | R6: 117 | S6: 88 | T6: 67 | U6: 94 | V6: 121 | W6: 107 | X6: 122 | Y6: * | Z6: 26 | AA6: 20 | AB6: 82 | AC6: 55 | AD6: 85 | AE6: 180 | AF6: 308 | AG6: 194 | AH6: 235 | AI6: 232 | AJ6: 287 | AK6: 42
A7: March | I7: 136 | J7: 54 | K7: 53 | L7: 80 | P7: 76 | Q7: 93 | R7: 50 | S7: 59 | T7: 59 | U7: 83 | V7: 80 | W7: 78 | X7: 159 | Y7: * | Z7: 28 | AA7: 56 | AB7: 81 | AC7: 49 | AD7: 57 | AE7: 221 | AF7: 243 | AG7: 299 | AH7: 248 | AI7: 261 | AJ7: 347 | AK7: 109
A8: April | I8: 82 | J8: 46 | K8: 52 | L8: 103 | P8: 119 | Q8: 73 | R8: 176 | S8: 65 | T8: 100 | U8: 142 | V8: 114 | W8: 122 | X8: 228 | Y8: 51 | Z8: 76 | AA8: 52 | AB8: 126 | AC8: 173 | AD8: 88 | AE8: 285 | AF8: 189 | AG8: 416 | AH8: 434 | AI8: 462 | AJ8: 329 | AK8: 25
A9: May | I9: 109 | J9: 148 | K9: 215 | L9: 152 | P9: 235 | Q9: 167 | R9: 163 | S9: 153 | T9: 256 | U9: 308 | V9: 277 | W9: 144 | X9: 283 | Y9: 114 | Z9: 123 | AA9: 186 | AB9: 156 | AC9: 137 | AD9: 112 | AE9: 373 | AF9: 486 | AG9: 508 | AH9: 514 | AI9: 784 | AJ9: 157
A10: June | H10: 90 | I10: 133 | J10: 140 | K10: 267 | L10: 107 | P10: 269 | Q10: 135 | R10: 118 | S10: 282 | T10: 244 | U10: 201 | V10: 326 | W10: 294 | X10: 332 | Y10: 185 | Z10: 136 | AA10: 120 | AB10: 309 | AC10: 145 | AD10: 157 | AE10: 519 | AF10: 739 | AG10: 556 | AH10: 238 | AI10: 435 | AJ10: 433
A11: July | H11: 66 | I11: 280 | J11: 7 | K11: 148 | L11: 234 | P11: 369 | Q11: 358 | R11: 351 | S11: 484 | T11: 387 | U11: 410 | V11: 430 | W11: 494 | X11: 357 | Y11: 191 | Z11: 264 | AA11: 391 | AB11: 223 | AC11: 175 | AD11: 250 | AE11: 771 | AF11: 782 | AG11: 741 | AH11: 1052 | AI11: 1059 | AJ11: 888
A12: August | I12: 347 | J12: 458 | K12: 186 | L12: 216 | P12: 383 | Q12: 374 | R12: 433 | S12: 356 | T12: 510 | U12: 493 | V12: 485 | W12: 422 | X12: 364 | Y12: 153 | Z12: 289 | AA12: 224 | AB12: 186 | AC12: 211 | AD12: 192 | AE12: 864 | AF12: 1184 | AG12: 751 | AH12: 865 | AI12: 815 | AJ12: 776
A13: September | I13: 231 | J13: 262 | K13: 201 | L13: 183 | P13: 255 | Q13: 227 | R13: 96 | S13: 264 | T13: 167 | U13: 65 | V13: 374 | W13: 33 | X13: * | Y13: 206 | Z13: 120 | AA13: 173 | AB13: 229 | AC13: 149 | AD13: 202 | AE13: 621 | AF13: 794 | AG13: 565 | AH13: 590 | AI13: 575 | AJ13: 145*
A14: October | I14: 362 | J14: 273 | K14: 278 | L14: 325 | P14: 385 | Q14: 242 | R14: 291 | S14: 286 | T14: 317 | U14: 113 | V14: 304 | W14: 79 | X14: * | Y14: 176 | Z14: 150 | AA14: 180 | AB14: 196 | AC14: 147 | AD14: 320 | AE14: 594 | AF14: 941 | AG14: 888 | AH14: 873 | AI14: 746 | AJ14: 53*
A15: November | I15: 64 | J15: 101 | K15: 107 | L15: 63 | P15: 107 | Q15: 149 | R15: 140 | S15: 164 | T15: 84 | U15: 227 | V15: 146 | W15: 146 | X15: * | Y15: 98 | Z15: 61 | AA15: 95 | AB15: 133 | AC15: 123 | AD15: 286 | AE15: 356 | AF15: 553 | AG15: 359 | AH15: 399 | AI15: 396 | AJ15: 369
A16: December | I16: 28 | J16: 51 | K16: 5 | L16: 27 | P16: 68 | Q16: 34 | R16: 158 | S16: 84 | T16: 69 | U16: 86 | V16: 44 | W16: 56 | X16: * | Y16: * | Z16: 55 | AA16: 60 | AB16: 133 | AC16: 87 | AD16: 295 | AE16: 160 | AF16: 197 | AG16: 427 | AH16: 261 | AI16: 348 | AJ16: 235 | AL16: *Registers missing
A18: Yearly Totals | B18: 1478 | C18: 1569 | D18: 1195 | E18: 1274 | F18: 1210 | G18: 908 | H18: =SUM(H5:H16) -> 190 | I18: =SUM(I5:I17) -> 1922 | J18: =SUM(J5:J17) -> 1721 | K18: =SUM(K5:K17) -> 1678 | L18: =SUM(L5:L17) -> 1580 | M18: 2114 | N18: 1507 | O18: 2008 | P18: =SUM(P5:P16) -> 2442 | Q18: =SUM(Q5:Q17) -> 2029 | R18: =SUM(R5:R17) -> 2161 | S18: =SUM(S5:S17) -> 2353 | T18: =SUM(T5:T16) -> 2391 | U18: =SUM(U5:U16) -> 2315 | V18: =SUM(V5:V16) -> 2826 | W18: =SUM(W5:W16) -> 2100 | X18: =SUM(X5:X16) -> 1962 | Y18: =SUM(Y5:Y16) -> 1174 | Z18: =SUM(Z5:Z16) -> 1381 | AA18: =SUM(AA5:AA16) -> 1614 | ... AD18: =SUM(AD5:AD16) -> 2087 | AE18: =SUM(AE5:AE17) -> 5098 | AF18: =SUM(AF5:AF17) -> 6636 | AG18: =SUM(AG5:AG17) -> 5957 | AH18: =SUM(AH5:AH17) -> 5945 | AI18: =SUM(AI5:AI17) -> 6470 | AJ18: =SUM(AJ5:AJ17) -> 3933 | AK18: =SUM(AK5:AK17) -> 411
K19: 1733

Sheet DRB Margaretville Pakatakan
A1: Dry Brook Ridge Wild Forest
A2: Margaretville/Pakatakan | W2: R54
B3: 1991 | C3: 1992 | D3: 1993 | E3: 1994 | F3: 1995 | G3: 1996 | H3: 1997 | I3: 1998 | J3: 1999 | K3: 2000 | L3: 2001 | M3: 2002 | N3: 2003 | O3: 2004 | P3: 2005 | Q3: 2006 | R3: 2007 | S3: 2008 | T3: 2009 | U3: 2010 | V3: 2011 | W3: 2012 | X3: 2013 | Y3: 2014 | Z3: 2015 | AA3: 2016 | AB3: 2017 | AC3: 2018 | AD3: 2019 | AE3: 2020 | AF3: 2021 | AG3: 2022 | AH3: 2023 | AI3: 2024 | AJ3: 2025 | AK3: 2026
A5: January | H5: 4 | I5: 11 | J5: 2 | K5: 8 | O5: 14 | P5: 17 | Q5: 9 | R5: 1 | S5: 5 | T5: 9 | U5: 10 | V5: 5 | W5: 9 | X5: * | Y5: 4 | Z5: 8 | AA5: 7 | AB5: 5 | AC5: 16 | AD5: 16 | AE5: 5 | AF5: 19 | AG5: 25 | AH5: 34 | AI5: 8 | AJ5: 14 | AK5: 7
A6: February | H6: 4 | I6: 12 | J6: 32 | K6: 24 | O6: 11 | P6: 5 | Q6: 8 | R6: 7 | S6: 1 | T6: 8 | U6: 8 | V6: 2 | W6: 7 | X6: * | Y6: 6 | Z6: 0 | AA6: 14 | AB6: 13 | AC6: 24 | AD6: 11 | AE6: 12 | AF6: 21 | AG6: 17 | AH6: 13 | AI6: 24 | AJ6: 11
A7: March | H7: 6 | I7: 4 | J7: 10 | K7: 21 | O7: 20 | P7: 1 | Q7: 13 | R7: 8 | S7: 9 | T7: 19 | U7: 9 | V7: 10 | W7: 20 | X7: * | Y7: 12 | Z7: 6 | AA7: 30 | AB7: 4 | AC7: 8 | AD7: 10 | AE7: 52 | AF7: 37 | AG7: 21 | AH7: 34 | AI7: 12 | AJ7: 14
A8: April | H8: 37 | I8: 21 | J8: 35 | K8: 35 | O8: 10 | P8: 31 | Q8: 21 | R8: 12 | S8: 42 | T8: 20 | U8: 33 | V8: 29 | W8: 40 | X8: * | Y8: 32 | Z8: 23 | AA8: 49 | AB8: 28 | AC8: 29 | AD8: 30 | AE8: 34 | AF8: 80 | AG8: 35 | AH8: 66 | AI8: 10 | AJ8: 14
A9: May | H9: 26 | I9: 35 | J9: 78 | K9: 41 | O9: 41 | P9: 25 | Q9: 24 | R9: 32 | S9: 61 | T9: 49 | U9: 33 | V9: 40 | W9: 43 | X9: 32 | Y9: 84 | Z9: 94 | AA9: 55 | AB9: 54 | AC9: 45 | AD9: 50 | AE9: 63 | AF9: 93 | AG9: 46 | AH9: 53 | AI9: 15 | AJ9: 26
A10: June | H10: 25 | I10: 23 | J10: 12 | K10: 39 | O10: 31 | P10: 40 | Q10: 33 | R10: 18 | S10: 34 | T10: 46 | U10: 33 | V10: 32 | W10: 23 | X10: 36 | Y10: 30 | Z10: 39 | AA10: 49 | AB10: 35 | AC10: 42 | AD10: 44 | AE10: 68 | AF10: 84 | AG10: 23 | AH10: 30 | AI10: * | AJ10: 29
A11: July | I11: 33 | J11: 42 | K11: 59 | O11: 40 | P11: 37 | Q11: 39 | R11: 60 | S11: 63 | T11: 50 | U11: 60 | V11: 35 | W11: 41 | X11: 45 | Y11: 36 | Z11: 58 | AA11: 60 | AB11: 60 | AC11: 64 | AD11: 63 | AE11: 67 | AF11: 101 | AG11: 68 | AH11: 31 | AI11: * | AJ11: 60
A12: August | H12: 9 | I12: 40 | J12: 32 | K12: 36 | O12: 37 | P12: 42 | Q12: 33 | R12: 38 | S12: 54 | T12: 37 | U12: 84 | V12: 45 | W12: 58 | X12: 42 | Y12: 65 | Z12: 43 | AA12: 35 | AB12: 58 | AC12: 44 | AD12: 54 | AE12: 43 | AF12: 48 | AG12: 60 | AH12: 52 | AI12: 48 | AJ12: 39
A13: September | H13: 38 | I13: 41 | J13: 47 | K13: 33 | O13: 28 | P13: 31 | Q13: 47 | R13: 40 | S13: 23 | T13: 47 | U13: 42 | V13: 29 | W13: 8 | X13: 33 | Y13: 30 | Z13: 22 | AA13: 36 | AB13: 47 | AC13: 52 | AD13: 38 | AE13: 69 | AF13: 66 | AG13: 48 | AH13: 32 | AI13: 28 | AJ13: 24
A14: October | H14: 50 | I14: 69 | J14: 25 | K14: 49 | O14: 29 | P14: 36 | Q14: 33 | R14: 40 | S14: 35 | T14: 60 | U14: 35 | V14: 25 | W14: * | X14: 38 | Y14: 73 | Z14: 36 | AA14: 60 | AB14: 49 | AC14: 49 | AD14: 73 | AE14: 67 | AF14: 47 | AG14: 117 | AH14: 41 | AI14: 50 | AJ14: 31
A15: November | H15: 17 | I15: 33 | J15: 18 | K15: 26 | O15: 18 | P15: 17 | Q15: 24 | R15: 17 | S15: 15 | T15: 30 | U15: 14 | V15: 17 | W15: * | X15: 21 | Y15: 33 | Z15: 33 | AA15: 21 | AB15: 61 | AC15: 24 | AD15: 30 | AE15: 68 | AF15: 30 | AG15: 30 | AH15: 39 | AI15: 34 | AJ15: 19
A16: December | H16: 0 | I16: 4 | J16: 17 | K16: 8 | O16: 4 | P16: 4 | Q16: 18 | R16: 7 | S16: 18 | T16: 4 | U16: 3 | V16: 17 | W16: * | X16: 6 | Y16: 26 | Z16: 21 | AA16: 12 | AB16: 7 | AC16: 22 | AD16: 17 | AE16: 25 | AF16: 29 | AG16: 18 | AH16: 26 | AI16: 12 | AJ16: 7 | AL16: *Registers missing
A18: Yearly Totals | B18: =SUM(B5:B16) -> 0 | C18: =SUM(C5:C16) -> 0 | D18: =SUM(D5:D16) -> 0 | E18: =SUM(E5:E16) -> 0 | F18: =SUM(F5:F16) -> 0 | G18: =SUM(G5:G16) -> 0 | H18: =SUM(H5:H17) -> 216 | I18: =SUM(I5:I17) -> 326 | J18: =SUM(J5:J17) -> 350 | K18: =SUM(K5:K17) -> 379 | L18: 356 | M18: 347 | N18: 313 | O18: =SUM(O5:O17) -> 283 | P18: =SUM(P5:P16) -> 286 | Q18: =SUM(Q5:Q16) -> 302 | R18: =SUM(R5:R16) -> 280 | S18: =SUM(S5:S16) -> 360 | T18: =SUM(T5:T16) -> 379 | U18: =SUM(U5:U16) -> 364 | V18: =SUM(V5:V16) -> 286 | W18: =SUM(W5:W16) -> 249 | ... AK18: =SUM(AK5:AK16) -> 7
H19: 306

Sheet Long Path North
A1: Elm Ridge Wild Forest
A2: Long Path North | W2: R28
B3: 1991 | C3: 1992 | D3: 1993 | E3: 1994 | F3: 1995 | G3: 1996 | H3: 1997 | I3: 1998 | J3: 1999 | K3: 2000 | L3: 2001 | M3: 2002 | N3: 2003 | O3: 2004 | P3: 2005 | Q3: 2006 | R3: 2007 | S3: 2008 | T3: 2009 | U3: 2010 | V3: 2011 | W3: 2012 | X3: 2013 | Y3: 2014 | Z3: 2015 | AA3: 2016 | AB3: 2017 | AC3: 2018 | AD3: 2019 | AE3: 2020 | AF3: 2021 | AG3: 2022 | AH3: 2023 | AI3: 2024 | AJ3: 2025
A5: January | H5: 5 | I5: 11 | J5: 7 | K5: 2 | O5: 30 | P5: 16 | Q5: 11 | R5: 28 | S5: 16 | T5: 17 | U5: 5 | V5: 16 | W5: 11 | X5: * | Y5: 4 | Z5: 5 | AA5: 8 | AB5: 3 | AC5: 5 | AD5: 11 | AE5: 9 | AF5: 37 | AG5: 10 | AH5: 4 | AI5: 6 | AJ5: 13
A6: February | H6: 4 | I6: 18 | J6: 16 | K6: 0 | O6: 9 | P6: 1 | Q6: 4 | R6: 10 | S6: 11 | T6: 8 | U6: 17 | V6: 15 | W6: 12 | X6: * | Y6: 13 | Z6: 0 | AA6: 7 | AB6: 14 | AC6: 26 | AD6: 4 | AE6: 2 | AF6: 17 | AG6: 9 | AH6: 17 | AI6: 19 | AJ6: 6
A7: March | G7: 1 | H7: 9 | I7: 13 | J7: 13 | K7: 4 | O7: 30 | P7: 6 | Q7: 3 | R7: 22 | S7: 15 | T7: 16 | U7: 4 | V7: 12 | W7: 13 | X7: * | Y7: 16 | Z7: 11 | AA7: 37 | AB7: 2 | AC7: 19 | AD7: 9 | AE7: 37 | AF7: 21 | AG7: 8 | AH7: 9 | AI7: 29 | AJ7: 26
A8: April | G8: 8 | H8: 9 | I8: 8 | J8: 25 | K8: 2 | O8: 66 | P8: 11 | Q8: 35 | R8: 13 | S8: 17 | T8: 41 | U8: 16 | V8: 28 | W8: 34 | X8: 12 | Y8: 14 | Z8: 17 | AA8: 16 | AB8: 11 | AC8: 7 | AD8: 17 | AE8: 39 | AF8: 27 | AG8: 19 | AH8: 23 | AI8: 21 | AJ8: 15
A9: May | G9: 2 | H9: 12 | I9: 25 | J9: 9 | K9: 3 | O9: 24 | P9: 7 | Q9: 16 | R9: 67 | S9: 15 | T9: 31 | U9: 38 | V9: 29 | W9: 38 | X9: 25 | Y9: 12 | Z9: 20 | AA9: 21 | AB9: 20 | AC9: 21 | AD9: 33 | AE9: 49 | AF9: 36 | AG9: 23 | AH9: 52 | AI9: 44 | AJ9: 27
A10: June | G10: 7 | H10: 18 | I10: 9 | J10: 26 | K10: 0 | O10: 70 | P10: 3 | Q10: 10 | R10: 23 | S10: 17 | T10: 22 | U10: 25 | V10: 10 | W10: 9 | X10: 8 | Y10: 19 | Z10: 13 | AA10: 46 | AB10: 23 | AC10: 42 | AD10: 59 | AE10: 64 | AF10: 41 | AG10: 44 | AH10: 49 | AI10: 17 | AJ10: 25
A11: July | G11: 9 | H11: 8 | I11: 8 | J11: 6 | K11: 7 | O11: 53 | P11: 11 | Q11: 20 | R11: 28 | S11: 26 | T11: 41 | U11: 23 | V11: 34 | W11: 32 | X11: 15 | Y11: 25 | Z11: 31 | AA11: 14 | AB11: 38 | AC11: 78 | AD11: 62 | AE11: 50 | AF11: 25 | AG11: 70 | AH11: 70 | AI11: 65
A12: August | H12: 18 | I12: 13 | J12: 7 | K12: 3 | O12: 19 | P12: 6 | Q12: 26 | R12: 42 | S12: 33 | T12: 33 | U12: 34 | V12: 31 | W12: * | X12: 10 | Y12: 50 | Z12: 32 | AA12: 17 | AB12: 16 | AC12: 21 | AD12: 50 | AE12: 98 | AF12: 45 | AG12: 64 | AH12: 60 | AI12: 53
A13: September | H13: 13 | I13: 3 | J13: 3 | K13: 20 | O13: 18 | P13: 26 | Q13: 17 | R13: 22 | S13: 29 | T13: 27 | U13: 30 | V13: 11 | W13: 3 | X13: 18 | Y13: 35 | Z13: 21 | AA13: 62 | AB13: 51 | AC13: 27 | AD13: 31 | AE13: 42 | AF13: 17 | AG13: 40 | AH13: 32 | AI13: 58
A14: October | H14: 35 | I14: 24 | J14: 38 | K14: 14 | P14: 16 | Q14: 39 | R14: 55 | S14: 33 | T14: 23 | U14: 57 | V14: 16 | W14: 4 | X14: 20 | Y14: 20 | Z14: 13 | AA14: 39 | AB14: 103 | AC14: 29 | AD14: 59 | AE14: 61 | AF14: 36 | AG14: 93 | AH14: 48 | AI14: 81
A15: November | H15: 14 | I15: 11 | J15: 11 | K15: 1 | P15: 14 | Q15: 10 | R15: 22 | S15: 8 | T15: 22 | U15: 60 | V15: 27 | W15: 2 | X15: 4 | Y15: 6 | Z15: 14 | AA15: 10 | AB15: 27 | AC15: 4 | AD15: 19 | AE15: 42 | AF15: 10 | AG15: 14 | AH15: 24 | AI15: 30
A16: December | H16: 15 | I16: 4 | K16: 2 | P16: 7 | Q16: 12 | R16: 4 | S16: 4 | T16: 4 | U16: 5 | V16: 3 | W16: 4 | X16: 4 | Y16: 9 | Z16: 12 | AA16: 5 | AB16: 20 | AC16: 8 | AD16: 5 | AE16: 31 | AF16: 19 | AG16: 15 | AH16: 17 | AI16: 46 | AK16: *Registers missing
A18: Yearly Totals | B18: =SUM(B5:B16) -> 0 | C18: =SUM(C5:C16) -> 0 | D18: 102 | E18: 76 | F18: 33 | G18: =SUM(G5:G17) -> 27 | H18: =SUM(H5:H17) -> 160 | I18: =SUM(I5:I17) -> 147 | J18: =SUM(J5:J17) -> 161 | K18: =SUM(K5:K17) -> 58 | L18: 148 | M18: 58 | N18: 161 | O18: 382 | P18: =SUM(P5:P16) -> 124 | Q18: =SUM(Q5:Q16) -> 203 | R18: =SUM(R5:R16) -> 336 | S18: =SUM(S5:S16) -> 224 | T18: =SUM(T5:T16) -> 285 | U18: =SUM(U5:U16) -> 314 | V18: =SUM(V5:V16) -> 232 | W18: =SUM(W5:W16) -> 162 | ... AC18: =SUM(AC5:AC16) -> 287 | AD18: =SUM(AD5:AD17) -> 359 | AE18: =SUM(AE5:AE17) -> 524 | AF18: =SUM(AF5:AF17) -> 331 | AG18: =SUM(AG5:AG17) -> 409 | AH18: 233 | AI18: =SUM(AI5:AI17) -> 469 | AJ18: =SUM(AJ5:AJ17) -> 112
H19: 163

Sheet East Windham
A1: Elm Ridge Wild Forest
A2: East Windham | V2: R15
B3: 1990 | C3: 1991 | D3: 1992 | E3: 1993 | F3: 1994 | G3: 1995 | H3: 1996 | I3: 1997 | J3: 1998 | K3: 1999 | L3: 2000 | M3: 2001 | N3: 2002 | O3: 2003 | P3: 2004 | Q3: 2005 | R3: 2006 | S3: 2007 | T3: 2008 | U3: 2009 | V3: 2010 | W3: 2011 | X3: 2012 | Y3: 2013 | Z3: 2014 | AA3: 2015 | AB3: 2016 | AC3: 2017 | AD3: 2018 | AE3: 2019 | AF3: 2020 | AG3: 2021 | AH3: 2022 | AI3: 2023 | AJ3: 2024 | AK3: 2025
A5: January | H5: 50 | I5: 32 | J5: 82 | K5: 55 | L5: 118 | P5: 60 | Q5: 96 | R5: 89 | S5: 48 | T5: 69 | U5: 88 | V5: 137 | W5: 64 | X5: 144 | Y5: * | Z5: 128 | AA5: 113 | AB5: 100 | AC5: 184 | AD5: 90 | AE5: 106 | AF5: 145 | AG5: 253 | AH5: 98 | AI5: 199 | AJ5: 151 | AK5: 44
A6: February | H6: 60 | I6: 130 | J6: 108 | K6: 85 | L6: 101 | P6: 107 | Q6: 92 | R6: 59 | S6: 114 | T6: 56 | U6: 71 | V6: 75 | W6: 100 | X6: 176 | Y6: * | Z6: 98 | AA6: 55 | AB6: 33 | AC6: 227 | AD6: 168 | AE6: 162 | AF6: 182 | AG6: 147 | AH6: 97 | AI6: 221 | AJ6: 135 | AK6: 60
A7: March | H7: 129 | I7: 109 | J7: 69 | K7: 80 | L7: 111 | P7: 53 | Q7: 82 | R7: 75 | S7: 64 | T7: 95 | U7: 106 | V7: 69 | W7: 23 | X7: 194 | Y7: * | Z7: 78 | AA7: 33 | AB7: 256 | AC7: 67 | AD7: 139 | AE7: 107 | AF7: 292 | AG7: 214 | AH7: 150 | AI7: 119 | AJ7: 162 | AK7: 123
A8: April | H8: 169 | I8: 13 | J8: 127 | K8: 222 | L8: 160 | P8: 86 | Q8: 117 | R8: 181 | S8: 86 | T8: 146 | U8: 197 | V8: 150 | W8: 108 | X8: 332 | Y8: 212 | Z8: 197 | AA8: 149 | AB8: 245 | AC8: 275 | AD8: 224 | AE8: 263 | AF8: 229 | AG8: 284 | AH8: 189 | AI8: 334 | AJ8: 267 | AK8: 146
A9: May | H9: 361 | I9: 238 | J9: 274 | K9: 327 | L9: 285 | P9: 242 | Q9: 225 | R9: 215 | S9: 253 | T9: 309 | U9: 219 | V9: 266 | W9: 235 | X9: 80 | Y9: 263 | Z9: 254 | AA9: 283 | AB9: 290 | AC9: 353 | AD9: 471 | AE9: 352 | AF9: 548 | AG9: 367 | AH9: 413 | AI9: 495 | AJ9: 340 | AK9: 259 | AL9: JB notes: sheets missing (taken) from register
A10: June | H10: 254 | I10: 236 | J10: 172 | K10: 197 | L10: 205 | P10: 185 | Q10: 167 | R10: 165 | S10: 258 | T10: 224 | U10: 148 | V10: 164 | W10: 75 | X10: 82 | Y10: 296 | Z10: 319 | AA10: 210 | AB10: 344 | AC10: 363 | AD10: 151 | AE10: 367 | AF10: 529 | AG10: 342 | AH10: 389 | AI10: 357 | AJ10: 410 | AK10: 326 | AL10: =$AL$9 -> JB notes: sheets missing (taken) from register
A11: July | H11: 468 | I11: 175 | J11: 257 | K11: 579 | L11: 433 | P11: 225 | Q11: 273 | R11: 259 | S11: 278 | T11: 303 | U11: 272 | V11: 512 | W11: 269 | X11: 364 | Y11: 393 | Z11: 347 | AA11: 394 | AB11: 523 | AC11: 535 | AD11: 563 | AE11: 433 | AF11: 488 | AG11: 496 | AH11: 450 | AI11: 426 | AJ11: 473 | AK11: 449
A12: August | H12: 233 | I12: 368 | J12: 287 | K12: 352 | L12: 316 | P12: 242 | Q12: 216 | R12: 440 | S12: 277 | T12: 317 | U12: 286 | V12: 328 | W12: 365 | X12: * | Y12: 496 | Z12: 422 | AA12: 499 | AB12: 338 | AC12: 512 | AD12: 448 | AE12: 512 | AF12: 630 | AG12: 411 | AH12: 483 | AI12: 530 | AJ12: 482 | AK12: 236
A13: September | I13: 292 | J13: 336 | K13: 378 | L13: 270 | P13: 233 | Q13: 316 | R13: 361 | S13: 371 | T13: 188 | U13: 305 | V13: 326 | W13: 134 | X13: * | Y13: 509 | Z13: 315 | AA13: 379 | AB13: 315 | AC13: 519 | AD13: 315 | AE13: 411 | AF13: 665 | AG13: 364 | AH13: 315 | AI13: 342 | AJ13: 402
A14: October | I14: 560 | J14: 475 | K14: 535 | L14: 536 | P14: 313 | Q14: 192 | R14: 417 | S14: 289 | T14: 352 | U14: 149 | V14: 109 | W14: 356 | X14: * | Y14: 371 | Z14: 347 | AA14: 458 | AB14: 379 | AC14: 487 | AD14: 366 | AE14: 529 | AF14: 560 | AG14: 412 | AH14: 604 | AI14: 410 | AJ14: 568
A15: November | I15: 71 | J15: 187 | K15: 178 | L15: 133 | P15: 116 | Q15: 216 | R15: 233 | S15: 118 | T15: 71 | U15: 238 | V15: 37 | W15: 233 | X15: * | Y15: 205 | Z15: 130 | AA15: 268 | AB15: 201 | AC15: 236 | AD15: 130 | AE15: 348 | AF15: 368 | AG15: 191 | AH15: 260 | AI15: 294 | AJ15: 245
A16: December | I16: 52 | J16: 116 | K16: 99 | L16: 79 | Q16: 63 | R16: 142 | S16: 62 | T16: 31 | U16: 79 | V16: 155 | W16: 139 | X16: * | Y16: 100 | Z16: 132 | AA16: 243 | AB16: 106 | AC16: 129 | AD16: 189 | AE16: 175 | AF16: 222 | AG16: 210 | AH16: 115 | AI16: 180 | AJ16: 113 | AL16: *Registers missing
A18: Yearly Totals | B18: 1851 | C18: 2337 | D18: 1995 | E18: 1914 | F18: 2459 | G18: 2562 | H18: =SUM(H5:H16) -> 1724 | I18: =SUM(I5:I16) -> 2276 | J18: =SUM(J5:J16) -> 2490 | K18: =SUM(K5:K17) -> 3087 | L18: =SUM(L5:L17) -> 2747 | M18: 2497 | N18: 2303 | O18: 2111 | P18: =SUM(P5:P17) -> 1862 | Q18: =SUM(Q5:Q16) -> 2055 | R18: =SUM(R5:R16) -> 2636 | S18: =SUM(S5:S16) -> 2218 | T18: =SUM(T5:T16) -> 2161 | U18: =SUM(U5:U16) -> 2158 | V18: =SUM(V5:V16) -> 2328 | W18: =SUM(W5:W16) -> 2101 | X18: =SUM(X5:X16) -> 1372 | ... AD18: =SUM(AD5:AD16) -> 3254 | AE18: =SUM(AE5:AE17) -> 3765 | AF18: =SUM(AF5:AF17) -> 4858 | AG18: =SUM(AG5:AG17) -> 3691 | AH18: =SUM(AH5:AH17) -> 3563 | AI18: =SUM(AI5:AI17) -> 3907 | AJ18: =SUM(AJ5:AJ17) -> 3748 | AK18: =SUM(AK5:AK17) -> 1643

Sheet Elm Ridge (Peck Rd)
A1: Elm Ridge Wild Forest
A2: Elm Ridge (Peck Rd) | X2: R27
B3: 1990 | C3: 1991 | D3: 1992 | E3: 1993 | F3: 1994 | G3: 1995 | H3: 1996 | I3: 1997 | J3: 1998 | K3: 1999 | L3: 2000 | M3: 2001 | N3: 2002 | O3: 2003 | P3: 2004 | Q3: 2005 | R3: 2006 | S3: 2007 | T3: 2008 | U3: 2009 | V3: 2010 | W3: 2011 | X3: 2012 | Y3: 2013 | Z3: 2014 | AA3: 2015 | AB3: 2016 | AC3: 2017 | AD3: 2018 | AE3: 2019 | AF3: 2020 | AG3: 2021 | AH3: 2022 | AI3: 2023 | AJ3: 2024 | AK3: 2025
A5: January | H5: 46 | I5: 47 | J5: 50 | K5: 45 | L5: 48 | P5: 58 | R5: 33 | S5: 49 | T5: 24 | U5: 15 | V5: 39 | W5: 48 | X5: 53 | Y5: * | Z5: 39 | AA5: 91 | AB5: 58 | AC5: 101 | AD5: 71 | AE5: 60 | AF5: 157 | AG5: 201 | AH5: 88 | AI5: 128 | AJ5: 94 | AK5: 27
A6: February | H6: 38 | I6: 53 | J6: 47 | K6: 24 | L6: 41 | P6: 27 | S6: 44 | T6: 32 | U6: 48 | V6: 48 | W6: 63 | X6: 55 | Y6: * | Z6: 47 | AA6: 44 | AB6: 129 | AC6: 96 | AD6: 82 | AE6: 84 | AF6: 111 | AG6: 127 | AH6: 120 | AI6: 123 | AJ6: 82 | AK6: 35
A7: March | H7: 42 | I7: 42 | J7: 17 | K7: 54 | L7: 42 | P7: 28 | R7: 54 | S7: 24 | T7: 28 | U7: 68 | V7: 50 | W7: 51 | X7: 107 | Y7: 4 | Z7: 44 | AA7: 61 | AB7: 105 | AC7: 66 | AD7: 57 | AE7: 60 | AF7: 165 | AG7: 109 | AH7: 136 | AI7: 110 | AJ7: 100 | AK7: 31
A8: April | H8: 81 | I8: 48 | J8: 61 | K8: 45 | L8: 46 | P8: 114 | R8: 67 | S8: 75 | T8: 2 | U8: 78 | V8: 48 | W8: 50 | X8: 109 | Y8: 76 | Z8: 88 | AA8: 66 | AB8: 107 | AC8: 134 | AD8: 76 | AE8: 96 | AF8: 117 | AG8: 156 | AH8: 122 | AI8: 139 | AJ8: 135 | AK8: 43
A9: May | H9: 94 | I9: 70 | J9: 162 | K9: 119 | L9: 85 | P9: 90 | R9: 67 | S9: 55 | T9: 96 | U9: 92 | V9: 142 | W9: 174 | X9: 139 | Y9: 95 | Z9: 148 | AA9: 143 | AB9: 132 | AC9: 155 | AD9: 125 | AE9: 170 | AF9: 216 | AG9: 201 | AH9: 173 | AI9: 155 | AJ9: 164 | AK9: 97
A10: June | H10: 38 | I10: 114 | J10: 93 | K10: 178 | L10: 98 | P10: 33 | R10: 1 | S10: 95 | T10: 75 | U10: 87 | V10: 50 | W10: 75 | X10: 82 | Y10: 78 | Z10: 87 | AA10: 148 | AB10: 99 | AC10: 116 | AD10: 130 | AE10: 148 | AF10: 253 | AG10: 187 | AH10: 176 | AI10: 142 | AJ10: 97 | AK10: 145
A11: July | I11: 112 | J11: 127 | K11: 120 | L11: 97 | P11: 94 | R11: 64 | S11: 168 | T11: 71 | U11: 93 | V11: 94 | W11: 99 | X11: 99 | Y11: 138 | Z11: 109 | AA11: 105 | AB11: 159 | AC11: 205 | AD11: 188 | AE11: 182 | AF11: 321 | AG11: 150 | AH11: 215 | AI11: 181 | AJ11: * | AK11: 142
A12: August | H12: 117 | I12: 160 | J12: 146 | K12: 114 | L12: 162 | P12: 65 | R12: 100 | S12: 145 | T12: 156 | U12: 86 | V12: 123 | W12: 126 | X12: 26 | Y12: 156 | Z12: 158 | AA12: 186 | AB12: 193 | AC12: 144 | AD12: 152 | AE12: 174 | AF12: 329 | AG12: 173 | AH12: 191 | AI12: 214 | AJ12: *
A13: September | I13: 128 | J13: 128 | K13: 93 | L13: 117 | P13: 109 | R13: 114 | S13: 166 | T13: 69 | U13: 126 | V13: 109 | W13: 20 | X13: * | Y13: 133 | Z13: 151 | AA13: 129 | AB13: 111 | AC13: 175 | AD13: 163 | AE13: 141 | AF13: 292 | AG13: 220 | AH13: 158 | AI13: 127 | AJ13: *
A14: October | I14: 193 | J14: 211 | K14: 72 | L14: 238 | P14: 216 | R14: 78 | S14: 104 | T14: 102 | U14: 69 | V14: 215 | W14: 116 | X14: * | Y14: 161 | Z14: 166 | AA14: 133 | AB14: 145 | AC14: 168 | AD14: 157 | AE14: 199 | AF14: 360 | AG14: 276 | AH14: 265 | AI14: 176 | AJ14: *
A15: November | I15: 54 | J15: 54 | K15: 122 | L15: 71 | P15: 48 | R15: 50 | S15: 63 | T15: 6 | U15: 48 | V15: 96 | W15: 81 | X15: * | Y15: 140 | Z15: 58 | AA15: 151 | AB15: 75 | AC15: 57 | AD15: 59 | AE15: 160 | AF15: 148 | AG15: 127 | AH15: 108 | AI15: 130 | AJ15: *
A16: December | I16: 23 | J16: 48 | K16: 20 | L16: 21 | P16: 19 | R16: 44 | S16: 37 | T16: - | U16: 26 | V16: 67 | W16: 45 | X16: * | Y16: 38 | Z16: 49 | AA16: 90 | AB16: 81 | AC16: 54 | AD16: 97 | AE16: 95 | AF16: 149 | AG16: 106 | AH16: 112 | AI16: 100 | AJ16: 18 | AL16: *Registers missing
A18: Yearly Totals | B18: 784 | C18: 961 | D18: 1018 | E18: 1128 | F18: 1002 | G18: 1231 | H18: =SUM(H5:H17) -> 456 | I18: =SUM(I5:I17) -> 1044 | J18: =SUM(J5:J17) -> 1144 | K18: =SUM(K5:K17) -> 1006 | L18: =SUM(L5:L17) -> 1066 | M18: 989 | N18: 1114 | O18: 755 | P18: =SUM(P5:P17) -> 901 | Q18: 919 | R18: =SUM(R5:R16) -> 672 | S18: =SUM(S5:S16) -> 1025 | T18: =SUM(T5:T16) -> 661 | U18: =SUM(U5:U16) -> 836 | V18: =SUM(V5:V16) -> 1081 | W18: =SUM(W5:W16) -> 948 | X18: =SUM(X5:X16) -> 670 | Y18: =SUM(Y5:Y16) -> 1019 | ... AD18: =SUM(AD5:AD16) -> 1357 | AE18: =SUM(AE5:AE17) -> 1569 | AF18: =SUM(AF5:AF17) -> 2618 | AG18: =SUM(AG5:AG17) -> 2033 | AH18: =SUM(AH5:AH17) -> 1864 | AI18: =SUM(AI5:AI17) -> 1725 | AJ18: =SUM(AJ5:AJ17) -> 690 | AK18: =SUM(AK5:AK17) -> 520
AE1048576: =SUM(AE1:AE1048575) -> 5157

Sheet German Hollow
A1: Dry Brook Ridge Wild Forest
A2: German Hollow | W2: R46
B3: 1991 | C3: 1992 | D3: 1993 | E3: 1994 | F3: 1995 | G3: 1996 | H3: 1997 | I3: 1998 | J3: 1999 | K3: 2000 | L3: 2001 | M3: 2002 | N3: 2003 | O3: 2004 | P3: 2005 | Q3: 2006 | R3: 2007 | S3: 2008 | T3: 2009 | U3: 2010 | V3: 2011 | W3: 2012 | X3: 2013 | Y3: 2014 | Z3: 2015 | AA3: 2016 | AB3: 2017 | AC3: 2018 | AD3: 2019 | AE3: 2020 | AF3: 2021 | AG3: 2022 | AH3: 2023 | AI3: 2024 | AJ3: 2025 | AK3: 2026
A5: January | I5: 5 | J5: 4 | K5: 5 | O5: 7 | P5: 1 | Q5: 4 | R5: 2 | S5: 7 | T5: 4 | U5: 1 | V5: 3 | W5: 26 | X5: * | Y5: 1 | Z5: 1 | AA5: 2 | AB5: 16 | AC5: * | AD5: 1 | AE5: 3 | AF5: 6 | AG5: 3 | AH5: * | AI5: 8 | AJ5: 0 | AK5: 5
A6: February | H6: 4 | I6: 13 | J6: 4 | K6: 3 | O6: 4 | P6: 1 | Q6: 9 | R6: 0 | S6: 5 | T6: 6 | U6: 5 | V6: 4 | W6: 5 | X6: * | Y6: 0 | Z6: 6 | AA6: 12 | AB6: 0 | AC6: 4 | AD6: 2 | AE6: 0 | AF6: 0 | AG6: 2 | AH6: 4 | AI6: 3 | AJ6: 2
A7: March | H7: 1 | I7: 1 | J7: 4 | K7: 0 | O7: 3 | P7: 2 | Q7: 6 | R7: 1 | S7: 1 | T7: 13 | U7: 15 | V7: 1 | W7: 13 | X7: * | Y7: 0 | Z7: 0 | AA7: 2 | AB7: 1 | AC7: * | AD7: 1 | AE7: 2 | AF7: 2 | AG7: 3 | AH7: 2 | AI7: 17 | AJ7: 7
A8: April | H8: 9 | I8: 2 | J8: 12 | K8: 6 | O8: 7 | P8: 7 | Q8: 3 | R8: 14 | S8: 13 | T8: 10 | U8: 24 | V8: 9 | W8: 10 | X8: * | Y8: 6 | Z8: 3 | AA8: 5 | AB8: 20 | AC8: 1 | AD8: 5 | AE8: 5 | AF8: 16 | AG8: 1 | AH8: 2 | AJ8: 5
A9: May | H9: 16 | I9: 28 | J9: 20 | K9: 11 | O9: 4 | P9: 53 | Q9: 23 | R9: 11 | S9: 17 | T9: 19 | U9: 24 | V9: 20 | W9: 8 | X9: 8 | Y9: 10 | Z9: 4 | AA9: 6 | AB9: 4 | AC9: 8 | AD9: 9 | AE9: 5 | AF9: 6 | AG9: 4 | AH9: 9 | AI9: 1 | AJ9: 6
A10: June | H10: 9 | I10: 8 | J10: 14 | K10: 23 | O10: 10 | P10: 7 | Q10: 4 | R10: 31 | S10: 21 | T10: 29 | U10: 10 | V10: 3 | W10: 12 | X10: 12 | Y10: 4 | Z10: 11 | AA10: 1 | AB10: 15 | AC10: 7 | AD10: 2 | AE10: 22 | AF10: 14 | AG10: 3 | AH10: 15 | AI10: 5 | AJ10: 4
A11: July | H11: 49 | I11: 65 | J11: 76 | K11: 76 | O11: 38 | P11: 13 | Q11: 16 | R11: 6 | S11: 41 | T11: 11 | U11: 15 | V11: 13 | W11: 15 | X11: 19 | Y11: 13 | Z11: 10 | AA11: 18 | AB11: 4 | AC11: 24 | AD11: 3 | AE11: 14 | AF11: 10 | AG11: 11 | AH11: 5 | AI11: 3 | AJ11: 14
A12: August | H12: 20 | I12: 16 | J12: 16 | K12: 17 | O12: 15 | P12: 19 | Q12: 14 | R12: 29 | S12: 43 | T12: 36 | U12: 34 | V12: 16 | W12: 39 | X12: 28 | Y12: 12 | Z12: 13 | AA12: 17 | AB12: 8 | AC12: 3 | AD12: 6 | AE12: 17 | AF12: 16 | AG12: 6 | AH12: 5 | AI12: 10 | AJ12: 14
A13: September | H13: 7 | I13: 36 | J13: 22 | K13: 26 | O13: 12 | Q13: 8 | R13: 31 | S13: 26 | T13: 11 | U13: 7 | V13: 14 | W13: * | X13: 11 | Y13: 17 | Z13: 8 | AA13: 2 | AB13: 7 | AC13: 4 | AD13: 3 | AE13: 12 | AF13: 7 | AG13: 6 | AH13: 9 | AI13: 1 | AJ13: 26
A14: October | H14: 14 | I14: 14 | J14: 22 | K14: 9 | O14: 21 | P14: 14 | Q14: 34 | R14: 51 | S14: 19 | T14: 25 | U14: 17 | V14: 24 | W14: * | X14: 19 | Y14: 5 | Z14: 21 | AA14: 10 | AB14: 7 | AC14: 2 | AD14: 11 | AE14: 5 | AF14: 23 | AG14: 14 | AH14: 6 | AI14: 8 | AJ14: 4
A15: November | H15: 2 | I15: 17 | J15: 20 | K15: 9 | O15: 5 | P15: 21 | Q15: 12 | R15: 12 | S15: 22 | T15: 18 | U15: 5 | V15: 17 | W15: * | X15: 3 | Y15: 8 | Z15: 3 | AA15: 1 | AB15: 3 | AC15: 2 | AD15: 0 | AE15: 18 | AF15: 7 | AG15: 12 | AH15: 10 | AI15: 1 | AJ15: 4
A16: December | H16: 0 | I16: 2 | J16: 1 | K16: 5 | O16: 4 | P16: 14 | Q16: 5 | R16: 5 | S16: 7 | T16: 15 | U16: 7 | V16: 14 | W16: * | X16: 4 | Y16: 2 | Z16: 1 | AA16: 6 | AB16: 13 | AC16: 11 | AD16: 4 | AE16: 5 | AF16: 7 | AG16: * | AH16: 18 | AI16: 7 | AJ16: 1 | AL16: *Registers missing
P17: 1
A18: Yearly Totals | B18: =SUM(B5:B16) -> 0 | C18: =SUM(C5:C16) -> 0 | D18: =SUM(D5:D16) -> 0 | E18: =SUM(E5:E16) -> 0 | F18: =SUM(F5:F16) -> 0 | G18: =SUM(G5:G16) -> 0 | H18: =SUM(H5:H16) -> 131 | I18: =SUM(I5:I16) -> 207 | J18: =SUM(J5:J17) -> 215 | K18: =SUM(K5:K17) -> 190 | L18: 202 | M18: 143 | N18: 104 | O18: =SUM(O5:O17) -> 130 | P18: 317 | Q18: 317 | R18: =SUM(R5:R17) -> 193 | S18: =SUM(S5:S16) -> 222 | T18: =SUM(T5:T16) -> 197 | U18: =SUM(U5:U16) -> 164 | V18: =SUM(V5:V16) -> 138 | W18: =SUM(W5:W16) -> 128 | X18: =SUM(X5:X16) -> 104 | Y18: =SUM(Y5:Y16) -> 78 | Z18: =SUM(Z5:Z16) -> 81 | AA18: =SUM(AA5:AA16) -> 82 | AB18: =SUM(AB5:AB17) -> 98 | AC18: =SUM(AC4:AC17) -> 66 | AD18: =SUM(AD4:AD17) -> 47 | AE18: =SUM(AE4:AE17) -> 108 | AF18: =SUM(AF4:AF17) -> 114 | AG18: =SUM(AG4:AG17) -> 65 | AH18: =SUM(AH4:AH17) -> 85 | AI18: =SUM(AI4:AI17) -> 64 | AJ18: =SUM(AJ4:AJ17) -> 87 | AK18: =SUM(AK4:AK17) -> 5
F19: 213 | H19: 142

Sheet Harding Road Trail
A1: Kaaterskill Wild Forest
A2: Harding Road Trail | V2: R19
B3: 1990 | C3: 1991 | D3: 1992 | E3: 1993 | F3: 1994 | G3: 1995 | H3: 1996 | I3: 1997 | J3: 1998 | K3: 1999 | L3: 2000 | M3: 2001 | N3: 2002 | O3: 2003 | P3: 2004 | Q3: 2005 | R3: 2006 | S3: 2007 | T3: 2008 | U3: 2009 | V3: 2010 | W3: 2011 | X3: 2012 | Y3: 2013 | Z3: 2014 | AA3: 2015 | AB3: 2016 | AC3: 2017 | AD3: 2018 | AE3: 2019 | AF3: 2020 | AG3: 2021 | AH3: 2022 | AI3: 2023 | AJ3: 2024 | AK3: 2025
A5: January | I5: 7 | J5: 32 | K5: 7 | L5: 21 | P5: 36 | Q5: 16 | R5: 56 | S5: 49 | T5: 56 | U5: 64 | V5: 147 | W5: 74 | X5: 203 | Y5: * | Z5: 294 | AA5: 91 | AB5: 96 | AC5: 38 | AD5: 51 | AE5: 18 | AF5: 53 | AG5: 57 | AH5: 28 | AI5: 72
A6: February | H6: 18 | I6: 8 | J6: 59 | K6: 30 | L6: 14 | P6: 29 | Q6: 56 | R6: 51 | S6: 15 | T6: 25 | U6: 55 | V6: 118 | W6: 105 | X6: 216 | Y6: * | Z6: 114 | AA6: 31 | AB6: 48 | AC6: 68 | AD6: 34 | AE6: 41 | AF6: 96 | AG6: 22 | AH6: 20 | AI6: 47
A7: March | H7: 35 | I7: 35 | J7: 0 | K7: 57 | L7: 72 | P7: 42 | Q7: 62 | R7: 55 | S7: 36 | T7: 14 | U7: 94 | V7: 139 | W7: 152 | X7: 227 | Y7: * | Z7: 81 | AA7: 70 | AB7: 125 | AC7: 41 | AD7: 175 | AE7: 73 | AF7: 144 | AG7: 107 | AH7: 49 | AI7: 50
A8: April | H8: 50 | I8: 74 | J8: 12 | K8: 57 | L8: 62 | P8: 78 | Q8: 36 | R8: 92 | S8: 41 | T8: 39 | U8: 75 | V8: 158 | W8: 200 | X8: 230 | Y8: * | Z8: 143 | AA8: 138 | AB8: 177 | AC8: 104 | AD8: 78 | AE8: 175 | AF8: 118 | AG8: 91 | AH8: 104 | AI8: 94
A9: May | H9: 50 | I9: 364 | J9: 55 | K9: 88 | L9: 39 | P9: 51 | Q9: 40 | R9: 33 | S9: 111 | T9: 36 | U9: 114 | V9: 220 | W9: 247 | X9: 224 | Y9: * | Z9: 140 | AA9: 217 | AB9: 154 | AC9: 126 | AD9: 117 | AE9: 95 | AF9: 157 | AG9: 106 | AH9: 96 | AI9: 127
A10: June | H10: 46 | I10: 71 | J10: 29 | K10: 84 | L10: 70 | P10: 78 | Q10: 43 | S10: 60 | T10: 88 | U10: 164 | V10: 131 | W10: 201 | X10: 180 | Y10: * | Z10: 124 | AA10: 159 | AB10: 118 | AC10: 70 | AD10: 152 | AE10: 111 | AF10: 187 | AG10: 49 | AH10: 93 | AI10: 76
A11: July | H11: 52 | I11: 160 | J11: 66 | K11: 37 | L11: 32 | P11: 74 | Q11: 100 | S11: 101 | T11: 56 | U11: 151 | V11: 248 | W11: 243 | X11: 136 | Y11: 125 | Z11: 137 | AA11: 154 | AB11: 140 | AC11: 136 | AD11: 95 | AE11: 159 | AF11: 67 | AG11: # | AH11: 117 | AI11: 79 | AL11: Sheets Vandalized
A12: August | H12: 6 | I12: 64 | J12: 51 | K12: 51 | L12: 87 | P12: 70 | Q12: 72 | S12: 86 | T12: 75 | U12: 125 | V12: 273 | W12: 149 | X12: 65 | Y12: 201 | Z12: 178 | AA12: 243 | AB12: 144 | AC12: 107 | AD12: 92 | AE12: 153 | AF12: 117 | AG12: 42 | AH12: 93 | AI12: 70
A13: September | I13: 62 | J13: 49 | K13: 61 | L13: 54 | P13: 110 | Q13: 78 | S13: 89 | T13: 43 | U13: 160 | V13: 167 | W13: 127 | X13: * | Y13: 115 | Z13: 99 | AA13: 110 | AB13: 151 | AC13: 90 | AD13: 111 | AE13: 118 | AF13: 160 | AG13: 83 | AH13: 87 | AI13: 58
A14: October | I14: 80 | J14: 100 | K14: 78 | L14: 93 | P14: 71 | Q14: 53 | S14: 27 | T14: 53 | U14: 175 | V14: 53 | W14: 290 | X14: * | Y14: 216 | Z14: 137 | AA14: 164 | AB14: 193 | AC14: 159 | AD14: 73 | AE14: 200 | AF14: 171 | AG14: 99 | AH14: 140 | AI14: 102
A15: November | I15: 27 | J15: 4 | K15: 27 | L15: 22 | S15: 38 | T15: 32 | U15: 135 | V15: 4 | W15: 125 | X15: * | Y15: * | Z15: 108 | AA15: 95 | AB15: 117 | AC15: 66 | AD15: 68 | AE15: 79 | AF15: 131 | AG15: 103 | AH15: 75 | AI15: 97
A16: December | I16: 10 | K16: 33 | L16: 24 | Q16: 13 | R16: 26 | S16: 20 | T16: 26 | U16: 84 | V16: 97 | W16: 154 | X16: * | Y16: * | Z16: 104 | AA16: 107 | AB16: 29 | AC16: 53 | AD16: 51 | AE16: 47 | AF16: 66 | AG16: 63 | AH16: 44 | AI16: 77 | AL16: *Registers missing
A18: Yearly Totals | B18: 473 | C18: 480 | D18: 487 | E18: 607 | F18: 389 | G18: 488 | H18: =SUM(H5:H16) -> 257 | I18: =SUM(I5:I16) -> 962 | J18: =SUM(J5:J16) -> 457 | K18: =SUM(K5:K17) -> 610 | L18: =SUM(L5:L17) -> 590 | M18: 474 | N18: 724 | O18: 621 | P18: =SUM(P5:P17) -> 639 | Q18: =SUM(Q5:Q16) -> 569 | R18: =SUM(R5:R16) -> 313 | S18: =SUM(S5:S16) -> 673 | T18: =SUM(T5:T16) -> 543 | U18: =SUM(U5:U16) -> 1396 | V18: =SUM(V5:V16) -> 1755 | W18: =SUM(W5:W16) -> 2067 | X18: =SUM(X5:X16) -> 1481 | ... AH18: =SUM(AH5:AH16) -> 946 | AI18: =SUM(AI5:AI17) -> 949 | AJ18: =SUM(AJ5:AJ17) -> 0 | AK18: =SUM(AK5:AK17) -> 0
J19: 493

Sheet Hill Road (Huckleberry Loop N)
A1: Dry Brook Ridge Wild Forest
A2: Hill Road (Huckleberry Loop North) | Y2: R51
B3: 1991 | C3: 1992 | D3: 1993 | E3: 1994 | F3: 1995 | G3: 1996 | H3: 1997 | I3: 1998 | J3: 1999 | K3: 2000 | L3: 2001 | M3: 2002 | N3: 2003 | O3: 2004 | P3: 2005 | Q3: 2006 | R3: 2007 | S3: 2008 | T3: 2009 | U3: 2010 | V3: 2011 | W3: 2012 | X3: 2013 | Y3: 2014 | Z3: 2015 | AA3: 2016 | AB3: 2017 | AC3: 2018 | AD3: 2019 | AE3: 2020 | AF3: 2021 | AG3: 2022 | AH3: 2023 | AI3: 2024 | AJ3: 2025 | AK3: 2026
A5: January | I5: 6 | J5: 6 | K5: 1 | O5: 4 | P5: 10 | Q5: 10 | R5: 6 | S5: 6 | T5: 8 | U5: 4 | V5: 10 | W5: 16 | X5: * | Y5: 3 | Z5: 3 | AA5: 15 | AB5: 8 | AC5: 28 | AD5: 7 | AE5: 2 | AF5: 17 | AG5: * | AH5: 17 | AI5: 10 | AJ5: 9 | AK5: 9
A6: February | I6: 9 | J6: 8 | K6: 1 | O6: 4 | P6: 4 | Q6: 6 | R6: 5 | S6: 4 | T6: 11 | U6: 11 | V6: 10 | W6: 11 | X6: * | Y6: 1 | Z6: 0 | AA6: 15 | AB6: 11 | AC6: 34 | AD6: 6 | AE6: 6 | AF6: 12 | AG6: 5 | AH6: 8 | AI6: 9 | AJ6: 4
A7: March | H7: 12 | I7: 0 | J7: 10 | K7: 14 | O7: 16 | P7: 10 | Q7: 6 | R7: 1 | S7: 14 | T7: 6 | U7: 5 | V7: 3 | W7: 14 | X7: * | Y7: 7 | Z7: 3 | AA7: 39 | AB7: 2 | AC7: 54 | AD7: 5 | AE7: 37 | AF7: 14 | AG7: 22 | AH7: 6 | AI7: 10 | AJ7: 5
A8: April | H8: 10 | I8: 19 | J8: 13 | K8: 42 | O8: 9 | P8: 10 | Q8: 18 | R8: 21 | S8: 16 | T8: 19 | U8: 28 | V8: 7 | W8: 15 | X8: * | Y8: 37 | Z8: 2 | AA8: 50 | AB8: 49 | AC8: 22 | AD8: 5 | AE8: 15 | AF8: 18 | AG8: 14 | AH8: 14 | AI8: 10 | AJ8: 6
A9: May | H9: 9 | I9: 32 | J9: 48 | K9: 8 | O9: 23 | P9: 28 | Q9: 34 | R9: 39 | S9: 24 | T9: 24 | U9: 17 | V9: 32 | W9: 25 | X9: 16 | Y9: 35 | Z9: 58 | AA9: 15 | AB9: 29 | AC9: 53 | AD9: 23 | AE9: 35 | AF9: 16 | AG9: 30 | AH9: 32 | AI9: 16 | AJ9: 20
A10: June | H10: 5 | I10: 9 | J10: 28 | K10: 17 | O10: 54 | P10: 28 | Q10: 15 | R10: 34 | S10: 34 | T10: 33 | U10: 17 | V10: 28 | W10: 34 | X10: 24 | Y10: 19 | Z10: 15 | AA10: 26 | AB10: 27 | AC10: 49 | AD10: 20 | AE10: 44 | AF10: 17 | AG10: 25 | AH10: 35 | AI10: 13 | AJ10: 18
A11: July | H11: 15 | I11: 38 | J11: 28 | K11: 19 | O11: 41 | P11: 40 | Q11: 65 | R11: 38 | S11: 71 | T11: 34 | U11: 19 | V11: 44 | W11: 40 | X11: 20 | Y11: 25 | Z11: 38 | AA11: 37 | AB11: 47 | AC11: 20 | AD11: 37 | AE11: 26 | AF11: 32 | AG11: 19 | AH11: 21 | AI11: 54 | AJ11: 21
A12: August | H12: 21 | I12: 25 | J12: 18 | K12: 23 | O12: 38 | P12: 34 | Q12: 39 | R12: 22 | S12: 60 | T12: 27 | U12: 54 | V12: 62 | W12: 39 | X12: 46 | Y12: 70 | Z12: 84 | AA12: 50 | AB12: 54 | AC12: 20 | AD12: 41 | AE12: 34 | AF12: 22 | AG12: 14 | AH12: 40 | AI12: 45 | AJ12: 35
A13: September | H13: 14 | I13: 55 | J13: 26 | K13: 19 | O13: 15 | P13: 15 | Q13: 45 | R13: 37 | S13: 19 | T13: 36 | U13: 54 | V13: 28 | W13: 12 | X13: 18 | Y13: 47 | Z13: 38 | AA13: 27 | AB13: 26 | AC13: 20 | AD13: 37 | AE13: 40 | AF13: 26 | AG13: 12 | AH13: 25 | AI13: 30 | AJ13: 24
A14: October | H14: 27 | I14: 18 | J14: 39 | K14: 30 | O14: 25 | P14: 25 | Q14: 31 | R14: 30 | S14: 32 | T14: 32 | U14: 41 | V14: 46 | W14: * | X14: 32 | Y14: 13 | Z14: 55 | AA14: 46 | AB14: 31 | AC14: 26 | AD14: 29 | AE14: 20 | AF14: 27 | AG14: 25 | AH14: 35 | AI14: 47 | AJ14: 39
A15: November | H15: 24 | I15: 37 | J15: 8 | K15: 28 | O15: 34 | P15: 29 | Q15: 35 | R15: 52 | S15: 21 | T15: 39 | U15: 35 | V15: 29 | W15: * | X15: 20 | Y15: 7 | Z15: 47 | AA15: 18 | AB15: 21 | AC15: 22 | AD15: 15 | AE15: 17 | AF15: 9 | AG15: 11 | AH15: 18 | AI15: 12 | AJ15: 18
A16: December | H16: 0 | I16: 8 | J16: 7 | K16: 4 | O16: 4 | P16: 14 | Q16: 26 | R16: 16 | S16: 7 | T16: 12 | U16: 9 | V16: 17 | W16: * | X16: 0 | Y16: 23 | Z16: * | AA16: 5 | AB16: 7 | AC16: 23 | AD16: 0 | AE16: 19 | AF16: 11 | AG16: 10 | AH16: 32 | AI16: 17 | AJ16: 16 | AL16: *Registers missing
A18: Yearly Totals | B18: =SUM(B5:B16) -> 0 | C18: =SUM(C5:C16) -> 0 | D18: =SUM(D5:D16) -> 0 | E18: =SUM(E5:E16) -> 0 | F18: =SUM(F5:F16) -> 0 | G18: =SUM(G5:G16) -> 0 | H18: =SUM(H5:H17) -> 137 | I18: =SUM(I5:I17) -> 256 | J18: =SUM(J5:J17) -> 239 | K18: =SUM(K5:K17) -> 206 | L18: 226 | M18: 211 | N18: 239 | O18: =SUM(O5:O17) -> 267 | P18: =SUM(P5:P17) -> 247 | Q18: =SUM(Q5:Q17) -> 330 | R18: =SUM(R5:R17) -> 301 | S18: =SUM(S5:S16) -> 308 | T18: =SUM(T5:T16) -> 281 | U18: =SUM(U5:U16) -> 294 | V18: =SUM(V5:V16) -> 316 | W18: =SUM(W5:W16) -> 206 | X18: =SUM(X5:X16) -> 176 | Y18: =SUM(Y5:Y16) -> 287 | Z18: =SUM(Z5:Z16) -> 343 | ... AC18: =SUM(AC5:AC16) -> 371 | AD18: =SUM(AD5:AD17) -> 225 | AE18: =SUM(AE5:AE17) -> 295 | AF18: =SUM(AF5:AF17) -> 221 | AG18: =SUM(AG5:AG17) -> 187 | AH18: =SUM(AH5:AH17) -> 283 | AI18: =SUM(AI5:AI17) -> 273 | AJ18: =SUM(AJ5:AJ17) -> 215 | AK18: =SUM(AK5:AK17) -> 9
H19: 177

Sheet Holiday & Berry Brook Road
A1: Delaware Wild Forest
A2: Holiday & Berry Brook Road | X2: R44
B3: 1991 | C3: 1992 | D3: 1993 | E3: 1994 | F3: 1995 | G3: 1996 | H3: 1997 | I3: 1998 | J3: 1999 | K3: 2000 | L3: 2001 | M3: 2002 | N3: 2003 | O3: 2004 | P3: 2005 | Q3: 2006 | R3: 2007 | S3: 2008 | T3: 2009 | U3: 2010 | V3: 2011 | W3: 2012 | X3: 2013 | Y3: 2014 | Z3: 2015 | AA3: 2016 | AB3: 2017 | AC3: 2018 | AD3: 2019 | AE3: 2020 | AF3: 2021 | AG3: 2022 | AH3: 2023 | AI3: 2024 | AJ3: 2025
A5: January | H5: 1 | I5: 1 | O5: 1 | P5: 7 | Q5: 6 | R5: 6 | S5: 3 | T5: 1 | U5: 5 | V5: 1 | W5: 7 | X5: * | Y5: 2 | Z5: 4 | AA5: 6 | AB5: 4 | AC5: 3 | AD5: 4 | AE5: 8 | AF5: 24 | AG5: 4 | AH5: 12 | AI5: 5 | AJ5: 4
A6: February | H6: 5 | I6: 2 | J6: 7 | K6: 0 | O6: 1 | P6: 6 | Q6: 9 | R6: 9 | S6: 1 | T6: 12 | U6: 1 | V6: 0 | W6: 2 | X6: * | Y6: 2 | Z6: 2 | AA6: 5 | AB6: 11 | AC6: 2 | AD6: 1 | AE6: 3 | AF6: * | AG6: 21 | AH6: 11 | AI6: 26 | AJ6: 4
A7: March | H7: 1 | I7: 1 | J7: 1 | K7: 5 | O7: 2 | P7: 1 | Q7: 7 | R7: 1 | S7: 1 | T7: 3 | U7: 10 | V7: 0 | W7: 3 | X7: * | Y7: 0 | Z7: 4 | AA7: 12 | AB7: 1 | AC7: * | AD7: 14 | AE7: 12 | AF7: 29 | AG7: 21 | AH7: 13 | AI7: 19 | AJ7: 20
A8: April | H8: 21 | I8: 6 | J8: 24 | K8: 6 | O8: 19 | P8: 11 | Q8: 10 | R8: 13 | S8: 22 | T8: 12 | U8: 19 | V8: 3 | W8: 9 | X8: * | Y8: 6 | Z8: 12 | AA8: 8 | AB8: 7 | AC8: 6 | AD8: 8 | AE8: 16 | AF8: 68 | AG8: 24 | AH8: 22 | AI8: 9 | AJ8: 34
A9: May | H9: 16 | I9: 17 | J9: 36 | K9: 47 | O9: 37 | P9: 36 | Q9: 52 | R9: 23 | S9: 24 | T9: 20 | U9: 18 | V9: 19 | W9: 54 | X9: 1 | Y9: 6 | Z9: 27 | AA9: 18 | AB9: 15 | AC9: 38 | AD9: 28 | AE9: 45 | AF9: 50 | AG9: 41 | AH9: 25 | AI9: 36 | AJ9: 33
A10: June | H10: 22 | I10: 23 | J10: 8 | K10: 29 | O10: 32 | P10: 35 | Q10: 28 | R10: 27 | S10: 24 | T10: 51 | U10: 24 | V10: 9 | W10: 18 | X10: 14 | Y10: 7 | Z10: 41 | AA10: 16 | AB10: 17 | AC10: 23 | AD10: 15 | AE10: 20 | AF10: 55 | AG10: 26 | AH10: 11 | AI10: 28 | AJ10: 39
A11: July | H11: 58 | I11: 34 | J11: 15 | K11: 29 | O11: 76 | P11: 65 | Q11: 26 | R11: 20 | S11: 18 | T11: 65 | U11: 33 | V11: 69 | W11: 25 | X11: 35 | Y11: 26 | Z11: 26 | AA11: 24 | AB11: 35 | AC11: 39 | AD11: 15 | AE11: 39 | AF11: 35 | AG11: 51 | AH11: 34 | AI11: 23 | AJ11: 31
A12: August | H12: 49 | I12: 57 | K12: 29 | O12: 25 | P12: 33 | Q12: 32 | R12: 16 | S12: 40 | T12: 77 | U12: 27 | V12: 72 | W12: 18 | X12: 22 | Y12: 47 | Z12: 38 | AA12: 20 | AB12: 43 | AC12: 20 | AD12: 35 | AE12: 45 | AF12: 27 | AG12: 49 | AH12: 35 | AI12: 37 | AJ12: 41
A13: September | H13: 12 | I13: 21 | J13: 21 | K13: 23 | O13: 64 | P13: 44 | Q13: 21 | R13: 21 | S13: 18 | T13: 74 | U13: 11 | V13: 14 | W13: 14 | X13: 25 | Y13: 13 | Z13: 25 | AA13: 12 | AB13: 24 | AC13: 1 | AD13: 22 | AE13: 45 | AF13: 53 | AG13: 41 | AH13: 34 | AI13: 42 | AJ13: 38
A14: October | H14: 21 | I14: 17 | J14: 19 | K14: 33 | O14: 57 | P14: 38 | Q14: 25 | R14: 29 | S14: 23 | T14: 89 | U14: 26 | V14: 3 | W14: * | X14: 34 | Y14: 10 | Z14: 26 | AA14: 29 | AB14: 32 | AC14: 6 | AD14: 26 | AE14: 59 | AF14: 82 | AG14: 64 | AH14: 47 | AI14: 68 | AJ14: 56
A15: November | H15: 8 | I15: 11 | J15: 17 | K15: 8 | O15: 13 | P15: 5 | Q15: 27 | R15: 24 | S15: 6 | T15: 8 | U15: 2 | V15: 2 | W15: * | X15: 11 | Y15: 10 | Z15: 6 | AA15: 8 | AB15: 9 | AC15: 6 | AD15: 4 | AE15: 34 | AF15: 15 | AG15: 39 | AH15: 26 | AI15: 58 | AJ15: 8
A16: December | H16: 3 | I16: 7 | J16: 2 | K16: 7 | O16: 1 | P16: 4 | Q16: 11 | R16: 2 | S16: 2 | T16: 2 | U16: 4 | V16: 5 | W16: * | X16: 12 | Y16: 3 | Z16: 14 | AA16: 1 | AB16: * | AC16: 5 | AD16: 11 | AE16: 12 | AF16: 18 | AG16: 7 | AH16: 19 | AI16: 26 | AJ16: 7 | AK16: *Registers missing
A18: Yearly Totals | B18: =SUM(B5:B16) -> 0 | C18: =SUM(C5:C16) -> 0 | D18: =SUM(D5:D16) -> 0 | E18: =SUM(E5:E16) -> 0 | F18: 389 | G18: =SUM(G5:G16) -> 0 | H18: =SUM(H5:H16) -> 217 | I18: =SUM(I5:I16) -> 197 | J18: =SUM(J5:J16) -> 150 | K18: =SUM(K5:K17) -> 216 | L18: 216 | M18: 182 | N18: 233 | O18: =SUM(O5:O17) -> 328 | P18: =SUM(P5:P17) -> 285 | Q18: =SUM(Q5:Q17) -> 254 | R18: =SUM(R5:R17) -> 191 | S18: =SUM(S5:S16) -> 182 | T18: =SUM(T5:T16) -> 414 | U18: =SUM(U5:U16) -> 180 | V18: =SUM(V5:V16) -> 197 | W18: =SUM(W5:W16) -> 150 | X18: =SUM(X5:X16) -> 154 | Y18: =SUM(Y5:Y16) -> 132 | Z18: =SUM(Z5:Z16) -> 225 | ... AC18: =SUM(AC5:AC16) -> 149 | AD18: =SUM(AD4:AD17) -> 183 | AE18: =SUM(AE4:AE17) -> 338 | AF18: =SUM(AF4:AF17) -> 456 | AG18: =SUM(AG4:AG17) -> 388 | AH18: =SUM(AH4:AH17) -> 289 | AI18: =SUM(AI4:AI17) -> 377 | AJ18: =SUM(AJ4:AJ17) -> 315
H19: 235 | J19: 169

Sheet Huckleberry Loop Trail
A1: Dry Brook Ridge Wild Forest
A2: Huckleberry Loop Trail | W2: R60
B3: 1991 | C3: 1992 | D3: 1993 | E3: 1994 | F3: 1995 | G3: 1996 | H3: 1997 | I3: 1998 | J3: 1999 | K3: 2000 | L3: 2001 | M3: 2002 | N3: 2003 | O3: 2004 | P3: 2005 | Q3: 2006 | R3: 2007 | S3: 2008 | T3: 2009 | U3: 2010 | V3: 2011 | W3: 2012 | X3: 2013 | Y3: 2014 | Z3: 2015 | AA3: 2016 | AB3: 2017 | AC3: 2018 | AD3: 2019 | AE3: 2020 | AF3: 2021 | AG3: 2022 | AH3: 2023 | AI3: 2024 | AJ3: 2025 | AK3: 2026
A5: January | K5: 0 | O5: 4 | P5: 7 | R5: 5 | S5: 2 | T5: 9 | U5: 4 | V5: 3 | W5: 6 | X5: * | Y5: 2 | Z5: 7 | AA5: 17 | AB5: 5 | AC5: 2 | AD5: 6 | AE5: 9 | AF5: 4 | AG5: 1 | AH5: 10 | AI5: 3 | AJ5: 1
A6: February | K6: 0 | O6: 1 | P6: 1 | Q6: 3 | R6: 2 | S6: 5 | T6: 10 | U6: 1 | V6: 0 | W6: 12 | X6: * | Y6: 0 | Z6: 0 | AA6: 8 | AB6: 4 | AC6: 3 | AD6: 8 | AE6: 4 | AF6: 2 | AG6: 3 | AH6: 8 | AI6: 10
A7: March | K7: 16 | O7: 3 | Q7: 1 | R7: 5 | S7: 2 | T7: 14 | U7: 6 | V7: 3 | W7: 4 | X7: * | Y7: 1 | Z7: 0 | AA7: 1 | AB7: 1 | AC7: * | AD7: 3 | AE7: 11 | AF7: 10 | AG7: 8 | AH7: 0 | AI7: 14 | AJ7: 23
A8: April | K8: 0 | O8: 6 | P8: 20 | Q8: 5 | R8: 6 | S8: 10 | T8: 18 | U8: 2 | V8: 3 | W8: 13 | X8: * | Y8: 7 | Z8: 2 | AA8: * | AB8: 9 | AC8: 5 | AD8: 2 | AE8: 19 | AF8: 8 | AG8: 6 | AH8: 12 | AI8: 6 | AJ8: 14
A9: May | K9: 8 | O9: 18 | P9: 32 | Q9: 18 | R9: 22 | S9: 8 | T9: 28 | U9: 14 | V9: 13 | W9: 11 | X9: 12 | Y9: 12 | Z9: 12 | AA9: * | AB9: 11 | AC9: 16 | AD9: 19 | AE9: 21 | AF9: 17 | AG9: 12 | AH9: 12 | AI9: 27 | AJ9: 13
A10: June | K10: 14 | O10: 14 | P10: 2 | Q10: 16 | R10: 25 | S10: 5 | T10: 9 | U10: 7 | V10: 8 | W10: 8 | X10: 5 | Y10: 21 | Z10: 9 | AA10: * | AB10: 19 | AC10: 19 | AD10: 13 | AE10: 13 | AF10: 26 | AG10: 24 | AH10: 17 | AI10: 11 | AJ10: 30
A11: July | K11: 8 | O11: 25 | P11: 13 | Q11: 15 | R11: 15 | S11: 22 | T11: 10 | U11: 23 | V11: 18 | W11: 16 | X11: 22 | Y11: 21 | Z11: 12 | AA11: * | AB11: 11 | AC11: * | AD11: 6 | AE11: 23 | AF11: 17 | AG11: 25 | AH11: 31 | AI11: 17 | AJ11: 27
A12: August | K12: 14 | O12: 22 | P12: 9 | Q12: 9 | R12: 9 | S12: 6 | T12: 15 | U12: 11 | V12: 8 | W12: 10 | X12: 21 | Y12: 17 | Z12: 22 | AA12: * | AB12: 22 | AC12: 8 | AD12: 20 | AE12: 30 | AF12: 14 | AH12: 38 | AI12: 8 | AJ12: 12
A13: September | K13: 7 | P13: 16 | Q13: 10 | R13: 7 | S13: 2 | T13: 6 | U13: 10 | V13: 5 | W13: 4 | X13: 9 | Y13: 7 | Z13: 8 | AA13: * | AB13: 9 | AC13: 14 | AD13: 16 | AE13: 40 | AF13: 15 | AG13: 34 | AH13: 22 | AI13: 19 | AJ13: 7
A14: October | K14: 23 | O14: 1 | P14: 10 | Q14: 11 | R14: 13 | S14: 11 | T14: 25 | U14: 11 | V14: 10 | W14: * | X14: 14 | Y14: 18 | Z14: 12 | AA14: 9 | AB14: 14 | AC14: 16 | AD14: 28 | AE14: 11 | AF14: 25 | AG14: 16 | AH14: 19 | AI14: 11 | AJ14: 44
A15: November | K15: 22 | O15: 40 | P15: 21 | Q15: 19 | R15: 25 | S15: 18 | T15: 38 | U15: 20 | V15: 5 | W15: * | X15: 7 | Y15: 10 | Z15: 25 | AA15: 8 | AB15: 5 | AC15: 6 | AD15: 12 | AE15: 8 | AF15: 9 | AG15: 8 | AH15: 19 | AI15: 4 | AJ15: 9
A16: December | K16: 0 | O16: 7 | P16: 11 | Q16: 6 | R16: 2 | S16: 5 | T16: 11 | U16: 5 | V16: 4 | W16: * | X16: 2 | Y16: 0 | Z16: * | AA16: 1 | AB16: 4 | AC16: 10 | AD16: 1 | AE16: 14 | AF16: 7 | AG16: 1 | AH16: 7 | AI16: 5 | AJ16: 0 | AL16: *Registers missing
A18: Yearly Totals | B18: =SUM(B5:B16) -> 0 | C18: =SUM(C5:C16) -> 0 | D18: =SUM(D5:D16) -> 0 | E18: =SUM(E5:E16) -> 0 | F18: =SUM(F5:F16) -> 0 | G18: =SUM(G5:G16) -> 0 | H18: =SUM(H5:H16) -> 0 | I18: =SUM(I5:I16) -> 0 | J18: =SUM(J5:J16) -> 0 | K18: =SUM(K5:K17) -> 112 | L18: 110 | M18: 155 | N18: 135 | O18: =SUM(O5:O17) -> 141 | P18: =SUM(P5:P17) -> 142 | Q18: =SUM(Q5:Q17) -> 113 | R18: =SUM(R5:R17) -> 136 | S18: =SUM(S5:S16) -> 96 | T18: =SUM(T5:T16) -> 193 | U18: =SUM(U5:U16) -> 114 | V18: =SUM(V5:V16) -> 80 | W18: =SUM(W5:W16) -> 84 | X18: =SUM(X5:X16) -> 92 | Y18: =SUM(Y5:Y16) -> 116 | Z18: =SUM(Z5:Z16) -> 109 | ... AB18: =SUM(AB5:AB16) -> 114 | AC18: =SUM(AC4:AC17) -> 99 | AD18: =SUM(AD4:AD17) -> 134 | AE18: =SUM(AE4:AE17) -> 203 | AF18: =SUM(AF4:AF17) -> 154 | AG18: =SUM(AG4:AG17) -> 138 | AH18: =SUM(AH4:AH17) -> 195 | AI18: =SUM(AI4:AI17) -> 135 | AJ18: =SUM(AJ4:AJ17) -> 180 | AK18: =SUM(AK4:AK17) -> 0

Sheet Huggins Lake Trail
A1: Delaware Wild Forest
A2: Huggins Lake Trail | W2: R47
B3: 1991 | C3: 1992 | D3: 1993 | E3: 1994 | F3: 1995 | G3: 1996 | H3: 1997 | I3: 1998 | J3: 1999 | K3: 2000 | L3: 2001 | M3: 2002 | N3: 2003 | O3: 2004 | P3: 2005 | Q3: 2006 | R3: 2007 | S3: 2008 | T3: 2009 | U3: 2010 | V3: 2011 | W3: 2012 | X3: 2013 | Y3: 2014 | Z3: 2015 | AA3: 2016 | AB3: 2017 | AC3: 2018 | AD3: 2019 | AE3: 2020 | AF3: 2021 | AG3: 2022 | AH3: 2023 | AI3: 2024 | AJ3: 2025
A5: January | H5: 2 | I5: 0 | J5: 2 | K5: 8 | O5: 10 | P5: 1 | Q5: 2 | R5: 6 | S5: 1 | T5: 2 | U5: 2 | V5: 1 | W5: 7 | X5: * | Y5: 6 | Z5: 7 | AA5: 10 | AB5: 6 | AC5: 11 | AD5: 7 | AE5: 4 | AF5: 5 | AG5: 3 | AH5: 13 | AI5: 10 | AJ5: 7
A6: February | I6: 5 | J6: 6 | K6: 0 | O6: 1 | P6: 3 | Q6: 11 | R6: 2 | T6: 1 | U6: 3 | V6: 0 | W6: 0 | X6: * | Y6: 0 | Z6: 0 | AA6: 5 | AB6: 4 | AC6: 0 | AD6: 2 | AE6: 10 | AF6: 6 | AG6: 3 | AH6: 20 | AI6: 15 | AJ6: 0
A7: March | H7: 2 | I7: 5 | J7: 3 | K7: 4 | O7: 4 | P7: 4 | Q7: 5 | R7: 1 | S7: 8 | T7: 4 | U7: 3 | V7: 0 | W7: 8 | X7: * | Y7: 0 | Z7: 2 | AA7: 19 | AB7: 3 | AC7: 10 | AD7: 2 | AE7: 18 | AF7: 17 | AG7: 9 | AH7: 12 | AI7: 21 | AJ7: 13
A8: April | H8: 11 | I8: 20 | J8: 36 | K8: 32 | O8: 7 | P8: 18 | Q8: 10 | R8: 2 | S8: 7 | T8: 12 | U8: 16 | V8: 10 | W8: 16 | X8: * | Y8: 11 | Z8: 19 | AA8: 30 | AB8: 16 | AC8: 22 | AD8: 23 | AE8: 73 | AF8: 48 | AG8: 19 | AH8: 46 | AI8: 15 | AJ8: 8
A9: May | H9: 38 | I9: 22 | J9: 39 | K9: 40 | O9: 26 | P9: 5 | Q9: 74 | R9: 33 | S9: 19 | T9: 32 | U9: 19 | V9: 25 | W9: 44 | X9: 3 | Y9: 64 | Z9: 42 | AA9: 37 | AB9: 33 | AC9: 65 | AD9: 61 | AE9: 78 | AF9: 53 | AG9: 44 | AH9: 37 | AI9: 42 | AJ9: 43
A10: June | H10: 17 | I10: 20 | J10: 19 | K10: 4 | O10: 30 | P10: 20 | Q10: 49 | R10: 20 | S10: 7 | T10: 14 | U10: 21 | V10: 35 | W10: 34 | X10: 37 | Y10: 46 | Z10: 29 | AA10: 53 | AB10: 34 | AC10: 51 | AD10: 33 | AE10: 59 | AF10: 66 | AG10: 43 | AH10: 52 | AI10: 35 | AJ10: 26
A11: July | H11: 56 | I11: 66 | J11: 40 | K11: 44 | O11: 47 | P11: 57 | Q11: 37 | R11: 29 | S11: 34 | T11: 44 | U11: 18 | V11: 24 | W11: 39 | X11: 41 | Y11: 41 | Z11: 63 | AA11: 73 | AB11: 120 | AC11: 45 | AD11: 41 | AE11: 67 | AF11: 82 | AG11: 60 | AH11: 60 | AI11: 51 | AJ11: 24
A12: August | H12: 34 | I12: 32 | J12: 31 | K12: 31 | O12: 52 | P12: 56 | Q12: 32 | R12: 38 | S12: 10 | T12: 26 | U12: 21 | V12: 24 | W12: 88 | X12: 47 | Y12: 62 | Z12: 101 | AA12: 43 | AB12: 96 | AC12: 61 | AD12: 80 | AE12: 69 | AF12: 71 | AG12: 78 | AH12: 62 | AI12: 60 | AJ12: 62
A13: September | H13: 11 | I13: 49 | J13: 27 | K13: 28 | O13: 56 | P13: 53 | Q13: 38 | R13: 31 | S13: 9 | T13: 31 | V13: 9 | W13: * | X13: 22 | Y13: 21 | Z13: 52 | AA13: 50 | AB13: 36 | AC13: 23 | AD13: 31 | AE13: 57 | AF13: 30 | AG13: 42 | AH13: 44 | AI13: 38 | AJ13: 12
A14: October | H14: 21 | I14: 45 | J14: 26 | K14: 25 | O14: 21 | P14: 24 | Q14: 20 | R14: 23 | S14: 23 | T14: 16 | U14: 14 | V14: 18 | W14: * | X14: 29 | Y14: 16 | Z14: 24 | AA14: 35 | AB14: 36 | AC14: 40 | AD14: 24 | AE14: 42 | AF14: 55 | AG14: 41 | AH14: 42 | AI14: 27 | AJ14: 21
A15: November | H15: 11 | I15: 15 | J15: 13 | K15: 8 | O15: 13 | P15: 16 | Q15: 15 | R15: 9 | S15: 17 | T15: 5 | U15: 12 | V15: 26 | W15: * | X15: 25 | Y15: 14 | Z15: 10 | AA15: 4 | AB15: 20 | AC15: 2 | AD15: 7 | AE15: 18 | AF15: 8 | AG15: 12 | AH15: 18 | AI15: 20 | AJ15: 20
A16: December | H16: 2 | I16: 3 | J16: 14 | K16: 7 | O16: 13 | P16: 5 | Q16: 16 | R16: 3 | S16: 1 | T16: 10 | U16: 4 | V16: 5 | W16: * | X16: 3 | Y16: 7 | Z16: 1 | AA16: 8 | AB16: 12 | AC16: 16 | AD16: 11 | AE16: 20 | AF16: 4 | AG16: 4 | AH16: 18 | AI16: 4 | AJ16: 9 | AK16: *Registers missing
A18: Yearly Totals | B18: =SUM(B5:B16) -> 0 | C18: =SUM(C5:C16) -> 0 | D18: =SUM(D5:D16) -> 0 | E18: =SUM(E5:E16) -> 0 | F18: 92 | G18: =SUM(G5:G16) -> 0 | H18: =SUM(H5:H17) -> 205 | I18: =SUM(I5:I17) -> 282 | J18: =SUM(J5:J17) -> 256 | K18: =SUM(K5:K17) -> 231 | L18: 175 | M18: 302 | N18: 263 | O18: =SUM(O5:O17) -> 280 | P18: =SUM(P5:P16) -> 262 | Q18: =SUM(Q5:Q16) -> 309 | R18: =SUM(R5:R16) -> 197 | S18: =SUM(S5:S16) -> 136 | T18: =SUM(T5:T16) -> 197 | U18: =SUM(U5:U16) -> 133 | V18: =SUM(V5:V16) -> 177 | W18: =SUM(W5:W16) -> 236 | ... AC18: =SUM(AC5:AC16) -> 346 | AD18: =SUM(AD4:AD17) -> 322 | AE18: =SUM(AE4:AE17) -> 515 | AF18: =SUM(AF4:AF17) -> 445 | AG18: =SUM(AG4:AG17) -> 358 | AH18: =SUM(AH4:AH17) -> 424 | AI18: =SUM(AI4:AI17) -> 338 | AJ18: =SUM(AJ4:AJ17) -> 245
H19: 239

Sheet Kaaterskill Falls (REMOVED)
A1: Kaaterskill Wild Forest
A2: Kaaterskill Falls | W2: R2
B3: 1991 | C3: 1992 | D3: 1993 | E3: 1994 | F3: 1995 | G3: 1996 | H3: 1997 | I3: 1998 | J3: 1999 | K3: 2000 | L3: 2001 | M3: 2002 | N3: 2003 | O3: 2004 | P3: 2005 | Q3: 2006 | R3: 2007 | S3: 2008 | T3: 2009 | U3: 2010 | V3: 2011 | W3: 2012 | X3: 2013 | Y3: 2014 | Z3: 2015 | AA3: 2016 | AB3: 2017 | AC3: 2018 | AD3: 2019 | AE3: 2020
A5: January | J5: * | K5: 212 | O5: 172 | Q5: 97 | R5: 250 | S5: 186 | T5: 127 | U5: 151 | V5: 126 | W5: 146 | X5: * | Y5: 115 | Z5: 119 | AA5: 243 | AB5: 573 | AC5: 212 | AD5: 214 | AE5: 349
A6: February | J6: * | K6: 169 | O6: 126 | Q6: 115 | R6: 73 | S6: 155 | T6: 60 | U6: 124 | V6: 220 | W6: 234 | X6: * | Y6: 10 | Z6: 104 | AA6: 375 | AB6: 145 | AC6: 312 | AD6: 191 | AE6: 238
A7: March | J7: * | K7: 351 | O7: 62 | P7: 58 | Q7: 294 | R7: 70 | S7: 288 | T7: 198 | U7: 193 | V7: 272 | W7: 597 | X7: * | Y7: 54 | Z7: 209 | AA7: 954 | AB7: 245 | AC7: 145 | AD7: 312 | AE7: 548
A8: April | J8: * | K8: 710 | O8: 557 | P8: 739 | Q8: 476 | R8: 225 | S8: 929 | T8: 830 | U8: 815 | V8: 694 | W8: 690 | X8: * | Y8: 297 | Z8: 1135 | AA8: 1153 | AB8: 1357 | AC8: 833 | AD8: 814 | AE8: 68
A9: May | J9: * | K9: 1221 | O9: 1352 | P9: 948 | Q9: 1060 | R9: 1312 | S9: 1176 | T9: 1412 | U9: 1328 | V9: 1528 | W9: 595 | X9: * | Y9: 1557 | Z9: 2164 | AA9: 1880 | AB9: 1501 | AC9: 1365 | AD9: 951 | AE9: * | AF9: 5/12 register in tatters - mostly unreadable
A10: June | J10: * | K10: 758 | O10: 1951 | P10: 1888 | Q10: 173 | R10: 1561 | S10: 1368 | T10: 1511 | U10: 1556 | V10: 1394 | W10: 1527 | X10: * | Y10: 2029 | Z10: 1748 | AA10: 2079 | AB10: 1696 | AC10: 2279 | AD10: 1689 | AE10: *
A11: July | J11: * | K11: 3012 | O11: 2287 | P11: 2968 | Q11: 7 | R11: 1978 | S11: 2298 | T11: 2432 | U11: 2628 | V11: 2397 | W11: 2394 | X11: 518 | Y11: 3041 | Z11: 3589 | AA11: 3328 | AB11: 3683 | AC11: 3252 | AD11: 2352 | AE11: *
A12: August | J12: * | K12: 1822 | O12: 3093 | P12: 2772 | R12: 2422 | S12: 3075 | T12: 2518 | U12: 2786 | V12: 1840 | W12: 1989 | X12: 2534 | Y12: 3490 | Z12: 3229 | AA12: 3467 | AB12: 3225 | AC12: 2349 | AD12: 2784 | AE12: *
A13: September | J13: 415 | K13: 1024 | O13: 1091 | P13: 764 | R13: 1615 | S13: 731 | T13: 1477 | U13: 1467 | V13: 254 | W13: 1 | X13: 1156 | Y13: 1890 | Z13: 1729 | AA13: 2295 | AB13: 1931 | AC13: 1711 | AD13: 1548 | AE13: *
A14: October | J14: 956 | K14: 1646 | O14: 1534 | P14: 758 | R14: 1639 | S14: 1574 | T14: 1369 | U14: 1529 | V14: 818 | W14: * | X14: 1560 | Y14: 1974 | Z14: 1328 | AA14: 1485 | AB14: 2113 | AC14: 1504 | AD14: 1424 | AE14: 77
A15: November | J15: 553 | K15: 202 | O15: 199 | P15: 577 | R15: 614 | S15: 124 | T15: 646 | U15: 527 | V15: 138 | W15: * | X15: * | Y15: 716 | Z15: 708 | AA15: 944 | AB15: 924 | AC15: 501 | AD15: 796 | AE15: 369
A16: December | J16: 267 | K16: 21 | O16: 21 | P16: 9 | R16: 136 | S16: 119 | T16: 116 | U16: 136 | V16: 283 | W16: * | X16: * | Y16: 331 | Z16: 663 | AA16: 373 | AB16: 315 | AC16: 513 | AD16: 273 | AE16: 292 | AF16: *Registers missing
A18: Yearly Totals | B18: =SUM(B5:B16) -> 0 | C18: =SUM(C5:C16) -> 0 | D18: =SUM(D5:D16) -> 0 | E18: =SUM(E5:E16) -> 0 | F18: =SUM(F5:F16) -> 0 | G18: =SUM(G5:G16) -> 0 | H18: =SUM(H5:H16) -> 0 | I18: =SUM(I5:I16) -> 0 | J18: =SUM(J5:J17) -> 2191 | K18: =SUM(K5:K17) -> 11148 | L18: 11080 | M18: 11669 | N18: 11920 | O18: =SUM(O5:O17) -> 12445 | P18: =SUM(P5:P16) -> 11481 | Q18: =SUM(Q5:Q16) -> 2222 | R18: =SUM(R5:R16) -> 11895 | S18: =SUM(S5:S16) -> 12023 | T18: =SUM(T5:T16) -> 12696 | U18: =SUM(U5:U16) -> 13240 | V18: =SUM(V5:V17) -> 9964 | W18: =SUM(W5:W16) -> 8173 | X18: =SUM(X5:X16) -> 5768 | Y18: =SUM(Y5:Y16) -> 15504 | Z18: =SUM(Z5:Z16) -> 16725 | AA18: =SUM(AA5:AA16) -> 18576 | AB18: =SUM(AB5:AB16) -> 17708 | AC18: =SUM(AC5:AC16) -> 14976 | AD18: =SUM(AD4:AD17) -> 13348 | AE18: =SUM(AE5:AE17) -> 1941
J19: 5647

Sheet Layman's Monument (REMOVED)
A1: Kaaterskill Wild Forest
A2: Layman's Monument | X2: R13
B3: 1990 | C3: 1991 | D3: 1992 | E3: 1993 | F3: 1994 | G3: 1995 | H3: 1996 | I3: 1997 | J3: 1998 | K3: 1999 | L3: 2000 | M3: 2001 | N3: 2002 | O3: 2003 | P3: 2004 | Q3: 2005 | R3: 2006 | S3: 2007 | T3: 2008 | U3: 2009 | V3: 2010 | W3: 2011 | X3: 2012 | Y3: 2013 | Z3: 2014 | AA3: 2015 | AB3: 2016 | AC3: 2017 | AD3: 2018
A5: January | H5: 12 | I5: 29 | J5: 32 | K5: 22 | L5: 31 | P5: 4 | Q5: 5 | R5: 19 | S5: 24 | T5: 39 | U5: 21 | V5: 30 | W5: 10 | X5: 33 | Y5: * | Z5: 223 | AA5: 9 | AB5: 42 | AC5: 78 | AD5: 97
A6: February | H6: 20 | I6: 37 | J6: 32 | K6: 24 | L6: 16 | P6: 21 | Q6: 30 | R6: 49 | S6: 17 | T6: 31 | U6: 30 | V6: 27 | W6: 4 | X6: 38 | Y6: * | Z6: 2 | AA6: 36 | AB6: 54 | AC6: 113 | AD6: 80
A7: March | H7: 57 | I7: 52 | J7: 58 | K7: 53 | L7: 53 | P7: 51 | Q7: 11 | R7: 43 | S7: 17 | T7: 36 | U7: 0 | V7: 9 | W7: 32 | X7: 65 | Y7: * | Z7: 16 | AA7: 22 | AB7: 185 | AC7: 33 | AD7: 43
A8: April | H8: 129 | I8: 81 | J8: 168 | K8: 143 | L8: 102 | P8: 117 | Q8: 89 | R8: 88 | S8: 46 | T8: 109 | U8: 207 | V8: 137 | W8: 67 | X8: 142 | Y8: * | Z8: 66 | AA8: 143 | AB8: 228 | AC8: 227 | AD8: 105
A9: May | H9: 311 | I9: 303 | J9: 266 | K9: 300 | L9: 155 | P9: 323 | Q9: 182 | R9: 121 | S9: 92 | T9: 243 | U9: 283 | V9: 118 | W9: 207 | X9: 261 | Y9: * | Z9: 312 | AA9: 174 | AB9: 301 | AC9: 290 | AD9: 207
A10: June | H10: 16 | I10: 246 | J10: 157 | K10: 226 | L10: 441 | P10: 254 | Q10: 168 | R10: 136 | S10: 188 | T10: 226 | U10: 236 | V10: 181 | W10: 239 | X10: 350 | Y10: 7 | Z10: 236 | AA10: 281 | AB10: 383 | AC10: 312 | AD10: 262
A11: July | H11: 318 | I11: 609 | J11: 343 | K11: 192 | L11: 292 | P11: 154 | Q11: 200 | R11: 249 | S11: 280 | T11: 331 | U11: 289 | V11: 264 | W11: 555 | X11: 584 | Y11: 261 | Z11: 365 | AA11: 277 | AB11: 494 | AC11: 523 | AD11: 549
A12: August | H12: 337 | I12: 412 | J12: 587 | K12: 167 | L12: 378 | P12: 285 | Q12: 258 | R12: 249 | S12: 224 | T12: 499 | U12: 387 | V12: 300 | W12: 382 | X12: 319 | Y12: 445 | Z12: 538 | AA12: 358 | AB12: 473 | AC12: 506 | AD12: 497
A13: September | I13: 44 | K13: 190 | L13: 206 | P13: 245 | Q13: 149 | R13: 305 | S13: 237 | T13: 180 | U13: 182 | V13: 223 | W13: 78 | X13: 2 | Y13: 224 | Z13: 295 | AA13: 219 | AB13: 468 | AC13: 397 | AD13: 377
A14: October | I14: 142 | J14: 360 | K14: 307 | L14: 257 | P14: 347 | Q14: 161 | R14: 295 | S14: 220 | T14: 307 | U14: 253 | V14: 280 | W14: 301 | X14: * | Y14: 351 | Z14: 270 | AA14: 388 | AB14: 645 | AC14: 511 | AD14: 450
A15: November | I15: 8 | J15: 89 | K15: 128 | L15: 50 | P15: 70 | Q15: 40 | R15: 163 | S15: 52 | T15: 91 | U15: 124 | V15: 107 | W15: 47 | X15: * | Y15: * | Z15: 119 | AA15: 149 | AB15: 200 | AC15: 228 | AD15: 94
A16: December | J16: 48 | K16: 47 | L16: 27 | P16: 20 | Q16: 16 | R16: 126 | S16: 13 | T16: 1 | U16: 31 | V16: 33 | W16: 48 | X16: * | Y16: * | Z16: 59 | AA16: 91 | AB16: 82 | AC16: 55 | AD16: 79 | AE16: *Registers missing
A18: Yearly Totals | B18: 1850 | C18: 1557 | D18: 2031 | E18: 1893 | F18: 2199 | G18: 2241 | H18: =SUM(H5:H16) -> 1200 | I18: =SUM(I5:I17) -> 1963 | J18: =SUM(J5:J17) -> 2140 | K18: =SUM(K5:K17) -> 1799 | L18: =SUM(L5:L17) -> 2008 | M18: 2195 | N18: 1527 | O18: 1570 | P18: =SUM(P5:P17) -> 1891 | Q18: =SUM(Q5:Q16) -> 1309 | R18: =SUM(R5:R16) -> 1843 | S18: =SUM(S5:S16) -> 1410 | T18: =SUM(T5:T16) -> 2093 | U18: =SUM(U5:U16) -> 2043 | V18: =SUM(V5:V16) -> 1709 | W18: =SUM(W5:W16) -> 1970 | X18: =SUM(X5:X16) -> 1794 | ... AD18: =SUM(AD5:AD16) -> 2840
I19: 2025 | J19: 2315

Sheet Little Pond Campground
A1: Delaware Wild Forest
A2: Little Pond Campground | W2: R42
B3: 1991 | C3: 1992 | D3: 1993 | E3: 1994 | F3: 1995 | G3: 1996 | H3: 1997 | I3: 1998 | J3: 1999 | K3: 2000 | L3: 2001 | M3: 2002 | N3: 2003 | O3: 2004 | P3: 2005 | Q3: 2006 | R3: 2007 | S3: 2008 | T3: 2009 | U3: 2010 | V3: 2011 | W3: 2012 | X3: 2013 | Y3: 2014 | Z3: 2015 | AA3: 2016 | AB3: 2017 | AC3: 2018 | AD3: 2019 | AE3: 2020 | AF3: 2021 | AG3: 2022 | AH3: 2023 | AI3: 2024 | AJ3: 2025
A5: January | H5: 1 | I5: 2 | J5: 1 | K5: 2 | O5: 5 | P5: 0 | R5: 5 | S5: 1 | T5: 4 | U5: 1 | V5: 3 | W5: 7 | X5: * | Y5: 1 | Z5: 0 | AA5: 0 | AB5: 2 | AC5: * | AD5: 3 | AE5: 9 | AF5: 25 | AG5: 1 | AH5: 6 | AI5: 1 | AJ5: 10
A6: February | I6: 9 | J6: 2 | K6: 0 | O6: 3 | P6: 1 | Q6: 4 | R6: 6 | S6: 1 | T6: 4 | U6: 0 | V6: 0 | W6: 1 | X6: * | Y6: 0 | Z6: 0 | AA6: 12 | AB6: 0 | AC6: 3 | AD6: 0 | AE6: 16 | AF6: 13 | AG6: 1 | AH6: 20 | AI6: 2 | AJ6: 7
A7: March | I7: 0 | J7: 6 | K7: 3 | O7: 3 | P7: 1 | Q7: 4 | R7: 3 | S7: 3 | T7: 1 | U7: 1 | V7: 1 | W7: 3 | X7: * | Y7: 0 | Z7: 2 | AA7: 5 | AB7: 3 | AC7: 2 | AD7: 4 | AE7: 10 | AF7: 4 | AG7: 6 | AH7: 0 | AI7: 22 | AJ7: 6
A8: April | H8: 3 | I8: 5 | J8: 7 | K8: 10 | O8: 6 | P8: 1 | Q8: 6 | R8: 4 | S8: 6 | T8: 0 | U8: 1 | V8: 2 | W8: 1 | X8: * | Y8: 2 | Z8: 3 | AA8: 14 | AB8: 5 | AC8: 1 | AD8: 4 | AE8: 12 | AF8: 36 | AG8: 27 | AH8: 8 | AI8: 3 | AJ8: 11
A9: May | H9: 75 | I9: 96 | J9: 62 | K9: 47 | O9: 63 | P9: 37 | Q9: 45 | R9: 22 | S9: 111 | T9: 47 | U9: 57 | V9: 65 | W9: 43 | X9: 40 | Y9: 60 | Z9: 69 | AA9: 38 | AB9: 39 | AC9: 20 | AD9: 98 | AE9: 40 | AF9: 65 | AG9: 67 | AH9: 54 | AI9: 43 | AJ9: 37
A10: June | H10: 35 | I10: 64 | J10: 57 | K10: 40 | O10: 64 | P10: 22 | Q10: 57 | R10: 206 | S10: 52 | T10: 47 | U10: 68 | V10: 122 | W10: 146 | X10: 86 | Y10: 99 | Z10: 76 | AA10: 77 | AB10: 84 | AC10: 77 | AD10: 109 | AE10: 61 | AF10: 121 | AG10: 473 | AH10: 60 | AI10: 72 | AJ10: 50
A11: July | H11: 60 | I11: 212 | J11: 265 | K11: 101 | O11: 195 | P11: 199 | Q11: 190 | R11: 170 | S11: 139 | T11: 117 | U11: 170 | V11: 178 | W11: 98 | X11: 106 | Y11: 239 | Z11: 149 | AA11: 137 | AB11: 160 | AC11: 108 | AD11: 183 | AE11: 137 | AF11: 108 | AG11: 95 | AH11: 111 | AI11: 75 | AJ11: 138
A12: August | H12: 107 | I12: 208 | J12: 178 | K12: 152 | O12: 187 | P12: 148 | Q12: 97 | R12: 111 | S12: 237 | T12: 114 | U12: 141 | V12: 115 | W12: 163 | X12: 198 | Y12: 253 | Z12: 218 | AA12: 111 | AB12: 86 | AC12: 83 | AD12: 156 | AE12: 284 | AF12: 117 | AG12: 107 | AH12: 161 | AI12: 79 | AJ12: 204
A13: September | H13: 69 | I13: 88 | J13: 59 | K13: 57 | O13: 84 | P13: 84 | Q13: 36 | R13: 71 | S13: 10 | T13: 1 | U13: 125 | V13: 33 | W13: 37 | X13: 104 | Y13: 54 | Z13: 140 | AA13: 81 | AB13: 171 | AC13: 155 | AD13: 88 | AE13: 175 | AF13: 122 | AG13: 80 | AH13: 78 | AI13: 67 | AJ13: 116
A14: October | H14: 30 | I14: 22 | J14: 13 | K14: 63 | O14: 58 | P14: 20 | Q14: 42 | R14: 28 | S14: 7 | T14: 42 | U14: 50 | V14: 55 | W14: * | X14: 62 | Y14: 45 | Z14: 11 | AA14: 59 | AB14: 48 | AC14: 36 | AD14: 76 | AE14: 167 | AF14: 73 | AG14: 79 | AH14: 34 | AI14: 46 | AJ14: 94
A15: November | I15: 5 | J15: 4 | K15: 3 | O15: 15 | P15: 8 | Q15: 8 | R15: 14 | S15: 3 | T15: 5 | U15: 1 | V15: 3 | W15: * | X15: 4 | Y15: 1 | Z15: 3 | AA15: 2 | AB15: * | AC15: 2 | AD15: 15 | AE15: 21 | AF15: 5 | AG15: 17 | AH15: 22 | AI15: 7 | AJ15: 13
A16: December | I16: 14 | J16: 0 | K16: 0 | O16: 0 | P16: 8 | Q16: 3 | R16: 1 | T16: 1 | U16: 0 | V16: 7 | W16: * | X16: 2 | Y16: 4 | Z16: 3 | AA16: 3 | AB16: 1 | AC16: 1 | AD16: 0 | AE16: 11 | AF16: 2 | AG16: * | AH16: 7 | AI16: 3 | AK16: *Registers missing
A18: Yearly Totals | B18: =SUM(B5:B16) -> 0 | C18: =SUM(C5:C16) -> 0 | D18: =SUM(D5:D16) -> 0 | E18: =SUM(E5:E16) -> 0 | F18: 731 | G18: =SUM(G5:G16) -> 0 | H18: =SUM(H5:H16) -> 380 | I18: =SUM(I5:I17) -> 725 | J18: =SUM(J5:J17) -> 654 | K18: =SUM(K5:K17) -> 478 | L18: 724 | M18: 696 | N18: 704 | O18: =SUM(O5:O17) -> 683 | P18: =SUM(P5:P17) -> 529 | Q18: =SUM(Q5:Q17) -> 492 | R18: =SUM(R5:R17) -> 641 | S18: =SUM(S5:S16) -> 570 | T18: =SUM(T5:T16) -> 383 | U18: =SUM(U5:U16) -> 615 | V18: =SUM(V5:V16) -> 584 | W18: =SUM(W5:W16) -> 499 | X18: =SUM(X5:X16) -> 602 | Y18: =SUM(Y5:Y16) -> 758 | Z18: =SUM(Z5:Z16) -> 674 | ... AB18: =SUM(AB5:AB16) -> 599 | AC18: =SUM(AC4:AC17) -> 488 | AD18: =SUM(AD4:AD17) -> 736 | AE18: =SUM(AE4:AE17) -> 943 | AF18: =SUM(AF4:AF17) -> 691 | AG18: =SUM(AG4:AG17) -> 953 | AH18: =SUM(AH4:AH17) -> 561 | AI18: =SUM(AI4:AI17) -> 420 | AJ18: =SUM(AJ4:AJ17) -> 686
H19: 571

Sheet Little Pond Loop
A1: Delaware Wild Forest
A2: Little Pond Loop | V2: R40
B3: 1991 | C3: 1992 | D3: 1993 | E3: 1994 | F3: 1995 | G3: 1996 | H3: 1997 | I3: 1998 | J3: 1999 | K3: 2000 | L3: 2001 | M3: 2002 | N3: 2003 | O3: 2004 | P3: 2005 | Q3: 2006 | R3: 2007 | S3: 2008 | T3: 2009 | U3: 2010 | V3: 2011 | W3: 2012 | X3: 2013 | Y3: 2014 | Z3: 2015 | AA3: 2016 | AB3: 2017 | AC3: 2018 | AD3: 2019 | AE3: 2020 | AF3: 2021 | AG3: 2022 | AH3: 2023 | AI3: 2024 | AJ3: 2025
A5: January | J5: 2 | K5: 2 | O5: 1 | R5: 2 | T5: 5 | U5: 1 | V5: 3 | W5: 0 | X5: * | Y5: 1 | Z5: 0 | AA5: 4 | AB5: 3 | AC5: * | AD5: 1 | AE5: 5 | AF5: 3 | AG5: 6 | AH5: 10 | AI5: 2 | AJ5: 5
A6: February | J6: 1 | K6: 0 | O6: 0 | P6: 1 | Q6: 2 | R6: 3 | S6: 5 | T6: 7 | U6: 0 | V6: 0 | W6: 0 | X6: * | Y6: 0 | Z6: 0 | AA6: 0 | AB6: 4 | AC6: * | AD6: 4 | AE6: 14 | AF6: 0 | AG6: 1 | AH6: 9 | AI6: 8 | AJ6: 7
A7: March | J7: 2 | K7: 7 | O7: 2 | P7: 1 | Q7: 2 | R7: 2 | S7: 2 | T7: 1 | U7: 7 | V7: 3 | W7: 0 | X7: * | Y7: 0 | Z7: 4 | AA7: 0 | AB7: 1 | AC7: * | AD7: 1 | AE7: 19 | AF7: 9 | AG7: 2 | AH7: 0 | AI7: 6 | AJ7: 1
A8: April | J8: 7 | K8: 4 | O8: 3 | P8: 1 | Q8: 6 | R8: 4 | S8: 12 | T8: 1 | U8: 5 | V8: 1 | W8: 11 | X8: * | Y8: 10 | Z8: 3 | AA8: 11 | AB8: 5 | AC8: 6 | AD8: 5 | AE8: 5 | AF8: 17 | AG8: 17 | AH8: 3 | AI8: 13 | AJ8: 9
A9: May | H9: 11 | I9: 143 | J9: 56 | K9: 120 | O9: 66 | P9: 50 | Q9: 79 | R9: 60 | S9: 99 | T9: 35 | U9: 111 | V9: 63 | W9: 98 | X9: 70 | Y9: 124 | Z9: 80 | AA9: 99 | AB9: 90 | AC9: 19 | AD9: 68 | AE9: 40 | AF9: 70 | AG9: 52 | AH9: 70 | AI9: 46 | AJ9: 53
A10: June | H10: 116 | I10: 85 | J10: 140 | K10: 102 | O10: 125 | P10: 65 | Q10: 48 | R10: 3 | S10: 122 | T10: 107 | U10: 196 | V10: 120 | W10: 182 | X10: 123 | Y10: 213 | Z10: 138 | AA10: 134 | AB10: 161 | AC10: 74 | AD10: 187 | AE10: 40 | AF10: 122 | AG10: 169 | AH10: 113 | AI10: 115 | AJ10: 68
A11: July | H11: 185 | I11: 228 | J11: 237 | K11: 150 | O11: 240 | P11: 267 | Q11: 262 | R11: 261 | S11: 250 | T11: 172 | U11: 314 | V11: 284 | W11: 265 | X11: 204 | Y11: 300 | Z11: 179 | AA11: 242 | AB11: 2300 | AC11: 261 | AD11: 220 | AE11: 146 | AF11: 116 | AG11: 171 | AH11: 167 | AI11: 157 | AJ11: 170
A12: August | H12: 199 | I12: 166 | J12: 195 | K12: 204 | O12: 177 | P12: 212 | Q12: 217 | R12: 220 | S12: 372 | T12: 222 | U12: 269 | V12: 193 | W12: 236 | X12: 311 | Y12: 315 | Z12: 246 | AA12: 252 | AB12: 176 | AC12: 185 | AD12: 291 | AE12: 250 | AF12: 210 | AG12: 198 | AH12: 180 | AI12: 156 | AJ12: 229
A13: September | I13: 153 | J13: 88 | K13: 59 | O13: 109 | P13: 96 | Q13: 75 | R13: 114 | S13: 12 | T13: 51 | U13: 145 | V13: 36 | W13: 26 | X13: 115 | Y13: 154 | Z13: 199 | AA13: 104 | AB13: 54 | AC13: 108 | AD13: 93 | AE13: 290 | AF13: 201 | AG13: 108 | AH13: 83 | AI13: 105 | AJ13: 131
A14: October | I14: 29 | J14: 48 | K14: 27 | O14: 64 | P14: 19 | Q14: 64 | R14: 74 | S14: 9 | T14: 71 | U14: 105 | V14: 53 | W14: * | X14: 64 | Y14: 22 | Z14: 113 | AA14: 25 | AB14: 55 | AC14: 8 | AD14: 99 | AE14: 98 | AF14: 85 | AG14: 89 | AH14: 46 | AI14: 91 | AJ14: 67
A15: November | I15: 9 | J15: 19 | K15: 7 | O15: 3 | P15: 6 | Q15: 10 | R15: 8 | T15: 4 | U15: 4 | V15: 3 | W15: * | X15: 12 | Y15: 44 | Z15: 13 | AA15: 2 | AB15: * | AC15: * | AD15: 3 | AE15: 22 | AF15: 10 | AG15: 9 | AH15: 1 | AI15: 16 | AJ15: 2
A16: December | I16: 0 | J16: 3 | K16: 2 | O16: 6 | P16: 4 | Q16: 5 | R16: 1 | T16: 0 | U16: 1 | V16: 7 | W16: * | X16: 1 | Y16: 0 | Z16: 0 | AA16: 5 | AB16: 12 | AC16: 5 | AD16: 3 | AE16: 14 | AF16: 2 | AG16: 7 | AH16: 8 | AI16: 1 | AK16: *Registers missing
A18: Yearly Totals | B18: =SUM(B5:B16) -> 0 | C18: =SUM(C5:C16) -> 0 | D18: =SUM(D5:D16) -> 0 | E18: =SUM(E5:E16) -> 0 | F18: =SUM(F5:F16) -> 0 | G18: =SUM(G5:G16) -> 0 | H18: =SUM(H5:H16) -> 511 | I18: =SUM(I5:I16) -> 813 | J18: =SUM(J5:J17) -> 798 | K18: =SUM(K5:K17) -> 684 | L18: 827 | M18: 889 | N18: 591 | O18: =SUM(O5:O17) -> 796 | P18: =SUM(P5:P17) -> 722 | Q18: =SUM(Q5:Q17) -> 770 | R18: =SUM(R5:R17) -> 752 | S18: 883 | T18: =SUM(T5:T16) -> 676 | U18: =SUM(U5:U16) -> 1158 | V18: =SUM(V5:V16) -> 766 | W18: =SUM(W5:W16) -> 818 | X18: =SUM(X5:X16) -> 900 | Y18: =SUM(Y5:Y16) -> 1183 | Z18: =SUM(Z5:Z16) -> 975 | AA18: =SUM(AA5:AA16) -> 878 | AB18: =SUM(AB5:AB17) -> 2861 | AC18: =SUM(AC5:AC17) -> 666 | AD18: =SUM(AD5:AD17) -> 975 | AE18: =SUM(AE5:AE17) -> 943 | AF18: =SUM(AF5:AF17) -> 845 | AG18: =SUM(AG5:AG17) -> 829 | AH18: =SUM(AH5:AH17) -> 690 | AI18: =SUM(AI5:AI17) -> 716 | AJ18: =SUM(AJ5:AJ17) -> 742
H19: 786 | I19: 959 | J19: 873

Sheet Mary Smith Hill Road
A1: Delaware Wild Forest
A2: Mary Smith Hill Road | W2: R43
B3: 1991 | C3: 1992 | D3: 1993 | E3: 1994 | F3: 1995 | G3: 1996 | H3: 1997 | I3: 1998 | J3: 1999 | K3: 2000 | L3: 2001 | M3: 2002 | N3: 2003 | O3: 2004 | P3: 2005 | Q3: 2006 | R3: 2007 | S3: 2008 | T3: 2009 | U3: 2010 | V3: 2011 | W3: 2012 | X3: 2013 | Y3: 2014 | Z3: 2015 | AA3: 2016 | AB3: 2017 | AC3: 2018 | AD3: 2019 | AE3: 2020 | AF3: 2021 | AG3: 2022 | AH3: 2023 | AI3: 2024 | AJ3: 2025
A5: January | H5: 21 | I5: 1 | J5: 4 | K5: 2 | O5: 3 | P5: 1 | Q5: 1 | R5: 1 | S5: 1 | T5: 1 | U5: 1 | V5: 1 | W5: 7 | X5: * | Y5: 1 | Z5: 4 | AA5: 3 | AB5: 0 | AC5: 3 | AD5: 0 | AE5: 7 | AF5: 2 | AG5: 4 | AH5: 9 | AI5: 2 | AJ5: 4
A6: February | H6: 2 | I6: 2 | J6: 0 | K6: 0 | O6: 0 | Q6: 12 | R6: 2 | S6: 1 | T6: 0 | U6: 0 | V6: 0 | W6: 5 | X6: * | Y6: 0 | AA6: 10 | AB6: 1 | AC6: * | AD6: 3 | AE6: * | AF6: 0 | AG6: 2 | AH6: 6 | AI6: 6
A7: March | H7: 1 | I7: 1 | J7: 13 | K7: 3 | O7: 1 | Q7: 5 | R7: 7 | S7: 3 | T7: 2 | U7: 2 | V7: 1 | W7: 1 | X7: * | Y7: 0 | Z7: 1 | AA7: 7 | AB7: 1 | AC7: * | AD7: 0 | AE7: 13 | AF7: 5 | AG7: 15 | AH7: 3 | AI7: 8 | AJ7: 12
A8: April | H8: 10 | I8: 11 | J8: 11 | K8: 16 | O8: 11 | P8: 3 | Q8: 5 | R8: 16 | S8: 9 | T8: 3 | U8: 38 | V8: 9 | W8: 10 | X8: * | Y8: 3 | Z8: 9 | AA8: 15 | AB8: 2 | AC8: * | AD8: 8 | AE8: 6 | AF8: 28 | AG8: 19 | AH8: 16 | AI8: 4 | AJ8: 11
A9: May | H9: 20 | I9: 40 | J9: 23 | K9: 55 | O9: 44 | P9: 41 | Q9: 4 | R9: 21 | S9: 13 | T9: 17 | U9: 39 | V9: 28 | W9: 19 | X9: 7 | Y9: 26 | Z9: 23 | AA9: 8 | AB9: 29 | AC9: 23 | AD9: 41 | AE9: 31 | AF9: 29 | AG9: 46 | AH9: 48 | AI9: 26 | AJ9: 20
A10: June | H10: 23 | I10: 20 | J10: 13 | K10: 17 | O10: 14 | P10: 32 | Q10: 30 | R10: 28 | S10: 26 | T10: 31 | U10: 19 | V10: 19 | W10: 19 | X10: 10 | Y10: 22 | Z10: 21 | AA10: 30 | AB10: 13 | AC10: 27 | AD10: 25 | AE10: 40 | AF10: 43 | AG10: 35 | AH10: 40 | AI10: 16 | AJ10: 18
A11: July | H11: 39 | I11: 29 | J11: 24 | K11: 20 | O11: 56 | P11: 29 | Q11: 54 | R11: 20 | S11: 24 | T11: 56 | U11: 13 | V11: 61 | W11: 25 | X11: 27 | Y11: 18 | Z11: 27 | AA11: 30 | AB11: 23 | AC11: 14 | AD11: 7 | AE11: 19 | AF11: 47 | AG11: 37 | AH11: 67 | AI11: 37 | AJ11: 16
A12: August | H12: 28 | I12: 22 | J12: 11 | K12: 37 | O12: 50 | P12: 29 | Q12: 35 | R12: 27 | S12: 23 | T12: 50 | U12: 21 | V12: 86 | W12: 25 | X12: 51 | Y12: 45 | Z12: 74 | AA12: 31 | AB12: 52 | AC12: 50 | AD12: 20 | AE12: 32 | AF12: 25 | AG12: 20 | AH12: 26 | AI12: 22 | AJ12: 30
A13: September | H13: 7 | I13: 13 | J13: 17 | K13: 14 | O13: 22 | P13: 12 | Q13: 18 | R13: 19 | S13: 17 | T13: 7 | U13: 19 | V13: 40 | W13: 18 | X13: 13 | Y13: 4 | Z13: 29 | AA13: 7 | AB13: 23 | AC13: 16 | AD13: 24 | AE13: 34 | AF13: 25 | AG13: 36 | AH13: 36 | AI13: 22 | AJ13: 24
A14: October | H14: 7 | I14: 13 | J14: 27 | K14: 22 | O14: 32 | P14: 36 | Q14: 29 | R14: 45 | S14: 18 | T14: 65 | U14: 26 | V14: 18 | W14: * | X14: 10 | Y14: 29 | Z14: 16 | AA14: 17 | AB14: 13 | AC14: 25 | AD14: 12 | AE14: 72 | AF14: 36 | AG14: 31 | AH14: 24 | AI14: 49 | AJ14: 21
A15: November | I15: 27 | J15: 26 | K15: 11 | O15: 23 | P15: 9 | Q15: 21 | R15: 22 | S15: 12 | T15: 13 | U15: 27 | V15: 6 | W15: * | X15: 13 | Y15: 19 | Z15: 21 | AA15: 19 | AB15: 24 | AC15: 12 | AD15: 33 | AE15: 17 | AF15: 24 | AG15: 28 | AH15: 42 | AI15: 18 | AJ15: 22
A16: December | I16: 9 | J16: 6 | K16: 1 | O16: 25 | P16: 1 | Q16: 7 | R16: 2 | S16: 1 | T16: 3 | U16: 7 | V16: 2 | W16: * | X16: 2 | Y16: 0 | Z16: 28 | AA16: 4 | AB16: 4 | AC16: 6 | AD16: 1 | AE16: 8 | AF16: 18 | AG16: 6 | AH16: 5 | AI16: 3 | AJ16: 4 | AK16: *Registers missing
A18: Yearly Totals | B18: =SUM(B5:B16) -> 0 | C18: =SUM(C5:C16) -> 0 | D18: =SUM(D5:D16) -> 0 | E18: =SUM(E5:E16) -> 0 | F18: 118 | G18: =SUM(G5:G16) -> 0 | H18: =SUM(H5:H17) -> 158 | I18: =SUM(I5:I17) -> 188 | J18: =SUM(J5:J17) -> 175 | K18: =SUM(K5:K17) -> 198 | L18: 218 | M18: 164 | N18: 178 | O18: =SUM(O5:O17) -> 281 | P18: =SUM(P5:P17) -> 193 | Q18: =SUM(Q5:Q17) -> 221 | R18: =SUM(R5:R17) -> 210 | S18: =SUM(S5:S16) -> 148 | T18: =SUM(T5:T16) -> 248 | U18: =SUM(U5:U16) -> 212 | V18: =SUM(V5:V16) -> 271 | W18: =SUM(W5:W16) -> 129 | X18: =SUM(X5:X16) -> 133 | Y18: =SUM(Y5:Y16) -> 167 | Z18: =SUM(Z5:Z16) -> 253 | ... AC18: =SUM(AC5:AC16) -> 176 | AD18: =SUM(AD5:AD17) -> 174 | AE18: =SUM(AE5:AE17) -> 279 | AF18: =SUM(AF5:AF17) -> 282 | AG18: =SUM(AG5:AG17) -> 279 | AH18: =SUM(AH5:AH17) -> 322 | AI18: =SUM(AI5:AI17) -> 213 | AJ18: =SUM(AJ5:AJ17) -> 182
H19: 194

Sheet Mary's Glen
A1: Kaaterskill Wild Forest
A2: Mary's Glen | V2: R21
B3: 1990 | C3: 1991 | D3: 1992 | E3: 1993 | F3: 1994 | G3: 1995 | H3: 1996 | I3: 1997 | J3: 1998 | K3: 1999 | L3: 2000 | M3: 2001 | N3: 2002 | O3: 2003 | P3: 2004 | Q3: 2005 | R3: 2006 | S3: 2007 | T3: 2008 | U3: 2009 | V3: 2010 | W3: 2011 | X3: 2012 | Y3: 2013 | Z3: 2014 | AA3: 2015 | AB3: 2016 | AC3: 2017 | AD3: 2018 | AE3: 2019 | AF3: 2020 | AG3: 2021 | AH3: 2022 | AI3: 2023 | AJ3: 2024 | AK3: 2025
A5: January | H5: 3 | I5: 2 | J5: 22 | K5: 10 | L5: 4 | P5: 9 | Q5: 10 | R5: 18 | S5: 17 | T5: 11 | U5: 24 | V5: 9 | W5: 8 | X5: 27 | Y5: * | Z5: 73 | AA5: 16 | AB5: 12 | AC5: 12 | AD5: 24 | AE5: 13 | AF5: 23 | AG5: 49 | AH5: 30 | AI5: 27 | AJ5: 22 | AK5: 16
A6: February | H6: 8 | I6: 32 | J6: 23 | K6: 34 | L6: 34 | P6: 12 | Q6: 34 | R6: 5 | S6: 18 | T6: 10 | U6: 9 | V6: 15 | W6: 4 | X6: 24 | Y6: * | Z6: 30 | AA6: * | AB6: 55 | AC6: 39 | AD6: 21 | AE6: 19 | AF6: 41 | AG6: 16 | AH6: 46 | AI6: 27 | AJ6: 49 | AK6: 13
A7: March | H7: 55 | I7: 57 | J7: 47 | K7: 10 | L7: 47 | P7: 20 | Q7: 38 | R7: 23 | S7: 6 | T7: 14 | U7: 13 | V7: 8 | W7: 10 | X7: 35 | Y7: * | Z7: 11 | AA7: * | AB7: 82 | AC7: 17 | AD7: 15 | AE7: 51 | AF7: 69 | AG7: 128 | AH7: 19 | AI7: 17 | AJ7: 48 | AK7: 95
A8: April | H8: 173 | I8: 71 | J8: 93 | K8: 75 | L8: 71 | P8: 69 | Q8: 52 | R8: 61 | S8: 27 | T8: 40 | U8: 59 | V8: 66 | W8: 42 | X8: 104 | Y8: * | Z8: 70 | AA8: * | AB8: 132 | AC8: 133 | AD8: 4 | AE8: 72 | AF8: 74 | AG8: 131 | AH8: 98 | AI8: 133 | AJ8: 56 | AK8: 101
A9: May | H9: 9 | I9: 203 | J9: 510 | K9: 427 | L9: 496 | P9: 465 | Q9: 357 | R9: 454 | S9: 529 | T9: 481 | U9: 466 | V9: 361 | W9: 363 | X9: 401 | Y9: * | Z9: 407 | AA9: * | AB9: 390 | AC9: 307 | AD9: 184 | AE9: 192 | AF9: 324 | AG9: 217 | AH9: 143 | AI9: 326 | AJ9: 205 | AK9: 207
A10: June | H10: 288 | I10: 734 | J10: 237 | K10: 29 | L10: 687 | P10: 323 | Q10: 479 | R10: 155 | S10: 578 | T10: 445 | U10: 593 | V10: 556 | W10: 623 | X10: 480 | Y10: 3 | Z10: 548 | AA10: * | AB10: 701 | AC10: 613 | AD10: 539 | AE10: 405 | AF10: 310 | AG10: 461 | AH10: 429 | AI10: 341 | AJ10: 495 | AK10: 390
A11: July | H11: 439 | I11: 984 | J11: 617 | K11: 613 | L11: 1024 | P11: 42 | Q11: 1003 | R11: 725 | S11: 934 | T11: 1287 | U11: 837 | V11: 1094 | W11: 850 | X11: 748 | Y11: 605 | Z11: 665 | AA11: * | AB11: 1045 | AC11: 1023 | AD11: 886 | AE11: 790 | AF11: 639 | AG11: 425 | AH11: 457 | AI11: 355 | AJ11: 533 | AK11: 494
A12: August | H12: 503 | I12: 665 | J12: 740 | K12: 362 | L12: 874 | P12: 42 | Q12: 941 | R12: 680 | S12: 1004 | T12: 1193 | U12: 739 | V12: 758 | W12: 615 | X12: 932 | Y12: 900 | Z12: 805 | AA12: * | AB12: 1225 | AC12: 1019 | AD12: 539 | AE12: 894 | AF12: 826 | AG12: 599 | AH12: 337 | AI12: 420 | AJ12: 510 | AK12: 635
A13: September | H13: 40 | I13: 517 | K13: 302 | L13: 420 | P13: 545 | Q13: 519 | R13: 357 | S13: 540 | T13: 444 | U13: 384 | V13: 592 | W13: 185 | X13: 67 | Y13: 515 | Z13: 469 | AA13: * | AB13: 506 | AC13: 1008 | AD13: 558 | AE13: 482 | AF13: 756 | AG13: 398 | AH13: 358 | AI13: 282 | AJ13: 242 | AK13: 400
A14: October | I14: 834 | J14: 764 | K14: 479 | L14: 644 | P14: 402 | Q14: 301 | R14: 334 | S14: 463 | T14: 547 | U14: 409 | V14: 528 | W14: 355 | X14: 2 | Y14: 516 | Z14: 292 | AA14: * | AB14: 546 | AC14: 193 | AD14: 296 | AE14: 637 | AF14: 675 | AG14: 424 | AH14: 505 | AI14: 333 | AJ14: 692 | AK14: 477
A15: November | I15: 4 | J15: 98 | K15: 100 | L15: 79 | P15: * | Q15: 66 | R15: 57 | S15: 47 | T15: 49 | U15: 50 | V15: 58 | W15: 49 | X15: * | Y15: * | Z15: 41 | AA15: * | AB15: 138 | AC15: 82 | AD15: 50 | AE15: 54 | AF15: 116 | AG15: 67 | AH15: 82 | AI15: 100 | AJ15: 29 | AK15: 68
A16: December | J16: 24 | K16: 12 | L16: 5 | P16: * | Q16: 14 | R16: 8 | S16: 13 | T16: 17 | U16: 5 | V16: 9 | W16: 18 | X16: * | Y16: * | Z16: 50 | AA16: 13 | AB16: 21 | AC16: 17 | AD16: 33 | AE16: 4 | AF16: 53 | AG16: 48 | AH16: 35 | AI16: 19 | AJ16: 20 | AK16: 33 | AL16: *Registers missing
A18: Yearly Totals | B18: 3974 | C18: 3875 | D18: 2886 | E18: 4974 | F18: 4366 | G18: 4514 | H18: =SUM(H5:H17) -> 1518 | I18: =SUM(I5:I17) -> 4103 | J18: =SUM(J5:J17) -> 3175 | K18: =SUM(K5:K17) -> 2453 | L18: =SUM(L5:L17) -> 4385 | M18: 4575 | N18: 2748 | O18: 3642 | P18: =SUM(P5:P16) -> 1929 | Q18: =SUM(Q5:Q16) -> 3814 | R18: =SUM(R5:R16) -> 2877 | S18: =SUM(S5:S16) -> 4176 | T18: =SUM(T5:T16) -> 4538 | U18: =SUM(U5:U16) -> 3588 | V18: =SUM(V5:V16) -> 4054 | W18: =SUM(W5:W16) -> 3122 | ... AD18: =SUM(AD5:AD16) -> 3149 | AE18: =SUM(AE4:AE17) -> 3613 | AF18: =SUM(AF4:AF17) -> 3906 | AG18: =SUM(AG4:AG17) -> 2963 | AH18: =SUM(AH4:AH17) -> 2539 | AI18: =SUM(AI4:AI17) -> 2380 | AJ18: =SUM(AJ4:AJ17) -> 2901 | AK18: =SUM(AK4:AK17) -> 2929
I19: 4233 | K19: 2767

Sheet Mink Hollow (Lake Hill)
A1: Indian Head Wilderness
A2: Mink Hollow (Lake Hill) | X2: R08
B3: 1990 | C3: 1991 | D3: 1992 | E3: 1993 | F3: 1994 | G3: 1995 | H3: 1996 | I3: 1997 | J3: 1998 | K3: 1999 | L3: 2000 | M3: 2001 | N3: 2002 | O3: 2003 | P3: 2004 | Q3: 2005 | R3: 2006 | S3: 2007 | T3: 2008 | U3: 2009 | V3: 2010 | W3: 2011 | X3: 2012 | Y3: 2013 | Z3: 2014 | AA3: 2015 | AB3: 2016 | AC3: 2017 | AD3: 2018 | AE3: 2019 | AF3: 2020 | AG3: 2021 | AH3: 2022 | AI3: 2023 | AJ3: 2024 | AK3: 2025
A5: January | H5: 13 | I5: 29 | J5: 17 | K5: 22 | L5: 55 | P5: 68 | Q5: 31 | R5: 19 | S5: 43 | T5: 11 | U5: 65 | V5: 19 | W5: 19 | X5: 35 | Y5: 6 | Z5: 15 | AA5: 43 | AB5: 55 | AC5: 19 | AD5: 25 | AE5: 24 | AF5: 42 | AG5: 22 | AI5: * | AJ5: 30
A6: February | H6: 30 | I6: 46 | K6: 41 | L6: 42 | P6: 40 | Q6: 58 | R6: 19 | S6: 40 | T6: 16 | U6: 39 | V6: 28 | W6: 29 | X6: 31 | Y6: 16 | Z6: 25 | AA6: * | AB6: 23 | AC6: 25 | AD6: 32 | AE6: 22 | AF6: 22 | AG6: 22 | AH6: 9 | AI6: * | AJ6: 2
A7: March | H7: 60 | I7: 26 | J7: 52 | K7: 46 | L7: 38 | P7: 41 | Q7: 27 | R7: 42 | S7: 40 | T7: 30 | U7: 55 | V7: 48 | W7: 30 | X7: 47 | Y7: 25 | Z7: 17 | AA7: * | AB7: 66 | AC7: 14 | AD7: 16 | AE7: 10 | AF7: 51 | AG7: 21 | AH7: 15 | AI7: * | AJ7: 11
A8: April | H8: 9 | I8: 54 | J8: 69 | K8: 106 | L8: 63 | P8: 74 | Q8: 23 | R8: 95 | S8: 38 | T8: 43 | U8: 47 | V8: 51 | W8: 46 | X8: 58 | Y8: 40 | Z8: 32 | AA8: 96 | AB8: 92 | AC8: 117 | AD8: 45 | AE8: 60 | AF8: 89 | AG8: 65 | AH8: 64 | AI8: * | AJ8: 44
A9: May | I9: 154 | J9: 87 | K9: 132 | L9: 70 | P9: 108 | Q9: 95 | R9: 66 | S9: 89 | T9: 187 | U9: 73 | V9: 78 | W9: 64 | X9: 45 | Y9: 59 | Z9: 46 | AA9: 87 | AB9: 154 | AC9: 98 | AD9: 67 | AE9: 113 | AF9: 125 | AG9: 87 | AH9: * | AI9: 5 | AJ9: 2
A10: June | I10: 118 | J10: 105 | L10: 73 | P10: 75 | Q10: 75 | R10: 97 | S10: 82 | T10: 60 | U10: 53 | V10: 4 | W10: 68 | X10: 20 | Y10: 36 | Z10: 102 | AA10: 70 | AB10: 81 | AC10: 43 | AD10: 64 | AE10: 70 | AF10: 92 | AG10: 58 | AH10: * | AI10: 37
A11: July | I11: 131 | J11: 165 | L11: 173 | P11: 122 | Q11: 121 | R11: 7 | S11: 103 | T11: 80 | U11: 52 | V11: 46 | W11: 107 | X11: 31 | Y11: 22 | Z11: 99 | AA11: 84 | AB11: 101 | AC11: 91 | AD11: 75 | AE11: 101 | AF11: 82 | AG11: 69 | AH11: * | AI11: 84
A12: August | I12: 154 | J12: 123 | K12: 66 | L12: 114 | P12: 91 | Q12: 84 | R12: 19 | S12: 103 | T12: 110 | U12: 68 | V12: 81 | W12: 51 | X12: 66 | Y12: 83 | Z12: 89 | AA12: 86 | AB12: 75 | AC12: 73 | AD12: 61 | AE12: 90 | AF12: 89 | AG12: 91 | AH12: * | AI12: 0
A13: September | I13: 146 | J13: 100 | K13: 122 | L13: 147 | P13: 44 | Q13: 90 | R13: 119 | S13: 75 | T13: 23 | U13: 58 | V13: 71 | W13: 9 | X13: * | Y13: 43 | Z13: 62 | AA13: 88 | AB13: 57 | AC13: 92 | AD13: 59 | AE13: 69 | AF13: 85 | AG13: * | AH13: 72 | AI13: 78
A14: October | I14: 167 | J14: 86 | K14: 125 | L14: 114 | P14: 134 | Q14: 104 | R14: 141 | S14: 56 | T14: 76 | U14: 51 | V14: 80 | W14: 29 | X14: * | Y14: 74 | Z14: 56 | AA14: 112 | AB14: 46 | AC14: 105 | AD14: 51 | AE14: 65 | AF14: 166 | AG14: * | AH14: 72 | AI14: 98
A15: November | I15: 51 | K15: 58 | L15: 52 | P15: 57 | Q15: 182 | R15: 43 | T15: 47 | U15: 70 | V15: 62 | W15: 28 | X15: * | Y15: 32 | Z15: 52 | AA15: 90 | AB15: 60 | AC15: 73 | AD15: 17 | AE15: 51 | AF15: 79 | AG15: * | AH15: 21 | AI15: 69
A16: December | I16: 35 | K16: 46 | L16: 19 | P16: 27 | Q16: 42 | R16: 82 | T16: 16 | U16: 19 | V16: 49 | W16: 11 | X16: * | Y16: 13 | Z16: 46 | AA16: 71 | AB16: 44 | AC16: 24 | AD16: 25 | AE16: 35 | AF16: 71 | AG16: * | AH16: 3 | AI16: 13 | AL16: *Registers missing
A18: Yearly Totals | B18: 805 | C18: 615 | D18: 790 | E18: 733 | F18: 780 | G18: 1099 | H18: =SUM(H5:H16) -> 112 | I18: =SUM(I5:I17) -> 1111 | J18: =SUM(J5:J17) -> 804 | K18: =SUM(K5:K17) -> 764 | L18: =SUM(L5:L17) -> 960 | M18: 1055 | N18: 1089 | O18: 603 | P18: =SUM(P5:P17) -> 881 | Q18: =SUM(Q5:Q16) -> 932 | R18: =SUM(R5:R16) -> 749 | S18: =SUM(S5:S16) -> 669 | T18: =SUM(T5:T16) -> 699 | U18: =SUM(U5:U16) -> 650 | V18: =SUM(V5:V16) -> 617 | W18: =SUM(W5:W16) -> 491 | X18: =SUM(X5:X16) -> 333 | ... AC18: =SUM(AC5:AC16) -> 774 | AD18: =SUM(AD5:AD17) -> 537 | AE18: =SUM(AE4:AE17) -> 710 | AF18: =SUM(AF4:AF17) -> 993 | AG18: =SUM(AG4:AG17) -> 435 | AH18: =SUM(AH4:AH17) -> 256 | AI18: =SUM(AI4:AI17) -> 384 | AJ18: =SUM(AJ4:AJ17) -> 89 | AK18: =SUM(AK4:AK17) -> 0
J19: 933 | K19: 862

Sheet Mountain TPKE Horse Trail
A1: Kaaterskill Wild Forest
A2: Mountain TPKE Horse Trail | W2: R20
B3: 1990 | C3: 1991 | D3: 1992 | E3: 1993 | F3: 1994 | G3: 1995 | H3: 1996 | I3: 1997 | J3: 1998 | K3: 1999 | L3: 2000 | M3: 2001 | N3: 2002 | O3: 2003 | P3: 2004 | Q3: 2005 | R3: 2006 | S3: 2007 | T3: 2008 | U3: 2009 | V3: 2010 | W3: 2011 | X3: 2012 | Y3: 2013 | Z3: 2014 | AA3: 2015 | AB3: 2016 | AC3: 2017 | AD3: 2018 | AE3: 2019 | AF3: 2020 | AG3: 2021 | AH3: 2022 | AI3: 2023 | AJ3: 2024 | AK3: 2025
A5: January | H5: 17 | I5: 5 | J5: 10 | K5: 0 | L5: 40 | P5: 15 | Q5: 1 | R5: 14 | S5: 6 | T5: 16 | U5: 7 | V5: 7 | W5: 10 | X5: 24 | Y5: * | Z5: 15 | AA5: 7 | AB5: 11 | AC5: 14 | AD5: 3 | AE5: 14 | AF5: 0 | AG5: 7 | AH5: 3 | AI5: 4
A6: February | H6: 1 | I6: 11 | J6: 10 | K6: 9 | L6: 13 | P6: 4 | Q6: 18 | R6: 9 | S6: 6 | T6: 2 | U6: 6 | V6: 10 | W6: 8 | X6: 10 | Y6: * | Z6: 9 | AA6: 12 | AB6: 14 | AC6: 12 | AD6: 0 | AE6: 7 | AF6: 13 | AG6: 0 | AH6: 5 | AI6: 4
A7: March | H7: 47 | I7: 1 | J7: 18 | K7: 13 | L7: 33 | P7: 20 | Q7: 4 | R7: 41 | S7: 13 | T7: 39 | U7: 21 | V7: 16 | W7: 6 | X7: 16 | Y7: * | Z7: 10 | AA7: 0 | AB7: 21 | AC7: 2 | AD7: 0 | AE7: 7 | AF7: 23 | AG7: 16 | AH7: 8 | AI7: 9
A8: April | H8: 22 | I8: 30 | J8: 10 | K8: 28 | L8: 33 | P8: 39 | Q8: 23 | R8: 36 | S8: 14 | T8: 38 | U8: 17 | V8: 32 | W8: 27 | X8: 16 | Y8: * | Z8: 13 | AA8: 20 | AB8: 32 | AC8: 13 | AD8: 13 | AE8: 25 | AF8: 11 | AG8: 8 | AH8: 13 | AI8: 7
A9: May | H9: 49 | I9: 54 | J9: 58 | K9: 35 | L9: 18* | P9: 43 | Q9: 33 | R9: 12 | S9: 19 | T9: 33 | U9: 77 | V9: 30 | W9: 32 | X9: 42 | Y9: * | Z9: 18 | AA9: 20 | AB9: 27 | AC9: 17 | AD9: 19 | AE9: 17 | AF9: 23 | AG9: 6 | AH9: 2 | AI9: 8
A10: June | H10: 18 | I10: 28 | J10: 16 | K10: 48 | L10: * | P10: 54 | Q10: 44 | R10: 17 | S10: 19 | T10: 31 | U10: 48 | V10: 11 | W10: 56 | X10: 11 | Y10: 5 | Z10: 24 | AA10: 20 | AB10: 23 | AC10: 10 | AD10: 22 | AE10: 30 | AF10: 28 | AG10: 14 | AH10: 44 | AI10: 7
A11: July | H11: 36 | I11: 86 | J11: 39 | K11: 49 | L11: * | P11: 56 | Q11: 57 | R11: 12 | S11: 47 | T11: 26 | U11: 32 | V11: 13 | W11: 26 | X11: 6 | Y11: 20 | Z11: 4 | AA11: 27 | AB11: 21 | AC11: 31 | AD11: 35 | AE11: 18 | AF11: 38 | AG11: 9 | AH11: 10 | AI11: 5
A12: August | I12: 85 | J12: 41 | K12: 55 | L12: * | P12: 3 | Q12: 60 | R12: 69 | S12: 68 | T12: 32 | U12: 35 | V12: 14 | W12: 53 | X12: 8 | Y12: 13 | Z12: 11 | AA12: 25 | AB12: 12 | AC12: 37 | AD12: 12 | AE12: 13 | AF12: 44 | AG12: 9 | AH12: 12 | AI12: 4
A13: September | I13: 29 | J13: 99 | K13: 64 | L13: * | P13: * | Q13: 4 | R13: 56 | S13: 55 | T13: 15 | U13: 17 | V13: 54 | W13: 6 | X13: 7 | Y13: 7 | Z13: 16 | AA13: 36 | AB13: 24 | AC13: 29 | AD13: 26 | AE13: 19 | AF13: 16 | AG13: 15 | AH13: 11 | AI13: 3
A14: October | I14: 44 | J14: 38 | K14: 145 | L14: * | P14: * | R14: 36 | S14: 57 | T14: 29 | U14: 18 | V14: 16 | W14: 20 | X14: * | Y14: 73 | Z14: 46 | AA14: 28 | AB14: 40 | AC14: 31 | AD14: 23 | AE14: 24 | AF14: 26 | AG14: 4 | AH14: 20 | AI14: 10
A15: November | I15: 11 | K15: 15 | L15: * | P15: * | R15: 30 | S15: 17 | T15: 16 | U15: 16 | V15: 19 | W15: 14 | X15: * | Y15: * | Z15: 2 | AA15: 18 | AB15: 21 | AC15: 25 | AD15: 15 | AE15: 30 | AF15: 14 | AG15: 7 | AH15: 5 | AI15: 18
A16: December | I16: 2 | L16: * | P16: * | Q16: 10 | R16: 22 | S16: 13 | T16: 2 | U16: 4 | V16: 33 | W16: 18 | X16: * | Y16: * | Z16: 6 | AA16: 5 | AB16: 22 | AC16: 4 | AD16: 18 | AE16: 17 | AF16: 25 | AG16: 10 | AH16: 5 | AI16: 11 | AL16: *Registers missing
A18: Yearly Totals | B18: 619 | C18: 623 | D18: 630 | E18: 627 | F18: 529 | G18: 408 | H18: =SUM(H5:H16) -> 190 | I18: =SUM(I5:I16) -> 386 | J18: =SUM(J5:J16) -> 339 | K18: =SUM(K5:K16) -> 461 | L18: =SUM(L5:L16) -> 119 | M18: 594 | N18: 320 | O18: 356 | P18: =SUM(P5:P17) -> 234 | Q18: =SUM(Q5:Q16) -> 254 | R18: =SUM(R5:R16) -> 354 | S18: =SUM(S5:S16) -> 334 | T18: =SUM(T5:T16) -> 279 | U18: =SUM(U5:U16) -> 298 | V18: =SUM(V5:V16) -> 255 | W18: =SUM(W5:W16) -> 276 | X18: =SUM(X5:X16) -> 140 | ... AK18: =SUM(AK5:AK16) -> 0
J19: 392 | K19: 486

Sheet Mud Pond Trail
A1: Delaware Wild Forest
A2: Mud Pond Trail | X2: R50
B3: 1991 | C3: 1992 | D3: 1993 | E3: 1994 | F3: 1995 | G3: 1996 | H3: 1997 | I3: 1998 | J3: 1999 | K3: 2000 | L3: 2001 | M3: 2002 | N3: 2003 | O3: 2004 | P3: 2005 | Q3: 2006 | R3: 2007 | S3: 2008 | T3: 2009 | U3: 2010 | V3: 2011 | W3: 2012 | X3: 2013 | Y3: 2014 | Z3: 2015 | AA3: 2016 | AB3: 2017 | AC3: 2018 | AD3: 2019 | AE3: 2020 | AF3: 2021 | AG3: 2022 | AH3: 2023 | AI3: 2024 | AJ3: 2025
A5: January | K5: 4 | O5: 3 | P5: 5 | Q5: 2 | R5: 1 | S5: 4 | T5: 1 | U5: 2 | V5: 0 | W5: 2 | X5: 0 | Y5: 1 | Z5: 0 | AA5: 0 | AB5: 2 | AC5: 0 | AD5: 0 | AE5: 2 | AF5: 3 | AG5: 3 | AH5: 0 | AI5: 0
A6: February | K6: 0 | O6: 0 | P6: 1 | Q6: 3 | R6: 0 | T6: 5 | U6: 0 | V6: 0 | W6: 0 | X6: 0 | Y6: 0 | Z6: 0 | AA6: 1 | AB6: 1 | AC6: 1 | AD6: 1 | AE6: 0 | AF6: 0 | AG6: 0 | AH6: 4 | AI6: 0
A7: March | K7: 2 | O7: 2 | P7: 0 | Q7: 8 | R7: 0 | S7: 1 | T7: 1 | U7: 4 | V7: 1 | W7: 0 | X7: 0 | Y7: 0 | Z7: 0 | AA7: 5 | AB7: 2 | AC7: 0 | AD7: 0 | AE7: 2 | AF7: 2 | AG7: 0 | AH7: 0 | AI7: 0
A8: April | K8: 37 | O8: 14 | P8: 10 | Q8: 34 | R8: 6 | T8: 2 | U8: 15 | V8: 13 | W8: 16 | X8: 9 | Y8: 0 | Z8: 3 | AA8: 9 | AB8: 3 | AC8: 4 | AD8: 2 | AE8: 7 | AF8: 6 | AG8: 0 | AH8: 6 | AI8: 30
A9: May | K9: 58 | O9: 20 | P9: 35 | Q9: 18 | R9: 15 | S9: 7 | T9: 4 | U9: 11 | V9: 22 | W9: 18 | X9: 16 | Y9: 6 | Z9: 13 | AA9: 27 | AB9: 15 | AC9: 9 | AD9: 10 | AE9: 17 | AF9: 10 | AG9: 0 | AH9: 3 | AI9: 39
A10: June | K10: 12 | O10: 48 | P10: 15 | R10: 15 | S10: 9 | T10: 20 | U10: 12 | V10: 9 | W10: 8 | X10: 11 | Y10: 16 | Z10: 10 | AA10: 11 | AB10: 13 | AC10: 5 | AD10: 19 | AE10: 16 | AF10: 7 | AG10: 1 | AH10: 4 | AI10: 49
A11: July | J11: 21 | K11: 63 | O11: 92 | P11: 75 | Q11: 59 | R11: 11 | S11: 10 | T11: 24 | U11: 14 | V11: 11 | W11: 14 | X11: 9 | Y11: 7 | Z11: 28 | AA11: 9 | AB11: 8 | AC11: 11 | AD11: 3 | AE11: 21 | AF11: 11 | AG11: 2 | AH11: 2 | AI11: 23
A12: August | J12: 17 | K12: 61 | O12: 19 | P12: 33 | Q12: 34 | R12: 16 | S12: 45 | T12: 21 | U12: 25 | V12: 27 | W12: 9 | X12: 12 | Y12: 23 | Z12: 34 | AA12: 2 | AB12: 22 | AC12: 9 | AD12: 9 | AE12: 2 | AF12: 4 | AG12: 3 | AH12: 2 | AI12: 4
A13: September | J13: 3 | K13: 27 | O13: 17 | P13: 28 | Q13: 19 | R13: 31 | S13: 17 | T13: 55 | U13: 5 | V13: 7 | W13: 1 | X13: 8 | Y13: 4 | Z13: 10 | AA13: 21 | AB13: 9 | AC13: 3 | AD13: 8 | AE13: 28 | AF13: 17 | AG13: 2 | AH13: 4 | AI13: 1
A14: October | J14: 39 | K14: 47 | O14: 40 | P14: 15 | Q14: 27 | R14: 2 | S14: 23 | T14: 30 | U14: 3 | V14: 1 | W14: 11 | X14: 15 | Y14: 2 | Z14: 9 | AA14: 20 | AB14: 7 | AC14: 2 | AD14: 2 | AE14: 9 | AF14: 4 | AG14: 5 | AH14: 2 | AI14: 0
A15: November | J15: 8 | K15: 18 | O15: 6 | P15: 4 | Q15: 1 | R15: 6 | S15: 3 | T15: 2 | U15: 5 | V15: 0 | W15: 0 | X15: 0 | Y15: 2 | Z15: 3 | AA15: 1 | AB15: 11 | AC15: 1 | AD15: 9 | AE15: 6 | AF15: 8 | AG15: 3 | AH15: 9 | AI15: 0
A16: December | J16: 1 | K16: 8 | P16: 1 | S16: 1 | T16: 4 | U16: 0 | V16: 1 | W16: 0 | X16: 0 | Y16: 1 | Z16: 0 | AA16: 4 | AD16: 0 | AE16: 1 | AF16: 2 | AG16: 0 | AH16: 0 | AI16: 0
A18: Yearly Totals | B18: =SUM(B5:B16) -> 0 | C18: =SUM(C5:C16) -> 0 | D18: =SUM(D5:D16) -> 0 | E18: =SUM(E5:E16) -> 0 | F18: =SUM(F5:F16) -> 0 | G18: =SUM(G5:G16) -> 0 | H18: =SUM(H5:H16) -> 0 | I18: =SUM(I5:I16) -> 0 | J18: =SUM(J5:J17) -> 89 | K18: =SUM(K5:K17) -> 337 | L18: 304 | M18: 299 | N18: 240 | O18: =SUM(O5:O17) -> 261 | P18: =SUM(P5:P17) -> 222 | Q18: =SUM(Q5:Q17) -> 205 | R18: =SUM(R5:R17) -> 103 | S18: =SUM(S5:S16) -> 120 | T18: =SUM(T5:T16) -> 169 | U18: =SUM(U5:U16) -> 96 | V18: =SUM(V5:V16) -> 92 | W18: =SUM(W5:W16) -> 79 | X18: =SUM(X5:X16) -> 80 | Y18: =SUM(Y5:Y16) -> 62 | Z18: =SUM(Z5:Z16) -> 110 | AA18: =SUM(AA5:AA16) -> 110 | AB18: =SUM(AB5:AB17) -> 93 | AC18: =SUM(AC5:AC17) -> 45 | AD18: =SUM(AD4:AD17) -> 63 | AE18: =SUM(AE4:AE17) -> 111 | AF18: =SUM(AF4:AF17) -> 74 | AG18: =SUM(AG4:AG17) -> 19 | AH18: =SUM(AH4:AH17) -> 36 | AI18: =SUM(AI4:AI17) -> 146 | AJ18: =SUM(AJ4:AJ17) -> 0
J19: 141

Sheet North Lake (North Mountain)
A1: Kaaterskill Wild Forest
A2: North Mountain | S2: R14 | T2: thru July 2007
A3: North Lake | S3: R32 | T3: from August 2007 -
B4: 1990 | C4: 1991 | D4: 1992 | E4: 1993 | F4: 1994 | G4: 1995 | H4: 1996 | I4: 1997 | J4: 1998 | K4: 1999 | L4: 2000 | M4: 2001 | N4: 2002 | O4: 2003 | P4: 2004 | Q4: 2005 | R4: 2006 | S4: 2007 | T4: 2008 | U4: 2009 | V4: 2010 | W4: 2011 | X4: 2012 | Y4: 2013 | Z4: 2014 | AA4: 2015 | AB4: 2016 | AC4: 2017 | AD4: 2018 | AE4: 2019 | AF4: 2020 | AG4: 2021 | AH4: 2022 | AI4: 2023 | AJ4: 2024 | AK4: 2025
A6: January | H6: 4 | I6: 8 | K6: 27 | L6: 18 | P6: 29 | Q6: 3 | R6: 15 | S6: 21 | T6: 15 | U6: 9 | V6: 21 | W6: 25 | X6: 55 | Z6: 7 | AA6: 33 | AB6: 18 | AC6: 33 | AD6: 30 | AE6: 34 | AF6: 50 | AG6: 99 | AH6: 28 | AI6: 55 | AJ6: 35 | AK6: 27
A7: February | H7: 29 | I7: 13 | K7: 57 | L7: 7 | P7: 54 | Q7: 1 | R7: 10 | S7: 8 | T7: 4 | U7: 16 | V7: 19 | W7: 32 | X7: 90 | Z7: 19 | AA7: 2 | AB7: 58 | AC7: 23 | AD7: 46 | AE7: 43 | AF7: 37 | AG7: 50 | AH7: 33 | AI7: 41 | AJ7: 43 | AK7: 10
A8: March | H8: 53 | I8: 50 | J8: 15 | K8: 19 | L8: 27 | P8: 29 | Q8: 21 | R8: 34 | S8: 5 | T8: 54 | U8: 34 | V8: 18 | W8: 21 | X8: 69 | Z8: 8 | AA8: 17 | AB8: 220 | AC8: 22 | AD8: 40 | AE8: 76 | AF8: 109 | AG8: 89 | AH8: 28 | AI8: 15 | AJ8: 63 | AK8: 32
A9: April | H9: 146 | I9: 89 | J9: 104 | K9: 71 | L9: 92 | P9: 112 | Q9: 147 | R9: 42 | S9: 64 | T9: 88 | U9: 126 | V9: 97 | W9: 47 | X9: 195 | Z9: 223 | AA9: 154 | AB9: 71 | AC9: 175 | AD9: 98 | AE9: 141 | AF9: 107 | AG9: 35 | AH9: 184 | AI9: 118 | AJ9: 121 | AK9: 93
A10: May | H10: 375 | I10: 655 | J10: 741 | K10: 627 | L10: 508 | P10: 118 | Q10: 444 | R10: 384 | S10: 638 | T10: 611 | U10: 735 | V10: 456 | W10: 1131 | X10: 527 | Z10: 516 | AA10: 797 | AB10: 507 | AC10: 550 | AD10: 528 | AE10: 551 | AF10: 265 | AG10: 297 | AH10: 315 | AI10: 322 | AJ10: 340 | AK10: 213
A11: June | I11: 1072 | J11: 737 | K11: 808 | L11: 953 | P11: 181 | Q11: 730 | R11: 121 | S11: 805 | T11: 882 | U11: 36 | V11: 803 | W11: 451 | X11: 854 | Y11: 5 | Z11: 813 | AA11: 700 | AB11: 857 | AC11: 967 | AD11: 616 | AE11: 887 | AF11: 353 | AG11: 665 | AH11: 519 | AI11: 430 | AJ11: 433 | AK11: 533
A12: July | I12: 262 | J12: 1265 | K12: 738 | L12: 1113 | P12: 963 | Q12: 859 | R12: 0 | S12: 1488 | T12: 1134 | U12: 1019 | V12: 1065 | W12: 726 | X12: 925 | Y12: 1103 | Z12: 595 | AA12: 1173 | AB12: 1458 | AC12: 1273 | AD12: 1254 | AE12: 1261 | AF12: 782 | AG12: 869 | AH12: 938 | AI12: 490 | AJ12: 779 | AK12: 854
A13: August | H13: 772 | I13: 855 | J13: 524 | K13: 446 | L13: 1381 | P13: 1298 | Q13: 1306 | R13: 1541 | S13: 944 | T13: 1587 | U13: 1237 | V13: 260 | W13: 803 | X13: 1307 | Y13: 1251 | Z13: 1771 | AA13: 1408 | AB13: 1506 | AC13: 1441 | AD13: 957 | AE13: 1427 | AF13: 1141 | AG13: 883 | AH13: 567 | AI13: 633 | AJ13: 769 | AK13: 986
A14: September | I14: 509 | J14: 263 | K14: 342 | L14: 393 | P14: 543 | Q14: 762 | R14: 136 | S14: 657 | T14: 679 | U14: 601 | V14: 755 | W14: 316 | X14: 4 | Y14: 663 | Z14: 805 | AA14: 1153 | AB14: 991 | AC14: 961 | AD14: 1060 | AE14: 996 | AF14: 949 | AG14: 666 | AH14: 535 | AI14: 370 | AJ14: 574 | AK14: 405
A15: October | I15: 1080 | J15: 925 | K15: 648 | L15: 461 | P15: 963 | Q15: 513 | R15: 13 | S15: 154 | T15: 979 | U15: 812 | V15: 837 | W15: 751 | Y15: 947 | Z15: 654 | AA15: 258 | AB15: 991 | AC15: 1039 | AD15: 766 | AE15: 1104 | AF15: 881 | AG15: 681 | AH15: 834 | AI15: 641 | AJ15: 941 | AK15: 739
A16: November | I16: 2 | J16: 69 | K16: 98 | L16: 54 | Q16: 84 | R16: 98 | S16: 75 | T16: 44 | U16: 108 | V16: 43 | W16: 105 | Z16: 34 | AA16: 245 | AB16: 186 | AC16: 151 | AD16: 105 | AE16: 105 | AF16: 50 | AG16: 133 | AH16: 97 | AI16: 97 | AJ16: 56 | AK16: 35
A17: December | J17: 52 | L17: 15 | Q17: 19 | R17: 0 | S17: 10 | T17: 15 | U17: 19 | V17: 8 | W17: 76 | Z17: 40 | AA17: 49 | AB17: 29 | AC17: 65 | AD17: 52 | AE17: 18 | AF17: 51 | AG17: 60 | AH17: 67 | AI17: 53 | AJ17: 23 | AK17: 42
A19: Yearly Totals | B19: 10311 | C19: 9000 | D19: 10000 | E19: 8063 | F19: 5812 | G19: 4605 | H19: =SUM(H6:H17) -> 1379 | I19: =SUM(I6:I18) -> 4595 | J19: =SUM(J6:J18) -> 4695 | K19: =SUM(K6:K18) -> 3881 | L19: =SUM(L6:L18) -> 5022 | M19: 6780 | N19: 4876 | O19: 4543 | P19: =SUM(P6:P18) -> 4290 | Q19: 4899 | R19: =SUM(R6:R17) -> 2394 | S19: =SUM(S6:S17) -> 4869 | T19: =SUM(T6:T18) -> 6092 | U19: =SUM(U6:U18) -> 4752 | V19: =SUM(V6:V17) -> 4382 | W19: =SUM(W6:W17) -> 4484 | X19: =SUM(X6:X17) -> 4026 | Y19: =SUM(Y6:Y17) -> 3969 | Z19: =SUM(Z6:Z17) -> 5485 | AA19: =SUM(AA6:AA17) -> 5989 | AB19: =SUM(AB6:AB17) -> 6892 | AC19: =SUM(AC6:AC17) -> 6700 | AD19: =SUM(AD6:AD17) -> 5552 | AE19: =SUM(AE5:AE18) -> 6643 | AF19: =SUM(AF5:AF18) -> 4775 | AG19: =SUM(AG5:AG18) -> 4527 | AH19: =SUM(AH5:AH18) -> 4145 | AI19: =SUM(AI5:AI18) -> 3265 | AJ19: =SUM(AJ5:AJ18) -> 4177 | AK19: =SUM(AK5:AK18) -> 3969
I20: 4748 | J20: 5099 | K20: 4009
AD25: entirely estimated, no figs. For 11.5 months (1991 figs ere estmated for 11 months)

Sheet Rock Shelter (N Lake Bypass)
A1: Kaaterskill Wild Forest
A2: Rock Shelter Trail (North Lake Bypass) | Z2: R16
B3: 1990 | C3: 1991 | D3: 1992 | E3: 1993 | F3: 1994 | G3: 1995 | H3: 1996 | I3: 1997 | J3: 1998 | K3: 1999 | L3: 2000 | M3: 2001 | N3: 2002 | O3: 2003 | P3: 2004 | Q3: 2005 | R3: 2006 | S3: 2007 | T3: 2008 | U3: 2009 | V3: 2010 | W3: 2011 | X3: 2012 | Y3: 2013 | Z3: 2014 | AA3: 2015 | AB3: 2016 | AC3: 2017 | AD3: 2018 | AE3: 2019 | AF3: 2020 | AG3: 2021 | AH3: 2022 | AI3: 2023 | AJ3: 2024 | AK3: 2025
A5: January | H5: 12 | I5: 24 | J5: 6 | K5: 22 | L5: 40 | P5: 40 | R5: 28 | S5: 23 | T5: 59 | U5: 29 | V5: 24 | W5: 11 | X5: 34 | Y5: * | Z5: 177 | AA5: 44 | AB5: 29 | AC5: 41 | AD5: 33 | AE5: 40 | AF5: 78 | AG5: 90 | AH5: 53 | AI5: 60 | AJ5: 38 | AK5: 24
A6: February | H6: 33 | I6: 61 | J6: 38 | K6: 50 | L6: 28 | P6: 24 | Q6: 9 | R6: 23 | S6: 35 | T6: 30 | U6: 28 | V6: 24 | W6: 23 | X6: 48 | Y6: * | Z6: 34 | AA6: 27 | AB6: 153 | AC6: 53 | AD6: 34 | AE6: 50 | AF6: 58 | AG6: 60 | AH6: 48 | AI6: 46 | AJ6: 48 | AK6: 31
A7: March | H7: 91 | I7: 54 | J7: 40 | K7: 43 | L7: 56 | P7: 28 | Q7: 22 | R7: 35 | S7: 7 | T7: 45 | U7: 47 | V7: 13 | W7: 33 | X7: 86 | Y7: * | Z7: 48 | AA7: 31 | AB7: 184 | AC7: 39 | AD7: 38 | AE7: 82 | AF7: 64 | AG7: 110 | AH7: 46 | AI7: 38 | AJ7: 88 | AK7: 44
A8: April | H8: 187 | I8: 94 | J8: 135 | K8: 134 | L8: 100 | P8: 67 | Q8: 64 | R8: 100 | S8: 37 | T8: 46 | U8: 117 | V8: 61 | W8: 44 | X8: 202 | Y8: * | Z8: 93 | AA8: 91 | AB8: 197 | AC8: 210 | AD8: 115 | AE8: 114 | AF8: 114 | AG8: 119 | AH8: 68 | AI8: 62 | AJ8: 41 | AK8: 76
A9: May | H9: 152 | I9: 122 | J9: 102 | K9: 143 | L9: 94 | P9: 91 | Q9: 39 | R9: 95 | S9: 58 | T9: 73 | U9: 85 | V9: 92 | W9: 56 | X9: 101 | Y9: * | Z9: 266 | AA9: 129 | AB9: 242 | AC9: 211 | AD9: 174 | AE9: 184 | AF9: 151 | AG9: 196 | AH9: 100 | AI9: 100 | AJ9: 73 | AK9: 83
A10: June | H10: 93 | I10: 138 | J10: 78 | K10: 70 | L10: 28 | P10: 69 | Q10: 78 | R10: 16 | S10: 73 | T10: 87 | U10: 73 | V10: 85 | W10: 71 | X10: 81 | Y10: 1 | Z10: 172 | AA10: 132 | AB10: 122 | AC10: 226 | AD10: 171 | AE10: 137 | AF10: 197 | AG10: 100 | AH10: 133 | AI10: 135 | AJ10: 104 | AK10: 59
A11: July | H11: 176 | I11: 204 | J11: 192 | K11: 47 | L11: 107 | P11: 30 | Q11: 98 | R11: 82 | S11: 97 | T11: 101 | U11: 82 | V11: 155 | W11: 96 | X11: 147 | Y11: 90 | Z11: 165 | AA11: 242 | AB11: 309 | AC11: 206 | AD11: 213 | AE11: 169 | AF11: 138 | AG11: 146 | AH11: 132 | AI11: 99 | AJ11: 57 | AK11: 35
A12: August | I12: 301 | J12: 107 | K12: 100 | L12: 133 | P12: 155 | Q12: 77 | R12: 65 | S12: 88 | T12: 94 | U12: 91 | V12: 137 | W12: 100 | X12: 156 | Y12: 173 | Z12: 242 | AA12: 335 | AB12: 159 | AC12: 78 | AD12: 172 | AE12: 153 | AF12: 198 | AG12: 96 | AH12: 147 | AI12: 73 | AJ12: 101 | AK12: 95
A13: September | I13: 26 | K13: 118 | L13: 108 | P13: 112 | Q13: 95 | R13: 79 | S13: 105 | T13: 81 | U13: 67 | V13: 110 | W13: 81 | X13: 4 | Y13: 179 | Z13: 172 | AA13: 199 | AB13: 259 | AC13: 253 | AD13: 196 | AE13: 165 | AF13: 245 | AG13: 118 | AH13: 92 | AI13: 96 | AJ13: 135 | AK13: 76
A14: October | J14: 226 | K14: 93 | L14: 93 | P14: 204 | Q14: 101 | R14: 52 | S14: 178 | T14: 69 | U14: 93 | V14: 85 | W14: 88 | X14: * | Y14: 228 | Z14: 262 | AA14: 298 | AB14: 295 | AC14: 300 | AD14: 258 | AE14: 209 | AF14: 246 | AG14: 133 | AH14: 148 | AI14: 120 | AJ14: 164 | AK14: 78
A15: November | J15: 121 | K15: 36 | L15: 79 | P15: 53 | Q15: 176 | R15: 88 | S15: 68 | T15: 38 | U15: 53 | V15: 75 | W15: 90 | X15: * | Y15: * | Z15: 84 | AA15: 166 | AB15: 192 | AC15: 139 | AD15: 56 | AE15: 122 | AF15: 81 | AG15: 92 | AH15: 71 | AI15: 107 | AJ15: 73 | AK15: 91
A16: December | J16: 28 | K16: 105 | L16: 16 | P16: 11 | Q16: 18 | R16: 34 | S16: 36 | T16: 23 | U16: 32 | V16: 19 | W16: 2 | X16: * | Y16: * | Z16: 68 | AA16: 118 | AB16: 46 | AC16: 41 | AD16: 66 | AE16: 44 | AF16: 176 | AG16: 56 | AH16: 60 | AI16: 23 | AJ16: 27 | AK16: 11 | AL16: *Registers missing
A18: Yearly Totals | B18: 1014 | C18: 1308 | D18: 1338 | E18: 1270 | F18: 1537 | G18: 754 | H18: =SUM(H5:H16) -> 744 | I18: =SUM(I5:I16) -> 1024 | J18: =SUM(J5:J16) -> 1073 | K18: =SUM(K5:K17) -> 961 | L18: =SUM(L5:L17) -> 882 | M18: 986 | N18: 900 | O18: 872 | P18: =SUM(P5:P16) -> 884 | Q18: =SUM(Q5:Q16) -> 777 | R18: =SUM(R5:R16) -> 697 | S18: =SUM(S5:S16) -> 805 | T18: =SUM(T5:T16) -> 746 | U18: =SUM(U5:U16) -> 797 | V18: =SUM(V5:V16) -> 880 | W18: =SUM(W5:W16) -> 695 | ... Y18: =SUM(Y5:Y16) -> 671 | Z18: =SUM(Z5:Z17) -> 1783 | AA18: =SUM(AA5:AA17) -> 1812 | AB18: =SUM(AB5:AB16) -> 2187 | AC18: =SUM(AC5:AC16) -> 1797 | AD18: =SUM(AD5:AD16) -> 1526 | AE18: =SUM(AE5:AE16) -> 1469 | AF18: =SUM(AF5:AF16) -> 1746 | AG18: =SUM(AG5:AG16) -> 1316 | AH18: =SUM(AH5:AH16) -> 1098 | AI18: =SUM(AI5:AI16) -> 959 | ... AK18: =SUM(AK5:AK16) -> 703
I19: 1309 | J19: 1161 | K19: 1085

Sheet Prediger Road
A1: Indian Head Wilderness
A2: Prediger Road | W2: R01
B3: 1990 | C3: 1991 | D3: 1992 | E3: 1993 | F3: 1994 | G3: 1995 | H3: 1996 | I3: 1997 | J3: 1998 | K3: 1999 | L3: 2000 | M3: 2001 | N3: 2002 | O3: 2003 | P3: 2004 | Q3: 2005 | R3: 2006 | S3: 2007 | T3: 2008 | U3: 2009 | V3: 2010 | W3: 2011 | X3: 2012 | Y3: 2013 | Z3: 2014 | AA3: 2015 | AB3: 2016 | AC3: 2017 | AD3: 2018 | AE3: 2019 | AF3: 2020 | AG3: 2021 | AH3: 2022 | AI3: 2023 | AJ3: 2024 | AK3: 2025
A5: January | H5: 37 | J5: 68 | K5: 56 | L5: 96 | P5: 61 | Q5: 65 | R5: 85 | S5: 59 | T5: 34 | U5: 72 | V5: 65 | W5: 114 | X5: 115 | Y5: * | Z5: 138 | AA5: 80 | AB5: 136 | AC5: 127 | AD5: 81 | AE5: 76 | AF5: 115 | AG5: 262 | AH5: 136 | AI5: 131 | AJ5: 96 | AK5: 96
A6: February | H6: 72 | J6: 115 | K6: 84 | L6: 61 | P6: 75 | Q6: 82 | R6: 95 | S6: 86 | T6: 46 | U6: 65 | V6: 64 | W6: 54 | X6: 118 | Y6: * | Z6: 114 | AA6: 66 | AB6: 222 | AC6: 107 | AD6: 92 | AE6: 83 | AF6: 142 | AG6: 160 | AH6: 136 | AI6: 124 | AJ6: 136 | AK6: 71
A7: March | H7: 106 | J7: 89 | K7: 97 | L7: 149 | P7: 57 | Q7: 82 | R7: 86 | S7: 58 | T7: 62 | U7: 72 | V7: 64 | W7: 70 | X7: 230 | Y7: * | Z7: 161 | AA7: * | AB7: 285 | AC7: 145 | AD7: 69 | AE7: 66 | AF7: 145 | AG7: 191 | AH7: 93 | AI7: 111 | AJ7: 182 | AK7: 104
A8: April | H8: 194 | J8: 246 | K8: 189 | L8: 192 | P8: 261 | Q8: 163 | R8: 258 | S8: 132 | T8: 144 | U8: 164 | V8: 169 | W8: 118 | X8: 328 | Y8: * | Z8: 366 | AA8: 206 | AB8: 355 | AC8: 314 | AD8: 133 | AE8: 161 | AF8: 213 | AG8: 271 | AH8: 178 | AI8: 223 | AJ8: 198 | AK8: 150
A9: May | H9: 440 | J9: 391 | K9: 436 | L9: 305 | P9: 369 | Q9: 256 | R9: 369 | S9: 216 | T9: 289 | U9: 313 | V9: 313 | W9: 337 | X9: 462 | Y9: * | Z9: 902 | AA9: 707 | AB9: 529 | AC9: 518 | AD9: 321 | AE9: 277 | AF9: 479 | AG9: 515 | AH9: 483 | AI9: 469 | AJ9: 395 | AK9: 349
A10: June | H10: 355 | J10: 290 | K10: 309 | L10: 329 | P10: 284 | Q10: 289 | R10: 179 | S10: 318 | T10: 217 | U10: 425 | V10: 332 | W10: 311 | X10: 306 | Y10: * | Z10: 869 | AA10: 557 | AB10: 684 | AC10: 569 | AD10: 317 | AE10: 421 | AF10: 606 | AG10: 547 | AH10: 535 | AI10: 360 | AJ10: 389 | AK10: 408
A11: July | H11: 265 | J11: 409 | K11: 347 | L11: 332 | P11: 350 | Q11: 414 | R11: 334 | S11: 542 | T11: 251 | U11: 138 | V11: 340 | W11: 364 | X11: 391 | Y11: 18 | Z11: 1207 | AA11: 610 | AB11: 734 | AC11: 717 | AD11: 479 | AE11: 485 | AF11: 603 | AG11: 437 | AH11: 571 | AI11: 376 | AJ11: 381 | AK11: 273
A12: August | J12: 450 | K12: 590 | L12: 306 | P12: 345 | Q12: 300 | R12: 282 | S12: 364 | T12: 494 | U12: 351 | V12: 367 | W12: 306 | X12: 368 | Y12: 565 | Z12: 1258 | AA12: 702 | AB12: 686 | AC12: 737 | AD12: 314 | AE12: 608 | AF12: 713 | AG12: 460 | AH12: 380 | AI12: 243 | AJ12: 177
A13: September | J13: 298 | K13: 423 | L13: 303 | P13: 202 | Q13: 251 | R13: 323 | S13: 330 | T13: 184 | U13: 262 | V13: 353 | W13: 134 | X13: 13 | Y13: 410 | Z13: 855 | AA13: 580 | AB13: 668 | AC13: 656 | AD13: 458 | AE13: 492 | AF13: 636 | AG13: 462 | AH13: 469 | AI13: 345 | AJ13: *
A14: October | J14: 415 | K14: 436 | L14: 396 | P14: 379 | Q14: 207 | R14: 316 | S14: 265 | T14: 368 | U14: 322 | V14: 494 | W14: 431 | X14: 319 | Y14: 513 | Z14: 534 | AA14: 740 | AB14: 706 | AC14: 763 | AD14: 455 | AE14: 542 | AF14: 785 | AG14: 595 | AH14: 629 | AI14: 386 | AJ14: 41
A15: November | J15: 232 | K15: 205 | L15: 201 | P15: 188 | Q15: 191 | R15: 200 | S15: 182 | T15: 128 | U15: 208 | V15: 203 | W15: 277 | X15: 33 | Y15: 259 | Z15: 188 | AA15: 357 | AB15: 378 | AC15: 351 | AD15: 136 | AE15: 228 | AF15: 380 | AG15: 265 | AH15: * | AI15: 205 | AJ15: 235
A16: December | J16: 107 | K16: 116 | L16: 57 | P16: 46 | Q16: 39 | R16: 103 | S16: 55 | T16: 35 | U16: 73 | V16: 60 | W16: 140 | X16: * | Y16: 77 | Z16: 108 | AA16: 238 | AB16: 127 | AC16: 119 | AD16: 128 | AE16: 52 | AF16: 134 | AG16: 151 | AH16: * | AI16: 188 | AJ16: 72 | AL16: *Registers missing
A18: Yearly Totals | B18: 2850 | C18: 2856 | D18: 2639 | E18: 2730 | F18: 3423 | G18: 3142 | H18: =SUM(H5:H16) -> 1469 | I18: 3113 | J18: =SUM(J5:J16) -> 3110 | K18: =SUM(K5:K16) -> 3288 | L18: =SUM(L5:L17) -> 2727 | M18: 2858 | N18: 2424 | O18: 2540 | P18: =SUM(P5:P17) -> 2617 | Q18: =(SUM(Q5:Q16)) -> 2339 | R18: =(SUM(R5:R16)) -> 2630 | S18: =SUM(S5:S16) -> 2607 | T18: =SUM(T5:T16) -> 2252 | U18: =SUM(U5:U16) -> 2465 | V18: =SUM(V5:V16) -> 2824 | W18: =SUM(W5:W16) -> 2656 | X18: =SUM(X5:X16) -> 2683 | Y18: =SUM(Y5:Y16) -> 1842 | Z18: =SUM(Z5:Z16) -> 6700 | ... AD18: =SUM(AD5:AD16) -> 2983 | AE18: =SUM(AE5:AE17) -> 3491 | AF18: =SUM(AF5:AF17) -> 4951 | AG18: =SUM(AG5:AG17) -> 4316 | AH18: =SUM(AH5:AH17) -> 3610 | AI18: =SUM(AI5:AI17) -> 3161 | AJ18: =SUM(AJ5:AJ17) -> 2302 | AK18: =SUM(AK5:AK17) -> 1451

Sheet Ploutz Rd (Huckleberry Loop S)
A1: Dry Brook Ridge Wild Forest
A2: Ploutz Road (Huckleberry Loop South) | Z2: R52
B3: 1991 | C3: 1992 | D3: 1993 | E3: 1994 | F3: 1995 | G3: 1996 | H3: 1997 | I3: 1998 | J3: 1999 | K3: 2000 | L3: 2001 | M3: 2002 | N3: 2003 | O3: 2004 | P3: 2005 | Q3: 2006 | R3: 2007 | S3: 2008 | T3: 2009 | U3: 2010 | V3: 2011 | W3: 2012 | X3: 2013 | Y3: 2014 | Z3: 2015 | AA3: 2016 | AB3: 2017 | AC3: 2018 | AD3: 2019 | AE3: 2020 | AF3: 2021 | AG3: 2022 | AH3: 2023 | AI3: 2024 | AJ3: 2025 | AK3: 2026
A5: January | I5: 3 | K5: 0 | O5: 1 | P5: 1 | Q5: 2 | R5: 7 | S5: 1 | T5: 2 | U5: 3 | V5: 1 | W5: 2 | X5: * | Y5: 1 | Z5: 4 | AA5: 1 | AB5: 1 | AC5: 1 | AD5: 3 | AE5: 0 | AF5: 1 | AG5: 3 | AH5: 11 | AI5: 7 | AJ5: 2 | AK5: 2
A6: February | I6: 0 | J6: 4 | K6: 0 | O6: 0 | Q6: 5 | R6: 0 | S6: 3 | T6: 1 | U6: 0 | V6: 0 | W6: 0 | X6: * | Y6: 9 | Z6: 0 | AA6: 11 | AB6: 2 | AC6: * | AD6: 1 | AE6: 5 | AF6: 0 | AG6: 0 | AH6: 13 | AI6: 6 | AJ6: 1
A7: March | H7: 2 | I7: 0 | J7: 2 | K7: 0 | O7: 1 | P7: 1 | Q7: 1 | R7: 1 | S7: 5 | T7: 4 | U7: 2 | V7: 1 | W7: 2 | X7: * | Y7: 0 | Z7: 0 | AA7: 6 | AB7: 1 | AC7: * | AD7: 0 | AE7: 4 | AF7: 0 | AG7: 8 | AH7: 7 | AI7: 20 | AJ7: 13
A8: April | H8: 8 | I8: 8 | J8: 8 | K8: 12 | O8: 6 | P8: 11 | Q8: 7 | R8: 7 | S8: 12 | T8: 1 | U8: 1 | V8: 8 | W8: 2 | X8: * | Y8: 14 | Z8: 3 | AA8: 7 | AB8: 3 | AC8: 2 | AD8: 2 | AE8: 15 | AF8: 17 | AG8: 15 | AH8: 35 | AI8: 19 | AJ8: 20
A9: May | H9: 6 | I9: 6 | J9: 6 | K9: 14 | O9: 21 | P9: 21 | Q9: 14 | R9: 36 | S9: 20 | T9: 12 | U9: 17 | V9: 11 | W9: 12 | X9: 11 | Y9: 13 | Z9: 29 | AA9: 8 | AB9: 6 | AC9: 4 | AD9: 9 | AE9: 12 | AF9: 11 | AG9: 31 | AH9: 16 | AI9: 11 | AJ9: 17
A10: June | H10: 8 | I10: 5 | J10: 8 | K10: 10 | O10: 14 | P10: 9 | Q10: 12 | R10: 26 | S10: 18 | T10: 34 | U10: 3 | V10: 14 | W10: 15 | X10: 5 | Y10: 5 | Z10: 18 | AA10: 20 | AB10: 7 | AC10: 3 | AD10: 0 | AE10: 11 | AF10: 21 | AG10: 21 | AH10: 15 | AI10: 25 | AJ10: 40
A11: July | I11: 5 | J11: 9 | K11: 6 | O11: 18 | P11: 19 | Q11: 17 | R11: 18 | S11: 14 | T11: 10 | U11: 12 | V11: 10 | W11: 34 | X11: 8 | Y11: 15 | Z11: 8 | AA11: 5 | AB11: 13 | AC11: 8 | AD11: 16 | AE11: 9 | AF11: 18 | AG11: 26 | AH11: 16 | AI11: 14 | AJ11: 10
A12: August | I12: 18 | J12: 5 | K12: 10 | O12: 21 | P12: 18 | Q12: 22 | S12: 20 | T12: 11 | U12: 8 | V12: 8 | W12: 4 | X12: 11 | Y12: 29 | Z12: 12 | AA12: 18 | AB12: 14 | AC12: * | AD12: 14 | AE12: 24 | AF12: 19 | AG12: 18 | AH12: 23 | AI12: 13 | AJ12: 18
A13: September | H13: 11 | I13: 7 | J13: 5 | K13: 5 | O13: 15 | P13: 7 | Q13: 10 | R13: 16 | S13: 10 | T13: 19 | U13: 11 | V13: 1 | W13: 17 | X13: 10 | Y13: 10 | Z13: 5 | AA13: 12 | AB13: 11 | AC13: 4 | AD13: 27 | AE13: 20 | AF13: 21 | AG13: 52 | AH13: 15 | AI13: 37 | AJ13: 18
A14: October | H14: 2 | I14: 12 | J14: 37 | K14: 37 | O14: 6 | P14: 9 | Q14: 10 | R14: 14 | S14: 20 | T14: 88 | U14: 26 | V14: 1 | W14: * | X14: 4 | Y14: 10 | Z14: 10 | AA14: 12 | AB14: 16 | AC14: 5 | AD14: 13 | AE14: 12 | AF14: 12 | AG14: 10 | AH14: 16 | AI14: 18 | AJ14: 31
A15: November | H15: 7 | J15: 9 | K15: 11 | O15: 25 | P15: 31 | Q15: 37 | R15: 16 | S15: 22 | T15: 35 | U15: 37 | V15: 9 | W15: * | X15: 12 | Y15: 14 | Z15: 24 | AA15: 15 | AB15: 17 | AC15: 14 | AD15: 13 | AE15: 25 | AF15: 16 | AG15: 26 | AH15: 40 | AI15: 21 | AJ15: 16
A16: December | H16: 0 | J16: 17 | K16: 14 | O16: 3 | P16: 1 | Q16: 5 | R16: 2 | S16: 1 | T16: 6 | U16: 0 | V16: 2 | W16: * | X16: 1 | Y16: 0 | Z16: 4 | AA16: 7 | AB16: 2 | AC16: 10 | AD16: 0 | AE16: 5 | AF16: 13 | AG16: 13 | AH16: 18 | AI16: 10 | AJ16: 0 | AL16: *Registers missing
A18: Yearly Totals | B18: =SUM(B5:B16) -> 0 | C18: =SUM(C5:C16) -> 0 | D18: =SUM(D5:D16) -> 0 | E18: =SUM(E5:E16) -> 0 | F18: =SUM(F5:F16) -> 0 | G18: =SUM(G5:G16) -> 0 | H18: =SUM(H5:H17) -> 44 | I18: =SUM(I5:I17) -> 64 | J18: =SUM(J5:J17) -> 110 | K18: =SUM(K5:K17) -> 119 | L18: 96 | M18: 96 | N18: 174 | O18: =SUM(O5:O17) -> 131 | P18: =SUM(P5:P17) -> 128 | Q18: =SUM(Q5:Q17) -> 142 | R18: =SUM(R5:R17) -> 143 | S18: =SUM(S5:S16) -> 146 | T18: =SUM(T5:T16) -> 223 | U18: =SUM(U5:U16) -> 120 | V18: =SUM(V5:V16) -> 66 | W18: =SUM(W5:W16) -> 88 | X18: =SUM(X5:X16) -> 62 | Y18: =SUM(Y5:Y16) -> 120 | Z18: =SUM(Z5:Z16) -> 117 | ... AK18: =SUM(AK5:AK16) -> 2
H19: 70 | I19: 69 | J19: 112

Sheet Roaring Kill
A1: Indian Head Wilderness
A2: Roaring Kill | X2: R07
B3: 1990 | C3: 1991 | D3: 1992 | E3: 1993 | F3: 1994 | G3: 1995 | H3: 1996 | I3: 1997 | J3: 1998 | K3: 1999 | L3: 2000 | M3: 2001 | N3: 2002 | O3: 2003 | P3: 2004 | Q3: 2005 | R3: 2006 | S3: 2007 | T3: 2008 | U3: 2009 | V3: 2010 | W3: 2011 | X3: 2012 | Y3: 2013 | Z3: 2014 | AA3: 2015 | AB3: 2016 | AC3: 2017 | AD3: 2018 | AE3: 2019 | AF3: 2020 | AG3: 2021 | AH3: 2022 | AI3: 2023 | AJ3: 2024 | AK3: 2025
A5: January | H5: 26 | I5: 39 | J5: 41 | K5: 36 | L5: 79 | P5: 24 | Q5: 17 | R5: 58 | S5: 72 | T5: 38 | U5: 26 | V5: 53 | W5: 18 | X5: 83 | Y5: * | Z5: 38 | AA5: 45 | AB5: 90 | AC5: 105 | AD5: 81 | AE5: 76 | AF5: 115 | AG5: 139 | AH5: 77 | AI5: 81 | AJ5: 39
A6: February | H6: 5 | I6: 20 | J6: 59 | K6: 38 | L6: 51 | P6: 33 | Q6: 16 | R6: 61 | S6: 17 | T6: 50 | U6: 18 | V6: 34 | W6: 11 | X6: 110 | Y6: * | Z6: 23 | AA6: 25 | AB6: 79 | AC6: 82 | AD6: 92 | AE6: 83 | AF6: 142 | AG6: 85 | AH6: 59 | AI6: 75 | AJ6: 113
A7: March | H7: 14 | I7: 43 | J7: 26 | K7: 58 | L7: 90 | P7: 57 | Q7: 21 | R7: 62 | S7: 21 | T7: 74 | U7: 75 | V7: 39 | W7: 25 | X7: 91 | Y7: * | Z7: 21 | AA7: 41 | AB7: 241 | AC7: 66 | AD7: 69 | AE7: 66 | AF7: 145 | AG7: 136 | AH7: 65 | AI7: 15 | AJ7: 105
A8: April | H8: 55 | I8: 14 | J8: 154 | K8: 135 | L8: 211 | P8: 136 | Q8: 141 | R8: 139 | S8: 81 | T8: 148 | U8: 159 | V8: 124 | W8: 70 | X8: 181 | Y8: * | Z8: 89 | AA8: 89 | AB8: 345 | AC8: 185 | AD8: 133 | AE8: 161 | AF8: 213 | AG8: 275 | AH8: 183 | AI8: 120 | AJ8: 128
A9: May | H9: 136 | I9: 106 | J9: 160 | K9: 212 | L9: 215 | P9: 277 | Q9: 279 | R9: 334 | S9: 171 | T9: 218 | U9: 282 | V9: 318 | W9: 238 | X9: 330 | Y9: * | Z9: 425 | AA9: 396 | AB9: 351 | AC9: 337 | AD9: 321 | AE9: 277 | AF9: 479 | AG9: 399 | AH9: 364 | AI9: 325 | AJ9: 276
A10: June | H10: 6 | I10: 131 | J10: 158 | K10: 146 | L10: 233 | P10: 317 | Q10: 199 | R10: 139 | S10: 251 | T10: 148 | U10: 227 | V10: 236 | W10: 177 | X10: 217 | Y10: * | Z10: 307 | AA10: 373 | AB10: 296 | AC10: 245 | AD10: 317 | AE10: 421 | AF10: 606 | AG10: 387 | AH10: 291 | AI10: 253 | AJ10: 277
A11: July | H11: 49 | I11: 130 | J11: 100 | K11: 207 | L11: 279 | P11: 439 | Q11: 363 | R11: 207 | S11: 145 | T11: 219 | U11: 235 | V11: 389 | W11: 402 | X11: 259 | Y11: 33 | Z11: 399 | AA11: 487 | AB11: 604 | AC11: 552 | AD11: 479 | AE11: 485 | AF11: 603 | AG11: 483 | AH11: 378 | AI11: 353 | AJ11: 290
A12: August | H12: 109 | I12: 99 | K12: 216 | L12: 317 | P12: 354 | Q12: 229 | R12: 255 | S12: 389 | T12: 326 | U12: 349 | V12: 417 | W12: 130 | X12: 422 | Y12: 537 | Z12: 468 | AA12: 663 | AB12: 417 | AC12: 596 | AD12: 314 | AE12: 608 | AF12: 713 | AG12: 455 | AH12: 413 | AI12: 452 | AJ12: 333
A13: September | I13: 112 | J13: 9 | K13: 227 | L13: 232 | P13: 319 | Q13: 265 | R13: 266 | S13: 226 | T13: 183 | U13: 162 | V13: 304 | W13: 111 | X13: 43 | Y13: 350 | Z13: 275 | AA13: 392 | AB13: 365 | AC13: 511 | AD13: 458 | AE13: 492 | AF13: 636 | AG13: 441 | AH13: 385 | AI13: 289 | AJ13: 87*
A14: October | I14: 193 | J14: 252 | K14: 234 | L14: 361 | P14: 349 | Q14: 170 | R14: 300 | S14: 292 | T14: 379 | U14: 252 | V14: 332 | W14: 319 | X14: 193 | Y14: 395 | Z14: 226 | AA14: 487 | AB14: 451 | AC14: 497 | AD14: 455 | AE14: 542 | AF14: 785 | AG14: 543 | AH14: 567 | AI14: 408 | AJ14: 10*
A15: November | I15: 20 | J15: 115 | K15: 163 | L15: 121 | P15: 90 | R15: 97 | S15: 167 | T15: 93 | U15: * | V15: 75 | W15: 129 | X15: 17 | Y15: 75 | Z15: 94 | AA15: 104 | AB15: 193 | AC15: 185 | AD15: 136 | AE15: 228 | AF15: 380 | AG15: 158 | AH15: 186 | AI15: 182 | AJ15: * | AL15: * | AM15: Register in tatters
A16: December | I16: 44 | J16: 51 | K16: 99 | L16: 69 | P16: 45 | R16: 85 | S16: 49 | T16: 48 | U16: 6 | V16: 26 | W16: 75 | X16: * | Y16: 47 | Z16: 45 | AA16: 107 | AB16: 46 | AC16: 98 | AD16: 128 | AE16: 52 | AF16: 134 | AG16: 108 | AH16: 85 | AI16: 100 | AJ16: * | AL16: *Registers missing
A18: Yearly Totals | B18: 829 | C18: 797 | D18: 868 | E18: 898 | F18: 906 | G18: 1089 | H18: =SUM(H5:H16) -> 400 | I18: =SUM(I5:I17) -> 951 | J18: =SUM(J5:J17) -> 1125 | K18: =SUM(K5:K17) -> 1771 | L18: =SUM(L5:L17) -> 2258 | M18: 1548 | N18: 1888 | O18: 2162 | P18: =SUM(P5:P17) -> 2440 | Q18: =SUM(Q5:Q16) -> 1700 | R18: =SUM(R5:R16) -> 2003 | S18: =SUM(S5:S16) -> 1881 | T18: =SUM(T5:T16) -> 1924 | U18: =SUM(U5:U16) -> 1791 | V18: =SUM(V5:V16) -> 2347 | W18: =SUM(W5:W16) -> 1705 | X18: =SUM(X5:X16) -> 1946 | ... AD18: =SUM(AD5:AD16) -> 2983 | AE18: =SUM(AE4:AE17) -> 3491 | AF18: =SUM(AF4:AF17) -> 4951 | AG18: =SUM(AG4:AG17) -> 3609 | AH18: =SUM(AH4:AH17) -> 3053 | AI18: =SUM(AI4:AI17) -> 2653 | AJ18: =SUM(AJ4:AJ17) -> 1561 | AK18: =SUM(AK4:AK17) -> 0
J19: 1292 | K19: 1771

Sheet Rt 206 Cat Hollow
A1: Delaware Wild Forest
A2: Rt 206 Cat Hollow | W2: R45
B3: 1991 | C3: 1992 | D3: 1993 | E3: 1994 | F3: 1995 | G3: 1996 | H3: 1997 | I3: 1998 | J3: 1999 | K3: 2000 | L3: 2001 | M3: 2002 | N3: 2003 | O3: 2004 | P3: 2005 | Q3: 2006 | R3: 2007 | S3: 2008 | T3: 2009 | U3: 2010 | V3: 2011 | W3: 2012 | X3: 2013 | Y3: 2014 | Z3: 2015 | AA3: 2016 | AB3: 2017 | AC3: 2018 | AD3: 2019 | AE3: 2020 | AF3: 2021 | AG3: 2022 | AH3: 2023 | AI3: 2024 | AJ3: 2025
A5: January | J5: 0 | K5: 5 | O5: 6 | P5: 5 | Q5: 12 | R5: 11 | S5: 4 | T5: 1 | U5: 0 | V5: 4 | W5: 14 | X5: * | Y5: 5 | Z5: 4 | AA5: 7 | AB5: 7 | AC5: 5 | AD5: 1 | AE5: 5 | AF5: 11 | AG5: 2 | AH5: * | AI5: 7 | AJ5: 6
A6: February | I6: 30 | J6: 0 | K6: 1 | O6: 1 | P6: 6 | Q6: 4 | R6: 4 | S6: 4 | T6: 4 | U6: 2 | V6: 6 | W6: 15 | X6: * | Y6: 0 | Z6: 8 | AA6: 8 | AB6: 3 | AC6: 3 | AD6: 0 | AE6: 3 | AF6: 2 | AG6: 9 | AH6: * | AI6: 8 | AJ6: 8
A7: March | I7: 2 | J7: 0 | K7: 4 | O7: 7 | P7: 2 | Q7: 5 | R7: 9 | S7: 9 | T7: 11 | U7: 11 | V7: 8 | W7: 4 | X7: 8 | Y7: 0 | Z7: 0 | AA7: 13 | AB7: 0 | AC7: 2 | AD7: 15 | AE7: 6 | AF7: 8 | AG7: 6 | AH7: * | AI7: 9 | AJ7: 26
A8: April | I8: 16 | J8: 4 | K8: 19 | O8: 37 | P8: 15 | Q8: 19 | R8: 6 | S8: 16 | T8: 23 | U8: 16 | V8: 15 | W8: 17 | X8: 23 | Y8: 22 | Z8: 7 | AA8: 20 | AB8: 9 | AC8: 14 | AD8: 6 | AE8: 12 | AF8: 18 | AG8: 14 | AH8: * | AI8: 16 | AJ8: 21
A9: May | I9: 40 | J9: * | K9: 36 | O9: 29 | P9: 28 | Q9: 67 | S9: 26 | T9: 33 | U9: 32 | V9: 17 | W9: 35 | X9: 38 | Y9: 32 | Z9: 45 | AA9: 18 | AB9: 21 | AC9: 12 | AD9: 41 | AE9: 25 | AF9: 21 | AG9: 12 | AH9: * | AI9: 23 | AJ9: 35
A10: June | I10: 35 | J10: * | K10: 37 | O10: 23 | P10: 35 | Q10: 20 | S10: 45 | T10: 44 | U10: 10 | V10: 40 | W10: 23 | X10: 29 | Y10: 30 | Z10: 18 | AA10: 18 | AB10: 10 | AC10: 21 | AD10: 17 | AE10: 28 | AF10: 13 | AG10: 30 | AH10: * | AI10: 21 | AJ10: 46
A11: July | I11: 23 | J11: * | K11: 40 | O11: 31 | P11: 45 | Q11: 14 | R11: 10 | S11: 29 | T11: 36 | U11: 32 | V11: 77 | W11: 29 | X11: 25 | Y11: 26 | Z11: 26 | AA11: 28 | AB11: 15 | AC11: 43 | AD11: 6 | AE11: 26 | AF11: 11 | AG11: 23 | AH11: * | AI11: 23 | AJ11: 13
A12: August | I12: 9 | J12: * | K12: 60 | O12: 41 | P12: 45 | Q12: 63 | R12: 48 | S12: 42 | T12: 69 | U12: 34 | V12: 65 | W12: 36 | X12: 25 | Y12: 24 | Z12: 23 | AA12: 39 | AB12: 19 | AC12: 32 | AD12: 11 | AE12: 22 | AF12: 8 | AG12: 17 | AH12: 10 | AI12: 26 | AJ12: 26
A13: September | I13: 22 | J13: * | K13: 24 | O13: 25 | P13: 39 | Q13: 35 | R13: 20 | S13: 19 | T13: 50 | U13: 28 | V13: 6 | W13: 26 | X13: 20 | Y13: 25 | Z13: 31 | AA13: 19 | AB13: 62 | AC13: 41 | AD13: 24 | AE13: 38 | AF13: 32 | AG13: 14 | AH13: 8 | AI13: 24 | AJ13: 13
A14: October | J14: * | K14: 62 | O14: 36 | P14: 24 | Q14: 22 | R14: 18 | S14: 28 | T14: 13 | U14: 11 | V14: 33 | W14: * | X14: 28 | Y14: 37 | Z14: 19 | AA14: 31 | AB14: 17 | AC14: 44 | AD14: 31 | AE14: 18 | AF14: 10 | AG14: 12 | AH14: 18 | AI14: 22 | AJ14: 22
A15: November | H15: 0 | J15: 33 | K15: 17 | O15: 16 | P15: 26 | Q15: 45 | R15: 24 | S15: 6 | T15: 7 | U15: 9 | V15: 30 | W15: * | X15: 1 | Y15: 10 | Z15: 18 | AA15: 21 | AB15: 6 | AC15: 17 | AD15: 10 | AE15: 16 | AF15: 9 | AG15: 19 | AH15: 11 | AI15: 21 | AJ15: 3
A16: December | H16: 0 | J16: 10 | K16: 6 | O16: 18 | P16: 1 | Q16: 11 | S16: 1 | T16: 5 | U16: 4 | V16: 13 | W16: * | X16: 5 | Y16: 7 | Z16: 2 | AA16: 6 | AB16: 5 | AC16: 3 | AD16: 3 | AE16: 5 | AF16: 5 | AG16: 4 | AH16: 6 | AI16: 11 | AJ16: 4 | AK16: *Registers missing
A18: Yearly Totals | B18: =SUM(B5:B16) -> 0 | C18: =SUM(C5:C16) -> 0 | D18: =SUM(D5:D16) -> 0 | E18: =SUM(E5:E16) -> 0 | F18: =SUM(F5:F16) -> 0 | G18: =SUM(G5:G16) -> 0 | H18: =SUM(H5:H17) -> 0 | I18: =SUM(I5:I17) -> 177 | J18: =SUM(J5:J17) -> 47 | K18: =SUM(K5:K17) -> 311 | L18: 284 | M18: 220 | N18: 258 | O18: =SUM(O5:O17) -> 270 | P18: =SUM(P5:P16) -> 271 | Q18: =SUM(Q5:Q16) -> 317 | R18: =SUM(R5:R16) -> 150 | S18: =SUM(S5:S16) -> 229 | T18: =SUM(T5:T16) -> 296 | U18: =SUM(U5:U16) -> 189 | V18: =SUM(V5:V16) -> 314 | W18: =SUM(W5:W16) -> 199 | ... AC18: =SUM(AC5:AC16) -> 237 | AD18: =SUM(AD5:AD17) -> 165 | AE18: =SUM(AE5:AE17) -> 204 | AF18: =SUM(AF4:AF17) -> 148 | AG18: =SUM(AG4:AG17) -> 162 | AH18: =SUM(AH4:AH17) -> 53 | AI18: =SUM(AI4:AI17) -> 211 | AJ18: =SUM(AJ4:AJ17) -> 223
F19: 93 | I19: 236 | J19: 197

Sheet Russell Brook
A1: Delaware Wild Forest
A2: Russell Brook Falls | W2: R48
B3: 1991 | C3: 1992 | D3: 1993 | E3: 1994 | F3: 1995 | G3: 1996 | H3: 1997 | I3: 1998 | J3: 1999 | K3: 2000 | L3: 2001 | M3: 2002 | N3: 2003 | O3: 2004 | P3: 2005 | Q3: 2006 | R3: 2007 | S3: 2008 | T3: 2009 | U3: 2010 | V3: 2011 | W3: 2012 | X3: 2013 | Y3: 2014 | Z3: 2015 | AA3: 2016 | AB3: 2017 | AC3: 2018 | AD3: 2019 | AE3: 2020 | AF3: 2021 | AG3: 2022 | AH3: 2023 | AI3: 2024 | AJ3: 2025
A5: January | I5: 16 | K5: 12 | O5: 3 | P5: 14 | Q5: 4 | R5: 28 | S5: 20 | T5: 46 | U5: 13 | V5: 25 | W5: 24 | X5: * | Y5: 21 | Z5: 10 | AA5: 26 | AB5: 8 | AC5: 13 | AD5: 16 | AE5: 30 | AF5: 28 | AG5: 56 | AH5: 40 | AI5: 24 | AJ5: 44
A6: February | I6: 13 | K6: 2 | O6: 21 | P6: 41 | Q6: 13 | R6: 33 | S6: 43 | T6: 41 | U6: 53 | V6: 88 | W6: 18 | X6: * | Y6: 58 | Z6: 93 | AA6: 6 | AB6: 30 | AC6: 11 | AD6: 23 | AE6: 21 | AF6: 16 | AG6: 37 | AH6: 38 | AI6: 10 | AJ6: 27
A7: March | I7: 27 | K7: 9 | O7: 18 | P7: 30 | Q7: 24 | R7: 90 | S7: 33 | T7: 12 | U7: 39 | V7: 21 | W7: 80 | X7: * | Y7: 37 | Z7: 76 | AA7: 70 | AB7: 17 | AC7: 39 | AD7: 38 | AE7: 72 | AF7: 64 | AG7: 61 | AH7: 32 | AI7: 43 | AJ7: 85
A8: April | H8: 69 | I8: 86 | J8: 95 | K8: 91 | O8: 91 | P8: 33 | Q8: 45 | R8: 62 | S8: 100 | T8: 92 | U8: 133 | V8: 94 | W8: 154 | X8: * | Y8: 94 | Z8: 75 | AA8: 176 | AB8: 124 | AC8: 99 | AD8: 135 | AE8: 120 | AF8: 184 | AG8: 122 | AH8: 180 | AI8: 85 | AJ8: 251
A9: May | H9: 68 | I9: 176 | J9: 68 | K9: 181 | O9: 188 | P9: 82 | Q9: 72 | R9: 99 | S9: 151 | T9: 94 | U9: 118 | V9: 111 | W9: 159 | X9: 170 | Y9: 200 | Z9: 291 | AA9: 129 | AB9: 178 | AC9: 214 | AD9: 226 | AE9: 212 | AF9: 229 | AG9: 216 | AH9: 228 | AI9: 169 | AJ9: 268
A10: June | H10: 185 | I10: 83 | J10: 202 | K10: 101 | O10: 138 | P10: 77 | Q10: 65 | R10: 104 | S10: 123 | T10: 96 | U10: 107 | V10: 167 | W10: 147 | X10: 182 | Y10: 186 | Z10: 109 | AA10: 191 | AB10: 183 | AC10: 219 | AD10: 151 | AE10: 332 | AF10: 298 | AG10: 327 | AH10: 175 | AI10: 332 | AJ10: 279
A11: July | H11: 286 | I11: 338 | J11: 322 | K11: 49 | O11: 325 | P11: 195 | Q11: 140 | R11: 144 | S11: 194 | T11: 295 | U11: 237 | V11: 297 | W11: 276 | X11: 359 | Y11: 376 | Z11: 328 | AA11: 404 | AB11: 368 | AC11: 434 | AD11: 379 | AE11: 418 | AF11: 377 | AG11: 287 | AH11: 309 | AI11: 528 | AJ11: 497
A12: August | H12: 501 | I12: 344 | J12: 247 | K12: 325 | O12: 289 | P12: 149 | Q12: 171 | R12: 297 | S12: 167 | T12: 212 | U12: 220 | V12: 294 | W12: 284 | X12: 284 | Y12: 388 | Z12: 545 | AA12: 309 | AB12: 281 | AC12: 217 | AD12: 409 | AE12: 611 | AF12: 331 | AG12: 259 | AH12: 266 | AI12: 439 | AJ12: 471
A13: September | H13: 109 | I13: 223 | J13: 146 | K13: 94 | O13: 149 | P13: 69 | Q13: 105 | R13: 128 | S13: 91 | T13: 96 | U13: 213 | V13: 135 | W13: 195 | X13: 195 | Y13: 115 | Z13: 243 | AA13: 199 | AB13: 220 | AC13: 159 | AD13: 231 | AE13: 348 | AF13: 239 | AG13: 200 | AH13: 317 | AI13: 314 | AJ13: 237
A14: October | H14: 95 | I14: 21 | J14: 126 | K14: 116 | O14: 115 | P14: 74 | Q14: 102 | R14: 86 | S14: 82 | T14: 112 | U14: 151 | V14: 103 | W14: * | X14: 194 | Y14: 171 | Z14: 136 | AA14: 194 | AB14: 186 | AC14: 120 | AD14: 179 | AE14: 301 | AF14: 260 | AG14: 100 | AH14: 131 | AI14: 321 | AJ14: 274
A15: November | J15: 76 | K15: 79 | O15: 25 | P15: 65 | Q15: 64 | R15: 59 | S15: 58 | T15: 106 | U15: 42 | V15: 77 | W15: * | X15: 40 | Y15: 77 | Z15: 85 | AA15: 87 | AB15: 62 | AC15: 76 | AD15: 70 | AE15: 102 | AF15: 76 | AG15: 83 | AH15: 96 | AI15: 187 | AJ15: 82
A16: December | J16: 21 | K16: 11 | O16: 2 | P16: 9 | Q16: 30 | S16: 3 | T16: 11 | U16: 11 | V16: 22 | W16: * | X16: * | Y16: 12 | Z16: 32 | AA16: 15 | AB16: 5 | AC16: 27 | AD16: 36 | AE16: 47 | AF16: 64 | AG16: 20 | AH16: 31 | AI16: 57
AK17: *Registers missing
A18: Yearly Totals | B18: =SUM(B5:B16) -> 0 | C18: =SUM(C5:C16) -> 0 | D18: =SUM(D5:D16) -> 0 | E18: =SUM(E5:E16) -> 0 | F18: =SUM(F5:F16) -> 0 | G18: =SUM(G5:G16) -> 0 | H18: =SUM(H5:H17) -> 1313 | I18: =SUM(I5:I17) -> 1327 | J18: =SUM(J5:J17) -> 1303 | K18: =SUM(K5:K17) -> 1070 | L18: 1285 | M18: 1358 | N18: 1145 | O18: =SUM(O5:O16) -> 1364 | P18: =SUM(P5:P17) -> 838 | Q18: =SUM(Q5:Q17) -> 835 | R18: =SUM(R5:R17) -> 1130 | S18: =SUM(S5:S16) -> 1065 | T18: =SUM(T5:T16) -> 1213 | U18: =SUM(U5:U16) -> 1337 | V18: =SUM(V5:V16) -> 1434 | W18: =SUM(W5:W16) -> 1337 | X18: =SUM(X5:X16) -> 1424 | Y18: =SUM(Y5:Y16) -> 1735 | Z18: =SUM(Z5:Z16) -> 2023 | ... AC18: =SUM(AC5:AC16) -> 1628 | AD18: =SUM(AD4:AD17) -> 1893 | AE18: =SUM(AE4:AE17) -> 2614 | AF18: =SUM(AF4:AF17) -> 2166 | AG18: =SUM(AG4:AG17) -> 1768 | AH18: =SUM(AH4:AH17) -> 1843 | AI18: =SUM(AI4:AI17) -> 2509 | AJ18: =SUM(AJ4:AJ17) -> 2515
F19: 333 | H19: 1622 | I19: 1451 | J19: 1409

Sheet S.Mtn Esc Trl (Schutt Rd Trail)
A1: Kaaterskill Wild Forest
A2: South Mountain Escarpment Trail (Schutt Road Trail) | U2: R17
B3: 1990 | C3: 1991 | D3: 1992 | E3: 1993 | F3: 1994 | G3: 1995 | H3: 1996 | I3: 1997 | J3: 1998 | K3: 1999 | L3: 2000 | M3: 2001 | N3: 2002 | O3: 2003 | P3: 2004 | Q3: 2005 | R3: 2006 | S3: 2007 | T3: 2008 | U3: 2009 | V3: 2010 | W3: 2011 | X3: 2012 | Y3: 2013 | Z3: 2014 | AA3: 2015 | AB3: 2016 | AC3: 2017 | AD3: 2018 | AE3: 2019 | AF3: 2020 | AG3: 2021 | AH3: 2022 | AI3: 2023 | AJ3: 2024 | AK3: 2025
A5: January | H5: 48 | I5: 33 | J5: 46 | K5: 39 | L5: 122 | P5: 62 | R5: 51 | S5: 85 | T5: 44 | U5: 41 | V5: 74 | W5: 55 | X5: 105 | Y5: * | Z5: 184 | AA5: * | AB5: 44 | AC5: * | AD5: 97 | AE5: 84 | AF5: 52 | AG5: 126 | AH5: 42 | AI5: 90 | AJ5: 75 | AK5: 58
A6: February | H6: 24 | I6: 50 | J6: 71 | K6: 37 | L6: 37 | P6: 42 | Q6: 68 | R6: 48 | S6: 53 | T6: 84 | U6: 41 | V6: 72 | W6: 29 | X6: 46 | Y6: * | Z6: 57 | AA6: * | AB6: 52 | AC6: * | AD6: 80 | AE6: 50 | AF6: 75 | AG6: 98 | AH6: 95 | AI6: 88 | AJ6: 141 | AK6: 68
A7: March | H7: 39 | I7: 65 | J7: 44 | K7: 32 | L7: 49 | P7: 64 | Q7: 64 | R7: 81 | S7: 73 | T7: 61 | U7: 71 | V7: 50 | W7: 29 | X7: 107 | Y7: * | Z7: 17 | AA7: * | AB7: 185 | AC7: * | AD7: 43 | AE7: 75 | AF7: 105 | AG7: 102 | AH7: 87 | AI7: 82 | AJ7: 138 | AK7: 160
A8: April | H8: 102 | I8: 118 | J8: 159 | K8: 138 | L8: 106 | P8: 114 | Q8: 127 | R8: 150 | S8: 98 | T8: 126 | U8: 136 | V8: 126 | W8: 61 | X8: 115 | Y8: * | Z8: 91 | AA8: * | AB8: 228 | AC8: * | AD8: 105 | AE8: 216 | AF8: 98 | AG8: 30 | AH8: 146 | AI8: 252 | AJ8: 92 | AK8: 348
A9: May | H9: 44 | I9: 205 | J9: 196 | K9: 287 | L9: 253 | P9: 63 | Q9: 133 | R9: 179 | S9: 356 | T9: 190 | U9: 165 | V9: 185 | W9: 223 | X9: 293 | Y9: * | Z9: 218 | AA9: * | AB9: 301 | AC9: * | AD9: 207 | AE9: 446 | AF9: 143 | AG9: 301 | AH9: 208 | AI9: 420 | AJ9: 275 | AK9: 274
A10: June | H10: 75 | I10: 132 | J10: 148 | K10: 118 | L10: 250 | Q10: 198 | R10: 101 | S10: 247 | T10: 238 | U10: 188 | V10: 193 | W10: 121 | X10: 281 | Y10: 7 | Z10: 223 | AA10: * | AB10: 383 | AC10: * | AD10: 262 | AE10: 266 | AF10: 262 | AG10: 390 | AH10: 368 | AI10: 370 | AJ10: 367 | AK10: 413
A11: July | H11: 176 | I11: 483 | J11: 59 | K11: 205 | L11: 179 | P11: 448 | Q11: 536 | R11: 290 | S11: 303 | T11: 310 | U11: 297 | V11: 414 | W11: 264 | X11: 320 | Y11: 275 | Z11: 380 | AA11: * | AB11: 494 | AC11: * | AD11: 549 | AE11: 415 | AF11: 408 | AG11: 323 | AH11: 407 | AI11: 537 | AJ11: 249 | AK11: 921
A12: August | H12: 310 | I12: 318 | J12: 4 | K12: 101 | L12: 213 | P12: 345 | Q12: 355 | R12: 315 | S12: 397 | T12: 355 | U12: 297 | V12: 379 | W12: 260 | X12: 290 | Y12: 429 | Z12: 577 | AA12: * | AB12: 473 | AC12: * | AD12: 497 | AE12: 433 | AF12: 486 | AG12: 343 | AH12: 317 | AI12: 517 | AJ12: 254 | AK12: 1086
A13: September | H13: 33 | I13: 216 | K13: 255 | L13: 275 | P13: 213 | Q13: 228 | R13: 186 | S13: 307 | T13: 182 | U13: 254 | V13: 341 | W13: 124 | X13: * | Y13: 226 | Z13: 322 | AA13: * | AB13: 468 | AC13: * | AD13: 377 | AE13: 302 | AF13: 455 | AG13: 362 | AH13: 313 | AI13: 209 | AJ13: 391 | AK13: 192
A14: October | I14: 359 | J14: 425 | K14: 256 | L14: 493 | Q14: 299 | R14: 225 | S14: 266 | T14: 267 | U14: 197 | V14: 359 | W14: 211 | X14: * | Y14: 409 | Z14: 231 | AA14: * | AB14: * | AC14: * | AD14: 450 | AE14: 456 | AF14: 541 | AG14: 446 | AH14: 576 | AI14: 451 | AJ14: 530 | AK14: 324
A15: November | J15: 172 | K15: 112 | L15: 50 | Q15: 160 | R15: 75 | S15: 85 | T15: 104 | U15: 163 | V15: 120 | W15: 106 | X15: * | Y15: * | Z15: * | AA15: * | AB15: * | AC15: * | AD15: 94 | AE15: 164 | AF15: 216 | AG15: 210 | AH15: 124 | AI15: 164 | AJ15: 267 | AK15: 224
A16: December | J16: 72 | K16: 10 | L16: 13 | Q16: 33 | R16: 70 | S16: 47 | T16: 33 | U16: 35 | V16: 18 | W16: 77 | X16: * | Y16: * | Z16: * | AA16: * | AB16: * | AC16: * | AD16: 79 | AE16: 36 | AF16: 137 | AG16: 72 | AH16: 49 | AI16: 87 | AJ16: 42 | AK16: 68 | AL16: *Registers missing
A18: Yearly Totals | B18: 681 | C18: 646 | D18: 796 | E18: 963 | F18: 2380 | G18: 33 | H18: =SUM(H5:H16) -> 851 | I18: =SUM(I5:I16) -> 1979 | J18: =SUM(J5:J16) -> 1396 | K18: =SUM(K5:K17) -> 1590 | L18: =SUM(L5:L17) -> 2040 | M18: 2114 | N18: 1984 | O18: 2059 | P18: =SUM(P5:P17) -> 1351 | Q18: =SUM(Q5:Q16) -> 2201 | R18: =SUM(R5:R16) -> 1771 | S18: =SUM(S5:S16) -> 2317 | T18: =SUM(T5:T16) -> 1994 | U18: =SUM(U5:U16) -> 1885 | V18: =SUM(V5:V16) -> 2331 | W18: =SUM(W5:W16) -> 1560 | X18: =SUM(X5:X16) -> 1557 | ... AK18: =SUM(AK5:AK16) -> 4136
I19: 2048 | J19: 1510 | K19: 1809

Sheet Spruceton
A1: Rusk Mountain Wild Forest
A2: Spruceton | X2: R12
B3: 1990 | C3: 1991 | D3: 1992 | E3: 1993 | F3: 1994 | G3: 1995 | H3: 1996 | I3: 1997 | J3: 1998 | K3: 1999 | L3: 2000 | M3: 2001 | N3: 2002 | O3: 2003 | P3: 2004 | Q3: 2005 | R3: 2006 | S3: 2007 | T3: 2008 | U3: 2009 | V3: 2010 | W3: 2011 | X3: 2012 | Y3: 2013 | Z3: 2014 | AA3: 2015 | AB3: 2016 | AC3: 2017 | AD3: 2018 | AE3: 2019 | AF3: 2020 | AG3: 2021 | AH3: 2022 | AI3: 2023 | AJ3: 2024 | AK3: 2025
A5: January | H5: 7 | I5: 42 | J5: 71 | K5: 45 | L5: 181 | P5: 77 | R5: 48 | S5: 43 | T5: 57 | U5: * | V5: 42 | W5: 124 | X5: 68 | Y5: * | Z5: 69 | AA5: 116 | AB5: 233 | AC5: 241 | AD5: 189 | AE5: 121 | AF5: 243 | AG5: 235 | AH5: 206 | AI5: * | AJ5: 178 | AK5: 191
A6: February | H6: 65 | I6: 24 | J6: 48 | K6: 54 | P6: 65 | Q6: 86 | R6: 43 | S6: 73 | T6: 16 | U6: 20 | V6: 91 | W6: 118 | X6: 119 | Y6: * | Z6: 99 | AA6: 104 | AB6: 144 | AC6: 182 | AD6: 109 | AE6: 179 | AF6: 274 | AG6: 193 | AH6: 353 | AI6: * | AJ6: 221 | AK6: 206
A7: March | H7: 54 | I7: 31 | J7: 52 | K7: 57 | L7: 10 | P7: 58 | Q7: 29 | R7: 33 | S7: 62 | T7: 19 | U7: 64 | V7: 52 | W7: 76 | X7: 125 | Y7: * | Z7: 166 | AA7: 128 | AB7: 302 | AC7: 86 | AD7: 201 | AE7: 197 | AF7: 233 | AG7: 243 | AH7: 284 | AI7: 93 | AJ7: 204 | AK7: 289
A8: April | H8: 46 | I8: 78 | J8: 75 | K8: 155 | L8: 65 | P8: 81 | Q8: 21 | R8: 68 | S8: 60 | T8: 42 | U8: 70 | V8: 56 | W8: 60 | X8: 132 | Y8: 124 | Z8: 126 | AA8: 176 | AB8: 234 | AC8: 234 | AD8: 122 | AE8: 238 | AF8: 92 | AG8: 256 | AH8: 399 | AI8: 201 | AJ8: 163 | AK8: 170
A9: May | H9: 96 | I9: 122 | J9: 99 | K9: 120 | L9: 66 | P9: 134 | Q9: 125 | R9: 46 | S9: 36 | T9: 108 | U9: 133 | V9: 135 | W9: 104 | X9: 205 | Y9: 157 | Z9: 205 | AA9: 309 | AB9: 283 | AC9: 254 | AD9: 290 | AE9: 316 | AF9: 251 | AG9: 348 | AH9: 251 | AI9: 403 | AJ9: 181
A10: June | H10: 30 | I10: 141 | J10: 81 | K10: 0 | L10: 85 | P10: 64 | Q10: 51 | R10: 68 | T10: 9 | U10: 67 | V10: 78 | W10: 127 | X10: 190 | Y10: 191 | Z10: 204 | AA10: 192 | AB10: 307 | AC10: 266 | AD10: 341 | AE10: 1113 | AF10: 343 | AG10: 327 | AH10: 107 | AI10: 333 | AJ10: 274
A11: July | I11: 103 | J11: 113 | K11: 48 | L11: 158 | P11: 119 | Q11: 251 | R11: 117 | S11: 101 | T11: 111 | U11: 152 | V11: 163 | W11: 192 | X11: 264 | Y11: 239 | Z11: 244 | AA11: 398 | AB11: 341 | AC11: 410 | AD11: 351 | AE11: 351 | AF11: 349 | AG11: 310 | AH11: 472 | AI11: 423 | AJ11: 433
A12: August | I12: 183 | J12: 182 | K12: 88 | L12: 147 | P12: 125 | Q12: 102 | R12: 137 | S12: 76 | T12: 146 | U12: 89 | V12: 142 | W12: 108 | X12: 153 | Y12: 193 | Z12: 277 | AA12: 365 | AB12: 575 | AC12: 353 | AD12: 300 | AE12: 597 | AF12: 559 | AG12: 271 | AH12: 356 | AI12: 494 | AJ12: 453
A13: September | I13: 201 | J13: 95 | K13: 175 | L13: 95 | P13: 113 | Q13: 106 | R13: 177 | S13: 135 | T13: 56 | U13: * | V13: 168 | W13: 3 | X13: * | Y13: 219 | Z13: 170 | AA13: 255 | AB13: 397 | AC13: 326 | AD13: 322 | AE13: 447 | AF13: 502 | AG13: 293 | AH13: 361 | AI13: 330 | AJ13: 279
