Workbook

Sheet Alder Lake
A1: Balsam Lake Mountain Wild Forest | BA1: =+BL:AAE:AV -> #NAME?
A2: ALDER LAKE
B3: 1991 | C3: 1992 | D3: 1993 | E3: 1994 | F3: 1995 | G3: 1996 | H3: 1997 | I3: 1998 | J3: 1999 | K3: 2000 | L3: 2001 | M3: 2002 | N3: 2003 | O3: 2004 | P3: 2005 | Q3: 2006 | R3: 2007 | S3: 2008 | T3: 2009 | U3: 2010 | V3: 2011 | W3: 2012 | X3: 2013 | Y3: 2014 | Z3: 2015 | AA3: 2016 | AB3: 2017 | AC3: 2018 | AD3: 2019 | AE3: 2020 | AF3: 2021 | AG3: 2022 | AH3: 2023 | AI3: 2024 | AJ3: 2025 | AK3: 2026 | AL3: 2027 | AM3: 2028 | AN3: 2029 | AO3: 2030 | AP3: 2031 | AQ3: 2032 | AR3: 2033 | AS3: 2034 | AT3: 2035 | AU3: 2036 | AV3: 2037 | AW3: 2038 | AX3: 2039 | AY3: 2040 | AZ3: 2041 | BA3: 10 Year Rolling Averages | BK3: 2001 | BL3: 2002 | BM3: 2003 | BN3: 2004 | BO3: 2005 | BP3: 2006 | BQ3: 2007 | BR3: 2008 | BS3: 2009 | BT3: 2010 | BU3: 2011 | BV3: 2012 | BW3: 2013 | BX3: 2014 | BY3: 2015 | BZ3: 10-YEAR-AVG-2016 | CA3: 10-YEAR-AVG-2017 | CB3: 10-YEAR-AVG-2018 | CC3: 10-YEAR-AVG 2019 | CD3: 10-YEAR-AVG-2020 | CE3: 2021 | CF3: 2022 | CG3: 2023 | CH3: 2024 | CI3: 2025 | CJ3: 2026 | CK3: 2027 | CL3: 2028 | CM3: 2029 | CN3: 2030 | CO3: 2031 | CP3: 2032 | CQ3: 2033 | CR3: 2034 | CS3: 2035 | CT3: 2036 | CU3: 2037 | CV3: 2038 | CW3: 2039 | CX3: 2040 | CY3: 2041 | CZ3: 2042 | DA3: 2043 | DB3: 2044 | DC3: 2045 | DD3: 2046
A5: January | C5: 34 | D5: 19 | E5: 2 | F5: 2 | G5: 5 | H5: 0 | I5: 41 | J5: 14 | K5: 48 | L5: 7 | M5: 0 | N5: 34 | O5: 21 | P5: 25 | Q5: 24 | R5: 46 | U5: 25 | W5: 19 | Y5: 25 | Z5: 24 | AA5: 36 | AB5: 26 | AC5: 26 | AD5: 31 | AE5: 39 | AF5: 90 | AG5: 22 | AH5: =8+32 -> 40 | AI5: =(2+6+1+2+1+1+6)+(2+1+2+2+1+1+2+2+1) -> 33 | BB5: #N/A | BC5: #N/A | BD5: #N/A | BE5: #N/A | BF5: #N/A | BG5: #N/A | BH5: #N/A | BI5: #N/A | BJ5: =AVERAGE(B5:K5) -> 18.333333 | BK5: =AVERAGE(C5:L5) -> 17.2 | BL5: =AVERAGE(D5:M5) -> 13.8 | BM5: =AVERAGE(E5:N5) -> 15.3 | BN5: =AVERAGE(F5:O5) -> 17.2 | BO5: =AVERAGE(G5:P5) -> 19.5 | BP5: =AVERAGE(H5:Q5) -> 21.4 | BQ5: =AVERAGE(I5:R5) -> 26 | ... DD5: =AVERAGE(AV5:BE5) -> #N/A
A6: February | C6: 21 | D6: 21 | E6: 6 | F6: 10 | G6: 10 | H6: 0 | I6: 28 | J6: 10 | K6: 51 | L6: 9 | M6: 21 | N6: 20 | O6: 13 | P6: 24 | Q6: 11 | R6: 23 | U6: 45 | W6: 27 | Y6: 24 | Z6: 12 | AA6: 44 | AB6: 10 | AC6: 10 | AD6: 15 | AE6: 38 | AF6: 36 | AG6: 31 | AH6: =11+48-14 -> 45 | AI6: =(2+2+2+3+5+4+2+1+2+2)+(1+2+5+2+2+1+2+2+1+2+5+2)+(2)+(1) -> 55 | BA6: #N/A | BB6: #N/A | BC6: #N/A | BD6: #N/A | BE6: #N/A | BF6: #N/A | BG6: #N/A | BH6: #N/A | BI6: #N/A | BJ6: =AVERAGE(B6:K6) -> 17.444444 | BK6: =AVERAGE(C6:L6) -> 16.6 | BL6: =AVERAGE(D6:M6) -> 16.6 | BM6: =AVERAGE(E6:N6) -> 16.5 | BN6: =AVERAGE(F6:O6) -> 17.2 | BO6: =AVERAGE(G6:P6) -> 18.6 | BP6: =AVERAGE(H6:Q6) -> 18.7 | BQ6: =AVERAGE(I6:R6) -> 21 | ... DD6: =AVERAGE(AV6:BE6) -> #N/A
A7: March | C7: 12 | D7: 1 | E7: 6 | F7: 29 | G7: 10 | H7: 14 | I7: 38 | J7: 16 | K7: 23 | L7: 9 | M7: 69 | N7: 9 | O7: 24 | P7: 14 | Q7: 20 | R7: 43 | U7: 13 | W7: 87 | Y7: 8 | Z7: 10 | AA7: 47 | AB7: 6 | AC7: 6 | AD7: 59 | AE7: 108 | AF7: 85 | AG7: 42 | AH7: =14+37 -> 51 | AI7: =(4)+(1+2+2+1+1+1+2+1)+(2+2+1+2+4+4+1+2+1+3+9+3+2+2+1+3+1+2)+(2+1) -> 63 | BA7: #N/A | BB7: #N/A | BC7: #N/A | BD7: #N/A | BE7: #N/A | BF7: #N/A | BG7: #N/A | BH7: #N/A | BI7: #N/A | BJ7: =AVERAGE(B7:K7) -> 16.555556 | BK7: =AVERAGE(C7:L7) -> 15.8 | BL7: =AVERAGE(D7:M7) -> 21.5 | BM7: =AVERAGE(E7:N7) -> 22.3 | BN7: =AVERAGE(F7:O7) -> 24.1 | BO7: =AVERAGE(G7:P7) -> 22.6 | BP7: =AVERAGE(H7:Q7) -> 23.6 | BQ7: =AVERAGE(I7:R7) -> 26.5 | ... DD7: =AVERAGE(AV7:BE7) -> #N/A
A8: April | B8: 144 | C8: 50 | D8: 48 | E8: 50 | F8: 90 | G8: 60 | H8: 110 | I8: 148 | J8: 116 | K8: 95 | L8: 59 | M8: 69 | N8: 88 | O8: 73 | P8: 53 | Q8: 137 | R8: 68 | U8: 156 | W8: 110 | Y8: 66 | Z8: 94 | AA8: 113 | AB8: 168 | AC8: 168 | AD8: 34 | AE8: 105 | AF8: 209 | AG8: =49+37 -> 86 | AH8: =10+43+57+24 -> 134 | AI8: =(1+2+2+2+1+2+2+4+4+2+1+1+3+2+1+3+12+4)+(2+7+1+3+8+1+1+5+2+5+2+2+4+4+3+4+3)+(1+2+1+1)+(1+1+2+2+6+2+2) -> 127 | BA8: #N/A | BB8: #N/A | BC8: #N/A | BD8: #N/A | BE8: #N/A | BF8: #N/A | BG8: #N/A | BH8: #N/A | BI8: #N/A | BJ8: =AVERAGE(B8:K8) -> 91.1 | BK8: =AVERAGE(C8:L8) -> 82.6 | BL8: =AVERAGE(D8:M8) -> 84.5 | BM8: =AVERAGE(E8:N8) -> 88.5 | BN8: =AVERAGE(F8:O8) -> 90.8 | BO8: =AVERAGE(G8:P8) -> 87.1 | BP8: =AVERAGE(H8:Q8) -> 94.8 | BQ8: =AVERAGE(I8:R8) -> 90.6 | ... DD8: =AVERAGE(AV8:BE8) -> #N/A
A9: May | B9: 218 | C9: 75 | D9: 174 | E9: 129 | F9: 313 | G9: 94 | H9: 190 | I9: 266 | J9: 208 | K9: 130 | L9: 165 | M9: 238 | N9: 125 | O9: 52 | P9: 119 | Q9: 225 | R9: 172 | U9: 250 | W9: 154 | Y9: 208 | Z9: 183 | AA9: 176 | AB9: 179 | AC9: 179 | AD9: 300 | AE9: 241 | AF9: 246 | AG9: =52+46+56+41+11 -> 206 | AH9: =32+5+(1+1+2+2+9+2+2+1+7+3+2+3+3+2+2+4+1+1+2+4)+(2+2+2+2+7+1+2+9+2+1+2+4+3+4+8+2+1+2+5+4)+(2+2+2+2+1+3+2) -> 170 | AI9: =(2+1+4+1+3+2+2+3+3+1+3+2+8+1+6)+(4+1+2+12+2+5+2+2+5+1+1+2+3+2+2+2+1+2+3+2)+(3+2+2+1+2+2+2+2+2+3+2+3+1+2+10+1+3)+(2+1+1+2) -> 147 | BA9: #N/A | BB9: #N/A | BC9: #N/A | BD9: #N/A | BE9: #N/A | BF9: #N/A | BG9: #N/A | BH9: #N/A | BI9: #N/A | BJ9: =AVERAGE(B9:K9) -> 179.7 | BK9: =AVERAGE(C9:L9) -> 174.4 | BL9: =AVERAGE(D9:M9) -> 190.7 | BM9: =AVERAGE(E9:N9) -> 185.8 | BN9: =AVERAGE(F9:O9) -> 178.1 | BO9: =AVERAGE(G9:P9) -> 158.7 | BP9: =AVERAGE(H9:Q9) -> 171.8 | BQ9: =AVERAGE(I9:R9) -> 170 | ... DD9: =AVERAGE(AV9:BE9) -> #N/A
A10: June | B10: 165 | C10: 75 | D10: 123 | E10: 124 | F10: 101 | G10: 117 | H10: 146 | I10: 182 | J10: 647 | K10: 86 | L10: 211 | M10: 287 | N10: 252 | O10: 224 | P10: 198 | Q10: 197 | R10: 243 | U10: 264 | W10: 238 | Y10: 239 | Z10: 282 | AA10: 332 | AB10: 328 | AC10: 328 | AD10: 282 | AE10: 313 | AF10: 264 | AG10: =27+47+38+77+39 -> 228 | AH10: =(2+2+1+2+3+8+5+4+3+3+1)+(3+1+2+2+2+1+2+13+3+2+2+3+3+5+2+1+2+6)+(2+3+1+2+2+4+4+4+1+2+4+3+5+1+2+9+3+2+6+2)+(4+1+1+3+9+3+2+1+4+2+2)+(8+10+2+2+13+9+6+1) -> 234 | AI10: =(2)+(1)+(1+2+2+2+2+1+1+1+1+3+1+3+2+2+1+3+2+2+1+4)+(2+1+1+8+1+3+2+2+3+2+3+4+1+10+4+2+1+4+2+1)+(1+4+4+3+1+2+7+4+2+4+2+7+4+2+10+2+4+3)+(5) -> 168 | BA10: #N/A | BB10: #N/A | BC10: #N/A | BD10: #N/A | BE10: #N/A | BF10: #N/A | BG10: #N/A | BH10: #N/A | BI10: #N/A | BJ10: =AVERAGE(B10:K10) -> 176.6 | BK10: =AVERAGE(C10:L10) -> 181.2 | BL10: =AVERAGE(D10:M10) -> 202.4 | BM10: =AVERAGE(E10:N10) -> 215.3 | BN10: =AVERAGE(F10:O10) -> 225.3 | BO10: =AVERAGE(G10:P10) -> 235 | BP10: =AVERAGE(H10:Q10) -> 243 | BQ10: =AVERAGE(I10:R10) -> 252.7 | ... DD10: =AVERAGE(AV10:BE10) -> #N/A
A11: July | B11: 320 | C11: 108 | D11: 269 | E11: 85 | F11: 321 | G11: 231 | H11: 255 | I11: 372 | J11: 322 | K11: 216 | L11: 355 | M11: 404 | N11: 349 | O11: 366 | P11: 272 | Q11: 239 | R11: 351 | U11: 549 | W11: 331 | Y11: 349 | Z11: 295 | AA11: 649 | AB11: 446 | AC11: 446 | AD11: 393 | AE11: 378 | AF11: 408 | AG11: =41+69+58+60+66+24 -> 318 | AH11: =(1+6+3+2+2+6+2+2)+(8+6+12+1+2+3+2+2+2+1+1+1)+(2+5+6+2+4+4+5+7+4+2+2+4+4+4+1+2+1+3+2)+(7+2+5+3+2+2+2+1+7+1+2+5+1+2+4+2+2+2)+(4+2+5+3+4+2+3+4+2+5+3+3+5+2+2+1+4+2)+(3+1+2+2+11+4+5+2+1+1+1+2+1+2+5+3+4)+(4+5+1+2)+2+3+2+2+2 -> 310 | AI11: =(1+2+4+2+2+3+2+3+2+5+2+3+2+2+3+2+2+2+5+2)+(3+4+2+2+2+2+4+1+2+3+1+2+1+2+1+1+2+2)+(2+1+4+2+1+1+3+6+2+1+3+2+1+2+2+2+1+3+2)+(2+2+4+4+6+2+4+1+2+2+2+6+1+1+2+4+4)+(4+5+5+3+3+2+3+2+4+5+1+1+2+1+4+3+2+1+5+4)+(2+2+2+4+7+2+1+1+2+17+2+3+2)+(2)+(2+3+3+1)+(2+1) -> 299 | BA11: #N/A | BB11: #N/A | BC11: #N/A | BD11: #N/A | BE11: #N/A | BF11: #N/A | BG11: #N/A | BH11: #N/A | BI11: #N/A | BJ11: =AVERAGE(B11:K11) -> 249.9 | BK11: =AVERAGE(C11:L11) -> 253.4 | BL11: =AVERAGE(D11:M11) -> 283 | BM11: =AVERAGE(E11:N11) -> 291 | BN11: =AVERAGE(F11:O11) -> 319.1 | BO11: =AVERAGE(G11:P11) -> 314.2 | BP11: =AVERAGE(H11:Q11) -> 315 | BQ11: =AVERAGE(I11:R11) -> 324.6 | ... DD11: =AVERAGE(AV11:BE11) -> #N/A
A12: August | B12: 216 | C12: 182 | D12: 217 | E12: 163 | F12: 219 | G12: 359 | H12: 211 | I12: 375 | J12: 328 | K12: 354 | L12: 346 | M12: 379 | N12: 377 | O12: 289 | P12: 236 | Q12: 380 | R12: 351 | U12: 274 | W12: 335 | Y12: 277 | Z12: 342 | AA12: 553 | AB12: 452 | AC12: 452 | AD12: 521 | AE12: 387 | AF12: 290 | AG12: =30+45+46+47+55+40+40+17 -> 320 | AH12: =(1+2+7+2+5+2+2+3+4+5+5+3+2)+(3+2+3+4+7+2+2+3+2+3+2+2+5+2+2+1)+(3+1+1+9+3+4+5+12+2+7+5+7+2+2+2+2)+(2+4+4+2+2+2+2+2+2+3+1+4+3+2+2+4+2+4+1+2)+(4+6+1+9+2+2+5+2+12+2+1+4+1+2+1+6+2+1)+(1+2+2+4+2)+(1) -> 280 | AI12: =(3)+(2+2+2+2+7+1)+(2+2+2+5+2+2+1+3+4+3+4+3+1+8+2+1)+(3+6+2+4+1+2+2+2+1+2+4+2+3+1+4+2+3+2+2)+(4+1+9+2+9+2+4+1+2+6+2+2+1+3+3+2+2+4+1)+(5+1+2+2+3+1+9+1+2+8+1+2+2+2+3+6+2+3)+(3+3+2+2+2+3+3+1+1+2+4+2+2+1+4+4+2+1)+(4+1+6+6+2+4+2+2+4+2)+(1) -> 303 | BA12: #N/A | BB12: #N/A | BC12: #N/A | BD12: #N/A | BE12: #N/A | BF12: #N/A | BG12: #N/A | BH12: #N/A | BI12: #N/A | BJ12: =AVERAGE(B12:K12) -> 262.4 | BK12: =AVERAGE(C12:L12) -> 275.4 | BL12: =AVERAGE(D12:M12) -> 295.1 | BM12: =AVERAGE(E12:N12) -> 311.1 | BN12: =AVERAGE(F12:O12) -> 323.7 | BO12: =AVERAGE(G12:P12) -> 325.4 | BP12: =AVERAGE(H12:Q12) -> 327.5 | BQ12: =AVERAGE(I12:R12) -> 341.5 | ... DD12: =AVERAGE(AV12:BE12) -> #N/A
A13: September | B13: 118 | C13: 102 | D13: 148 | E13: 113 | F13: 117 | G13: 63 | H13: 124 | I13: 214 | J13: 240 | K13: 210 | L13: 246 | M13: 190 | N13: 91 | O13: 129 | P13: 216 | Q13: 133 | R13: 196 | U13: 123 | W13: 181 | Y13: 177 | Z13: 272 | AA13: 260 | AB13: 299 | AC13: 299 | AD13: 284 | AE13: 444 | AF13: 261 | AG13: =40+40+39+38+19 -> 176 | AH13: =(3+7+1+2+2+1+1+1+3+10+3+2+2+1+1)+(2+2+1+1+2+4+2+2+2+14+4+3+3+2+2+2+3+1)+(2+1+3+2+3+4+2+5+2+3+2+1+1+2+1+5+6+2)+(1+2+4+2+2+3+2+2+1+3+5+2+1+3+6+1+2+2+2+17)+(2+2+2) -> 208 | AI13: =(1+2+4+3+2+2)+(5+2+5+2+6+2+1+2+2+3+2+1+2+2+1+4+1+1+5)+(2+2+1+4+2+2+3+2+3+1+2+4+1+2+2+2+2+2+6)+(5+1+1+2+2+1+2+2+1+1+1+1+2+2+2+4+2+2)+(2+3+4+6+3+1+2+2+2+2+1+2+2+2+1+4+1+2+1)+(2+2+6+2+2+3+4+5+2+3+2+3+2+2+2+1+1) -> 229 | BA13: #N/A | BB13: #N/A | BC13: #N/A | BD13: #N/A | BE13: #N/A | BF13: #N/A | BG13: #N/A | BH13: #N/A | BI13: #N/A | BJ13: =AVERAGE(B13:K13) -> 144.9 | BK13: =AVERAGE(C13:L13) -> 157.7 | BL13: =AVERAGE(D13:M13) -> 166.5 | BM13: =AVERAGE(E13:N13) -> 160.8 | BN13: =AVERAGE(F13:O13) -> 162.4 | BO13: =AVERAGE(G13:P13) -> 172.3 | BP13: =AVERAGE(H13:Q13) -> 179.3 | BQ13: =AVERAGE(I13:R13) -> 186.5 | ... DD13: =AVERAGE(AV13:BE13) -> #N/A
A14: October | B14: 83 | C14: 90 | D14: 95 | E14: 93 | F14: 54 | G14: 143 | H14: 122 | I14: 215 | J14: 143 | K14: 130 | L14: 99 | M14: 100 | N14: 153 | O14: 182 | P14: 122 | Q14: 124 | R14: 91 | U14: 61 | W14: 124 | Y14: 186 | Z14: 196 | AA14: 274 | AB14: 261 | AC14: 82 | AD14: 242 | AE14: 241 | AF14: 226 | AG14: =25+54+49+55+20 -> 203 | AH14: =(2+2+1+1+2+1+2+1+2+4+2+2+4+2+2+2+2)+(4+2+2+2+2+2+5+4+2+2+1+1+1+2+2+2+2+2+2+2)+(2+3+4+1+2+2+2+4+2+2+2+2+1+1+3+2+1)+(2+1+1+2+1+1+2+2+2+1+3+2+2+2+3+3+2+1) -> 147 | AI14: =(2+2+2+2+2+4+2+1) -> 17 | BA14: #N/A | BB14: #N/A | BC14: #N/A | BD14: #N/A | BE14: #N/A | BF14: #N/A | BG14: #N/A | BH14: #N/A | BI14: #N/A | BJ14: =AVERAGE(B14:K14) -> 116.8 | BK14: =AVERAGE(C14:L14) -> 118.4 | BL14: =AVERAGE(D14:M14) -> 119.4 | BM14: =AVERAGE(E14:N14) -> 125.2 | BN14: =AVERAGE(F14:O14) -> 134.1 | BO14: =AVERAGE(G14:P14) -> 140.9 | BP14: =AVERAGE(H14:Q14) -> 139 | BQ14: =AVERAGE(I14:R14) -> 135.9 | ... DD14: =AVERAGE(AV14:BE14) -> #N/A
A15: November | B15: 77 | C15: 67 | D15: 48 | E15: 42 | F15: 22 | G15: 49 | H15: 56 | I15: 86 | J15: 57 | K15: 76 | L15: 54 | M15: 57 | N15: 119 | O15: 49 | P15: 79 | Q15: 91 | R15: 24 | U15: 0 | W15: 63 | Y15: 49 | Z15: 77 | AA15: 168 | AB15: 118 | AC15: 23 | AD15: 61 | AE15: 170 | AF15: 106 | AG15: =16+24 -> 40 | AH15: =(2+4)+(4+2+2+2+2+1+2+2+1+4+2+2+2+5+3+2+1+2)+(2+1+2+3+4+2+5+1+1+2) -> 70 | BA15: #N/A | BB15: #N/A | BC15: #N/A | BD15: #N/A | BE15: #N/A | BF15: #N/A | BG15: #N/A | BH15: #N/A | BI15: #N/A | BJ15: =AVERAGE(B15:K15) -> 58 | BK15: =AVERAGE(C15:L15) -> 55.7 | BL15: =AVERAGE(D15:M15) -> 54.7 | BM15: =AVERAGE(E15:N15) -> 61.8 | BN15: =AVERAGE(F15:O15) -> 62.5 | BO15: =AVERAGE(G15:P15) -> 68.2 | BP15: =AVERAGE(H15:Q15) -> 72.4 | BQ15: =AVERAGE(I15:R15) -> 69.2 | ... DD15: =AVERAGE(AV15:BE15) -> #N/A
A16: December | B16: 7 | C16: 7 | D16: 7 | E16: 13 | F16: 18 | G16: 10 | H16: 22 | I16: 48 | J16: 34 | K16: 53 | L16: 19 | M16: 14 | N16: 13 | O16: 18 | P16: 10 | Q16: 27 | R16: 8 | U16: 0 | W16: 22 | Y16: 14 | Z16: 37 | AA16: 26 | AB16: 23 | AC16: 39 | AD16: 20 | AE16: 12 | AF16: 62 | AG16: =10+41 -> 51 | AH16: =(2+2+1+1+1+1+3+4)+(5+6+5+2+2+1+3+2+2+2) -> 45 | BA16: #N/A | BB16: #N/A | BC16: #N/A | BD16: #N/A | BE16: #N/A | BF16: #N/A | BG16: #N/A | BH16: #N/A | BI16: #N/A | BJ16: =AVERAGE(B16:K16) -> 21.9 | BK16: =AVERAGE(C16:L16) -> 23.1 | BL16: =AVERAGE(D16:M16) -> 23.8 | BM16: =AVERAGE(E16:N16) -> 24.4 | BN16: =AVERAGE(F16:O16) -> 24.9 | BO16: =AVERAGE(G16:P16) -> 24.1 | BP16: =AVERAGE(H16:Q16) -> 25.8 | BQ16: =AVERAGE(I16:R16) -> 24.4 | ... DD16: =AVERAGE(AV16:BE16) -> #N/A
A18: Yearly Totals | B18: =SUM(B5:B16) -> 1348 | C18: =SUM(C5:C16) -> 823 | D18: =SUM(D5:D16) -> 1170 | E18: =SUM(E5:E16) -> 826 | F18: =SUM(F5:F16) -> 1296 | G18: =SUM(G5:G16) -> 1151 | H18: =SUM(H5:H16) -> 1250 | I18: =SUM(I5:I16) -> 2013 | ... AZ18: =SUM(AZ5:AZ16) -> 0 | BY18: =AVERAGE(Q18:Z18) -> 1012.1 | BZ18: =AVERAGE(R18:AA18) -> 1119.1 | CA18: =AVERAGE(S18:AB18) -> 1189.1 | CB18: =AVERAGE(T18:AC18) -> 1394.9 | CC18: =AVERAGE(U18:AD18) -> 1619.1

Sheet Beaverkill Road to BLM FT
A1: Balsam Lake Mountain Wild Forest
A2: BEAVERKILL (To Fire Tower) | C2: TO FIRE TOWER BLM TH
B3: 1991 | C3: 1992 | D3: 1993 | E3: 1994 | F3: 1995 | G3: 1996 | H3: 1997 | I3: 1998 | J3: 1999 | K3: 2000 | L3: 2001 | M3: 2002 | N3: 2003 | O3: 2004 | P3: 2005 | Q3: 2006 | R3: 2007 | S3: 2008 | T3: 2009 | U3: 2010 | V3: 2011 | W3: 2012 | X3: 2013 | Y3: 2014 | Z3: 2015 | AA3: 2016 | AB3: 2017 | AC3: 2018 | AD3: 2019 | AE3: 2020 | AF3: 2021 | AG3: 2022 | AH3: 2023 | AI3: 2024 | AJ3: 2025 | AK3: 2026 | AL3: 2027 | AM3: 2028 | AN3: 2029 | AO3: 2030 | AP3: 2031 | AQ3: 2032 | AR3: 2033 | AS3: 2034 | AT3: 2035 | AU3: 2036 | AV3: 2037 | AW3: 2038 | AX3: 2039 | AY3: 2040 | AZ3: 2041 | BA3: 10 Year Rolling Averages | BK3: 2001 | BL3: 2002 | BM3: 2003 | BN3: 2004 | BO3: 2005 | BP3: 2006 | BQ3: 2007 | BR3: 2008 | BS3: 2009 | BT3: 2010 | BU3: 2011 | BV3: 2012 | BW3: 2013 | BX3: 2014 | BY3: 2015 | BZ3: 10-YEAR-AVG- 2016 | CA3: 10-YEAR-AVG- 2017 | CB3: 10-YEAR-AVG- 2018 | CC3: 10-YEAR-AVG 2019 | CD3: 10-YEAR-AVG-2020 | CE3: 2021 | CF3: 2022 | CG3: 2023 | CH3: 2024 | CI3: 2025 | CJ3: 2026 | CK3: 2027 | CL3: 2028 | CM3: 2029 | CN3: 2030 | CO3: 2031 | CP3: 2032 | CQ3: 2033 | CR3: 2034 | CS3: 2035 | CT3: 2036 | CU3: 2037 | CV3: 2038 | CW3: 2039 | CX3: 2040 | CY3: 2041 | CZ3: 2042 | DA3: 2043 | DB3: 2044 | DC3: 2045 | DD3: 2046
A5: January | F5: 29 | G5: 4 | H5: 10 | I5: 27 | J5: 7 | K5: 23 | L5: 23 | M5: 10 | N5: 61 | O5: 18 | P5: 10 | Q5: 25 | R5: 38 | U5: 17 | W5: 79 | Y5: 28 | Z5: 41 | AA5: 30 | AB5: 21 | AC5: 26 | AD5: =AVERAGE(AA5:AC5) -> 25.666667 | AE5: 23 | AF5: 119 | AG5: =38+28 -> 66 | AH5: =32+27 -> 59 | AI5: =(2+2+1+2+2+1+2+2+1+1+2+2+2+2+2+1+1+3)+(2) -> 33 | BB5: #N/A | BC5: #N/A | BD5: #N/A | BE5: #N/A | BF5: #N/A | BG5: #N/A | BH5: #N/A | BI5: #N/A | BJ5: =AVERAGE(B5:K5) -> 16.666667 | BK5: =AVERAGE(C5:L5) -> 17.571429 | BL5: =AVERAGE(D5:M5) -> 16.625 | BM5: =AVERAGE(E5:N5) -> 21.555556 | BN5: =AVERAGE(F5:O5) -> 21.2 | BO5: =AVERAGE(G5:P5) -> 19.3 | BP5: =AVERAGE(H5:Q5) -> 21.4 | BQ5: =AVERAGE(I5:R5) -> 24.2 | ... DD5: =AVERAGE(AV5:BE5) -> #N/A
A6: February | F6: 5 | G6: 16 | H6: 10 | I6: 41 | J6: 39 | K6: 20 | L6: 11 | M6: 30 | N6: 14 | O6: 40 | P6: 20 | Q6: 27 | R6: 44 | U6: 33 | W6: 184 | Y6: 42 | Z6: 7 | AA6: 39 | AB6: 30 | AC6: 34 | AD6: =AVERAGE(AA6:AC6) -> 34.333333 | AE6: 30 | AF6: 73 | AG6: =10+44+12 -> 66 | AH6: =4+49+18 -> 71 | AI6: =(4+2+2+3+2+2+2+2+2+4+3+1+1+1+2+1+2+2)+(6+2+2+2+3+2+2+3+1+2+2+2+2+2+1+2+2+1+2+1)+(1) -> 81 | BA6: #N/A | BB6: #N/A | BC6: #N/A | BD6: #N/A | BE6: #N/A | BF6: #N/A | BG6: #N/A | BH6: #N/A | BI6: #N/A | BJ6: =AVERAGE(B6:K6) -> 21.833333 | BK6: =AVERAGE(C6:L6) -> 20.285714 | BL6: =AVERAGE(D6:M6) -> 21.5 | BM6: =AVERAGE(E6:N6) -> 20.666667 | BN6: =AVERAGE(F6:O6) -> 22.6 | BO6: =AVERAGE(G6:P6) -> 24.1 | BP6: =AVERAGE(H6:Q6) -> 25.2 | BQ6: =AVERAGE(I6:R6) -> 28.6 | ... DD6: =AVERAGE(AV6:BE6) -> #N/A
A7: March | F7: 16 | G7: 10 | H7: 14 | I7: 34 | J7: 22 | K7: 33 | L7: 25 | M7: 14 | N7: 31 | O7: 29 | P7: 11 | Q7: 21 | R7: 20 | U7: 20 | W7: 111 | Y7: 31 | Z7: 23 | AA7: 67 | AB7: 8 | AC7: 22 | AD7: =AVERAGE(AA7:AC7) -> 32.333333 | AE7: 80 | AF7: 105 | AG7: =24+20 -> 44 | AH7: =11+14 -> 25 | AI7: =(2)+(2+2+3+1+1+1+1+2+1+2+3+1+4+1+1+2+3+3+1)+(2+5+1+2+2+2+2+2+2+1+2+3+2+2+2+2+4+2)+(2+2+1) -> 82 | BA7: #N/A | BB7: #N/A | BC7: #N/A | BD7: #N/A | BE7: #N/A | BF7: #N/A | BG7: #N/A | BH7: #N/A | BI7: #N/A | BJ7: =AVERAGE(B7:K7) -> 21.5 | BK7: =AVERAGE(C7:L7) -> 22 | BL7: =AVERAGE(D7:M7) -> 21 | BM7: =AVERAGE(E7:N7) -> 22.111111 | BN7: =AVERAGE(F7:O7) -> 22.8 | BO7: =AVERAGE(G7:P7) -> 22.3 | BP7: =AVERAGE(H7:Q7) -> 23.4 | BQ7: =AVERAGE(I7:R7) -> 24 | ... DD7: =AVERAGE(AV7:BE7) -> #N/A
A8: April | F8: 48 | G8: 21 | H8: 35 | I8: 51 | J8: 24 | K8: 34 | L8: 23 | M8: 57 | N8: 52 | O8: 47 | P8: 52 | Q8: 91 | R8: 49 | U8: 71 | W8: 114 | Y8: 55 | Z8: 77 | AA8: 152 | AB8: 81 | AC8: 47 | AD8: 69 | AE8: 72 | AF8: 152 | AG8: =24+41+35+31+2 -> 133 | AH8: =26+46+29+7 -> 108 | AI8: =(1+3+1+2+2+2+9+1+1+2+1+1+1+1+1+3)+(1+3+2+12+1+1+1+2+2+6+1+1+1+2+2+2+1+3+2)+(3+1+3+2+1+6+2+9+2+2+1) -> 110 | BA8: #N/A | BB8: #N/A | BC8: #N/A | BD8: #N/A | BE8: #N/A | BF8: #N/A | BG8: #N/A | BH8: #N/A | BI8: #N/A | BJ8: =AVERAGE(B8:K8) -> 35.5 | BK8: =AVERAGE(C8:L8) -> 33.714286 | BL8: =AVERAGE(D8:M8) -> 36.625 | BM8: =AVERAGE(E8:N8) -> 38.333333 | BN8: =AVERAGE(F8:O8) -> 39.2 | BO8: =AVERAGE(G8:P8) -> 39.6 | BP8: =AVERAGE(H8:Q8) -> 46.6 | BQ8: =AVERAGE(I8:R8) -> 48 | ... DD8: =AVERAGE(AV8:BE8) -> #N/A
A9: May | F9: 59 | G9: 79 | H9: 86 | I9: 121 | J9: 117 | K9: 110 | L9: 151 | M9: 83 | N9: 142 | O9: 47 | P9: 90 | Q9: 132 | R9: 58 | U9: 72 | W9: 170 | Y9: 108 | Z9: 151 | AA9: 175 | AB9: 147 | AC9: 135 | AD9: 127 | AE9: 136 | AF9: 171 | AG9: =34+61+47+32+38+5 -> 217 | AH9: =6+17+(1+1+2+1+1+2+1+1+2+3+2+2+3+2+1+1+3+3+1+1)+(1+2+1+2+2+2+2+4+2+2+1+2+2+5+1+1+2+2+2+2)+(2+3+1+2+1+6+2+2+7+2+2+4+1+2+2+3+1)+(1+2+1+2+2+2+2+2+2+2+2+2+2+2+2+1+3+2+2+4)+(1+2+5+2+2+2+1+2+1+2+1) -> 201 | AI9: =(4)+(2+6+1+1+2)+(1+3+2+2+3+2+3+1+2+4+4+2+2+3+1+3+1+2+1+1)+(2+2+4+1+3+1+1+1+2+2+2+2+2+2+2+2+1+2+1)+(2+1+1+1+2+2+1+5+1+1+2+2+4+4+2+5+1+2+3)+(2+1+3+2+4+1+2+2+2+1+5+1+3+1+2+1+1+2+2+4)+(1+4+1+1+2+2) -> 189 | BA9: #N/A | BB9: #N/A | BC9: #N/A | BD9: #N/A | BE9: #N/A | BF9: #N/A | BG9: #N/A | BH9: #N/A | BI9: #N/A | BJ9: =AVERAGE(B9:K9) -> 95.333333 | BK9: =AVERAGE(C9:L9) -> 103.28571 | BL9: =AVERAGE(D9:M9) -> 100.75 | BM9: =AVERAGE(E9:N9) -> 105.33333 | BN9: =AVERAGE(F9:O9) -> 99.5 | BO9: =AVERAGE(G9:P9) -> 102.6 | BP9: =AVERAGE(H9:Q9) -> 107.9 | BQ9: =AVERAGE(I9:R9) -> 105.1 | ... DD9: =AVERAGE(AV9:BE9) -> #N/A
A10: June | F10: 69 | G10: 61 | H10: 95 | I10: 123 | J10: 79 | K10: 93 | L10: 119 | M10: 123 | N10: 95 | O10: 121 | P10: 82 | Q10: 98 | R10: 130 | U10: 142 | W10: 159 | Y10: 114 | Z10: 78 | AA10: 339 | AB10: 96 | AC10: 185 | AD10: 195 | AE10: 163 | AF10: 187 | AG10: =34+39+43+52+29 -> 197 | AH10: =(2+3)+(2+4+2+2+13+2+1+1+2)+(3+2+1+2+3+3+1+2+2+2+2+2+1+1+15)+(1+4+2+2+2+2+1+1+5+2+2+1+2+4+13+1+1+10+1+1)+(4+2+3+1+3+3+3+1+3+3+2+1+2+4+6+2+6+2+2+2)+(2+1+4+2+1+3+1+1+1+2+1+2+2+2+1+4+1+2+2)+(2+6+2+1+1+2) -> 238 | AI10: =(4+2+1+5+6+2+2+1+4+6+2+2+2)+(2+1+1+2+1+1+1+1+2+3+2+6+2+2+1+1+4+3)+(2+1+1+2+2+6+3+2+1+3+2+2+2+2+2+2+3+1+4+2)+(2+1+2+1+4+1+1+2+2+2+1+2+1+3+2+3+4+4+1)+(1+1+2+4+3+4+2+1+2+1+4+1+3+2) -> 190 | BA10: #N/A | BB10: #N/A | BC10: #N/A | BD10: #N/A | BE10: #N/A | BF10: #N/A | BG10: #N/A | BH10: #N/A | BI10: #N/A | BJ10: =AVERAGE(B10:K10) -> 86.666667 | BK10: =AVERAGE(C10:L10) -> 91.285714 | BL10: =AVERAGE(D10:M10) -> 95.25 | BM10: =AVERAGE(E10:N10) -> 95.222222 | BN10: =AVERAGE(F10:O10) -> 97.8 | BO10: =AVERAGE(G10:P10) -> 99.1 | BP10: =AVERAGE(H10:Q10) -> 102.8 | BQ10: =AVERAGE(I10:R10) -> 106.3 | ... DD10: =AVERAGE(AV10:BE10) -> #N/A
A11: July | E11: 173 | F11: 196 | G11: 112 | H11: 169 | I11: 170 | J11: 99 | K11: 160 | L11: 209 | M11: 223 | N11: 214 | O11: 189 | P11: 210 | Q11: 131 | R11: 212 | U11: 173 | W11: 180 | Y11: 196 | Z11: 187 | AA11: 219 | AB11: 307 | AC11: 237 | AD11: 312 | AE11: 329 | AF11: 275 | AG11: =44+61+42+55+60+49 -> 311 | AH11: =(2+5+2+2+4+1+1+2+2+4+2+2+3)+(2+1+1+2+1+1+7+2+3+3+1+1+2+4+2+5+4+3)+(1+2+2+1+1+2+1+2+1+1+3+2+1+2+2+2+2+2)+(1+1+2+8+1+1+1+1+1+1+9+2+1+3+2+2+2+2+4+1)+(1+2+1+2+1+3+2+1+1+2+1+3+4+4+1+1+2+1+2+2)+(1+1+1+1+2+3+4+2+1+1) -> 207 | AI11: =(1+2+2+1+2+2)+(1+2+4+2+2+2+4+1+2+6+1+2+1+1+2+4+3+2+2)+(3+2+2+2+1+3+1+8+1+1+8+3+5+8+2+2+4+1+8+4)+(1+1+5+2+3+2+1+2+2+1+2+2+2+3+5+1+3+2+2)+(2+4+2+2+2+2+2+2+2+2+1+2+1+2) -> 193 | BA11: #N/A | BB11: #N/A | BC11: #N/A | BD11: #N/A | BE11: #N/A | BF11: #N/A | BG11: #N/A | BH11: #N/A | BI11: #N/A | BJ11: =AVERAGE(B11:K11) -> 154.14286 | BK11: =AVERAGE(C11:L11) -> 161 | BL11: =AVERAGE(D11:M11) -> 167.88889 | BM11: =AVERAGE(E11:N11) -> 172.5 | BN11: =AVERAGE(F11:O11) -> 174.1 | BO11: =AVERAGE(G11:P11) -> 175.5 | BP11: =AVERAGE(H11:Q11) -> 177.4 | BQ11: =AVERAGE(I11:R11) -> 181.7 | ... DD11: =AVERAGE(AV11:BE11) -> #N/A
A12: August | E12: 143 | F12: 157 | G12: 123 | H12: 179 | I12: 157 | J12: 174 | K12: 190 | L12: 137 | M12: 110 | N12: 155 | O12: 147 | P12: 139 | Q12: 147 | R12: 191 | U12: 342 | W12: 172 | Y12: 252 | Z12: 266 | AA12: 187 | AB12: 257 | AC12: 189 | AD12: 465 | AE12: 318 | AF12: 146 | AG12: =10+25+51+50+31+59+17+6 -> 249 | AH12: =(2+2+1+2+2+3+3+1+1)+(4+1+1+3+2+2+2+2+1+2+2+2+2+1+1)+(2+4+4+1+4+2+4+1+5+2+2+4+5+2+2+2+2+2+2+2)+(7+2+1+4+3+1+1+1+1+3+2+2+1+2+1+4+2+2)+(4+2+3+1+1+1+2+2+1+3+2+3+2+12+4+4+2+1+4+1)+(2+1+2+4+1+6+6+1+2+2+5+2+2+2+1+2+1)+(2+17+1+7+2+1+2+1+3+2+2+1+1+2+2+3) -> 285 | AI12: =(1+2)+(7+2+2+2+1+2+3+2+7+5+3+2+5+4)+(2+3+1+4+2+2+2+2+1+2+2+2+5+2+3+2)+(4+2+4+3+3+9+1+1+3+3+2+1+1+1+1+1+1+1+2)+(1+1+2+2+2+3+2+9+1+1+1+2+1+1+2+2+4+4)+(2+1+2+2+1+2+2+2+2+6+2) -> 196 | BA12: #N/A | BB12: #N/A | BC12: #N/A | BD12: #N/A | BE12: #N/A | BF12: #N/A | BG12: #N/A | BH12: #N/A | BI12: #N/A | BJ12: =AVERAGE(B12:K12) -> 160.42857 | BK12: =AVERAGE(C12:L12) -> 157.5 | BL12: =AVERAGE(D12:M12) -> 152.22222 | BM12: =AVERAGE(E12:N12) -> 152.5 | BN12: =AVERAGE(F12:O12) -> 152.9 | BO12: =AVERAGE(G12:P12) -> 151.1 | BP12: =AVERAGE(H12:Q12) -> 153.5 | BQ12: =AVERAGE(I12:R12) -> 154.7 | ... DD12: =AVERAGE(AV12:BE12) -> #N/A
A13: September | E13: 181 | F13: 133 | G13: 61 | H13: 76 | I13: 121 | J13: 156 | K13: 74 | L13: 93 | M13: 120 | N13: 77 | O13: 173 | P13: 161 | Q13: 97 | R13: 144 | U13: 182 | W13: 119 | Y13: 133 | Z13: 144 | AA13: 166 | AB13: 167 | AC13: 225 | AD13: 284 | AE13: 331 | AF13: 219 | AG13: =24+49+49+30+48+13+31 -> 244 | AH13: =(1+2)+(2+3+1+1+2+2+2+2+2+2+8+2+4+1+2+6+2)+(1+3+4+1+1+3+2+1+1+1+2+2+2+1+2+5+2+2+3+2)+(1+3+2+2+2+2+2+1+2+1+2+2+3+3+1+3+2+1+3+1) -> 127 | AI13: =(2+2+3+5+3+5+2+1+2)+(2+2+1+2+4+1+1+2+1+2+2+5+2+1+1+5+2+2+2+2)+(1+1+4+2+3+1+2+1+3+1+2+3+2+2+2+2+4+1+5)+(2+2+1+1+2+3+2+2+2+2+2+3+2+2+2+2+3+1+2)+(1+2+1+2+3+3+2+2+2+1+2+1+3+2+4+2+1+2+1+2)+(4+1+10+1+1) -> 203 | BA13: #N/A | BB13: #N/A | BC13: #N/A | BD13: #N/A | BE13: #N/A | BF13: #N/A | BG13: #N/A | BH13: #N/A | BI13: #N/A | BJ13: =AVERAGE(B13:K13) -> 114.57143 | BK13: =AVERAGE(C13:L13) -> 111.875 | BL13: =AVERAGE(D13:M13) -> 112.77778 | BM13: =AVERAGE(E13:N13) -> 109.2 | BN13: =AVERAGE(F13:O13) -> 108.4 | BO13: =AVERAGE(G13:P13) -> 111.2 | BP13: =AVERAGE(H13:Q13) -> 114.8 | BQ13: =AVERAGE(I13:R13) -> 121.6 | ... DD13: =AVERAGE(AV13:BE13) -> #N/A
A14: October | E14: 122 | F14: 56 | G14: 77 | H14: 146 | I14: 131 | J14: 99 | K14: 138 | L14: 156 | M14: 76 | N14: 136 | O14: 141 | P14: 84 | Q14: 154 | R14: 131 | U14: 278 | W14: 170 | Y14: 141 | Z14: 196 | AA14: 247 | AB14: 128 | AC14: 140 | AD14: 369 | AE14: 342 | AF14: 303 | AG14: =21+35+50+49+43+43+29+6+4 -> 280 | AH14: =(11+2+2+2+2+2+2+2+2+1+4+2+2+1+2+1+1+1+2+1)+(2+5+4+3+2+1+3+2+4+2+4+3+9+2+4+2+2+1+2+2)+(1+2+2+1+2+2+1+2+2+2+3+2+2+5+1+5+4+8+2+4)+(1+1+2+6+4+1+1+2+1+2+2+2+1+2+2)+(2+2+2+1+2+5+2+2+1+2+4+4+2+1+2+1+1+1+2)+(2+1+2+2+2+3+2+2+3+1+2) -> 248 | AI14: =(2+1+2+1+2+2+1+1) -> 12 | BA14: #N/A | BB14: #N/A | BC14: #N/A | BD14: #N/A | BE14: #N/A | BF14: #N/A | BG14: #N/A | BH14: #N/A | BI14: #N/A | BJ14: =AVERAGE(B14:K14) -> 109.85714 | BK14: =AVERAGE(C14:L14) -> 115.625 | BL14: =AVERAGE(D14:M14) -> 111.22222 | BM14: =AVERAGE(E14:N14) -> 113.7 | BN14: =AVERAGE(F14:O14) -> 115.6 | BO14: =AVERAGE(G14:P14) -> 118.4 | BP14: =AVERAGE(H14:Q14) -> 126.1 | BQ14: =AVERAGE(I14:R14) -> 124.6 | ... DD14: =AVERAGE(AV14:BE14) -> #N/A
A15: November | E15: 21 | F15: 34 | G15: 37 | H15: 33 | I15: 79 | J15: 105 | K15: 42 | L15: 31 | M15: 41 | N15: 63 | O15: 66 | P15: 76 | Q15: 67 | R15: 43 | U15: 48 | W15: 102 | Y15: 64 | Z15: 89 | AA15: 76 | AB15: 69 | AC15: 54 | AD15: 148 | AE15: 67 | AF15: 135 | AG15: =28+40+8+8+2 -> 86 | AH15: =(2+2+2+2+3+3+3+2)+(4+2+3+2+3+1+1+1+2+2+2+1+3+3+1+1+2+5+4+5)+(1+3+1+1+4+1+2+2+1+7+1+3+1+2+2+3+2+1)+(2+1+3+2+1+2+1+2+2+2+2+2+4+1+2+1) -> 135 | BA15: #N/A | BB15: #N/A | BC15: #N/A | BD15: #N/A | BE15: #N/A | BF15: #N/A | BG15: #N/A | BH15: #N/A | BI15: #N/A | BJ15: =AVERAGE(B15:K15) -> 50.142857 | BK15: =AVERAGE(C15:L15) -> 47.75 | BL15: =AVERAGE(D15:M15) -> 47 | BM15: =AVERAGE(E15:N15) -> 48.6 | BN15: =AVERAGE(F15:O15) -> 53.1 | BO15: =AVERAGE(G15:P15) -> 57.3 | BP15: =AVERAGE(H15:Q15) -> 60.3 | BQ15: =AVERAGE(I15:R15) -> 61.3 | ... DD15: =AVERAGE(AV15:BE15) -> #N/A
A16: December | E16: 31 | F16: 28 | G16: 16 | H16: 18 | I16: 21 | J16: 25 | K16: 27 | L16: 25 | M16: 8 | N16: 19 | O16: 42 | P16: 19 | Q16: 31 | R16: 28 | U16: 20 | W16: 81 | Y16: 29 | Z16: 48 | AA16: 35 | AB16: 15 | AC16: 46 | AD16: 62 | AE16: 69 | AF16: 88 | AG16: =23+40 -> 63 | AH16: =(1+3+2)+(1+1+1+2+1+2+2+1+2+1+3+1+1+1+2+1+2+1+2+2)+(2+4+6+3+1+4+2+2+2+2+5+1+1+1+3+2)+(2+1+2+1+1) -> 84 | BA16: #N/A | BB16: #N/A | BC16: #N/A | BD16: #N/A | BE16: #N/A | BF16: #N/A | BG16: #N/A | BH16: #N/A | BI16: #N/A | BJ16: =AVERAGE(B16:K16) -> 23.714286 | BK16: =AVERAGE(C16:L16) -> 23.875 | BL16: =AVERAGE(D16:M16) -> 22.111111 | BM16: =AVERAGE(E16:N16) -> 21.8 | BN16: =AVERAGE(F16:O16) -> 22.9 | BO16: =AVERAGE(G16:P16) -> 22 | BP16: =AVERAGE(H16:Q16) -> 23.5 | BQ16: =AVERAGE(I16:R16) -> 24.5 | ... DD16: =AVERAGE(AV16:BE16) -> #N/A
A18: Yearly Totals | B18: =SUM(B5:B16) -> 0 | C18: =SUM(C5:C16) -> 0 | D18: =SUM(D5:D16) -> 0 | E18: =SUM(E5:E16) -> 671 | F18: =SUM(F5:F16) -> 830 | G18: =SUM(G5:G16) -> 617 | H18: =SUM(H5:H16) -> 871 | I18: =SUM(I5:I16) -> 1076 | ... AZ18: =SUM(AZ5:AZ16) -> 0 | BX18: =AVERAGE(P18:Y18) -> 729.5 | BY18: =AVERAGE(Q18:Z18) -> 764.8 | BZ18: =AVERAGE(R18:AA18) -> 835.9 | CA18: =AVERAGE(S18:AB18) -> 859.7 | CB18: =AVERAGE(T18:AC18) -> 993.7

Sheet Dry Brook Ridge to Lean-to 
A1: Balsam Lake Mountain Wild Forest
A2: DRY BROOK RIDGE - to Lean-to from Dry Brook Parking Area -Millbrook Road
B3: 1991 | C3: 1992 | D3: 1993 | E3: 1994 | F3: 1995 | G3: 1996 | H3: 1997 | I3: 1998 | J3: 1999 | K3: 2000 | L3: 2001 | M3: 2002 | N3: 2003 | O3: 2004 | P3: 2005 | Q3: 2006 | R3: 2007 | S3: 2008 | T3: 2009 | U3: 2010 | V3: 2011 | W3: 2012 | X3: 2013 | Y3: 2014 | Z3: 2015 | AA3: 2016 | AB3: 2017 | AC3: 2018 | AD3: 2019 | AE3: 2020 | AF3: 2021 | AG3: 2022 | AH3: 2023 | AI3: 2024 | AJ3: 2025 | AK3: 2026 | AL3: 2027 | AM3: 2028 | AN3: 2029 | AO3: 2030 | AP3: 2031 | AQ3: 2032 | AR3: 2033 | AS3: 2034 | AT3: 2035 | AU3: 2036 | AV3: 2037 | AW3: 2038 | AX3: 2039 | AY3: 2040 | AZ3: 2041 | BA3: 10 Year Rolling Averages | BK3: 2001 | BL3: 2002 | BM3: 2003 | BN3: 2004 | BO3: 2005 | BP3: 2006 | BQ3: 2007 | BR3: 2008 | BS3: 2009 | BT3: 2010 | BU3: 2011 | BV3: 2012 | BW3: 2013 | BX3: 2014 | BY3: 2015 | BZ3: 10-YEAR-AVG-2016 | CA3: 10-YEAR-AVG-2017 | CB3: 10-YEAR-AVG-2018 | CC3: 10-YEAR-AVG 2019 | CD3: 10-YEAR-AVG-2020 | CE3: 2021 | CF3: 2022 | CG3: 2023 | CH3: 2024 | CI3: 2025 | CJ3: 2026 | CK3: 2027 | CL3: 2028 | CM3: 2029 | CN3: 2030 | CO3: 2031 | CP3: 2032 | CQ3: 2033 | CR3: 2034 | CS3: 2035 | CT3: 2036 | CU3: 2037 | CV3: 2038 | CW3: 2039 | CX3: 2040 | CY3: 2041 | CZ3: 2042 | DA3: 2043 | DB3: 2044 | DC3: 2045 | DD3: 2046
A5: January | F5: 2 | G5: 1 | H5: 5 | I5: 1 | J5: 11 | K5: 5 | L5: 0 | M5: 1 | N5: 4 | O5: 3 | P5: 4 | Q5: 0 | R5: 2 | U5: 5 | W5: 11 | Y5: 1 | Z5: 4 | AA5: 20 | AB5: 2 | AC5: 34 | AD5: =AVERAGE(AA5:AC5) -> 18.666667 | AE5: =AVERAGE(AB5:AD5) -> 18.222222 | AF5: 15 | AG5: =11 -> 11 | AH5: 15 | AI5: =(1+2+4+2+1+1) -> 11 | BB5: #N/A | BC5: #N/A | BD5: #N/A | BE5: #N/A | BF5: #N/A | BG5: #N/A | BH5: #N/A | BI5: #N/A | BJ5: =AVERAGE(B5:K5) -> 4.1666667 | BK5: =AVERAGE(C5:L5) -> 3.5714286 | BL5: =AVERAGE(D5:M5) -> 3.25 | BM5: =AVERAGE(E5:N5) -> 3.3333333 | BN5: =AVERAGE(F5:O5) -> 3.3 | BO5: =AVERAGE(G5:P5) -> 3.5 | BP5: =AVERAGE(H5:Q5) -> 3.4 | BQ5: =AVERAGE(I5:R5) -> 3.1 | ... DD5: =AVERAGE(AV5:BE5) -> #N/A
A6: February | F6: 13 | G6: 3 | H6: 2 | I6: 6 | J6: 16 | K6: 0 | L6: 4 | M6: 0 | N6: 1 | O6: 5 | P6: 2 | Q6: 16 | R6: 3 | U6: 1 | W6: 8 | Y6: 11 | Z6: 7 | AA6: 30 | AB6: 9 | AC6: 17 | AD6: =AVERAGE(AA6:AC6) -> 18.666667 | AE6: =AVERAGE(AB6:AD6) -> 14.888889 | AF6: 7 | AG6: =16+3 -> 19 | AH6: 11 | AI6: =(2)+(1+4+1+1+1+1+1+8+1+1) -> 22 | BA6: #N/A | BB6: #N/A | BC6: #N/A | BD6: #N/A | BE6: #N/A | BF6: #N/A | BG6: #N/A | BH6: #N/A | BI6: #N/A | BJ6: =AVERAGE(B6:K6) -> 6.6666667 | BK6: =AVERAGE(C6:L6) -> 6.2857143 | BL6: =AVERAGE(D6:M6) -> 5.5 | BM6: =AVERAGE(E6:N6) -> 5 | BN6: =AVERAGE(F6:O6) -> 5 | BO6: =AVERAGE(G6:P6) -> 3.9 | BP6: =AVERAGE(H6:Q6) -> 5.2 | BQ6: =AVERAGE(I6:R6) -> 5.3 | ... DD6: =AVERAGE(AV6:BE6) -> #N/A
A7: March | F7: 5 | G7: 3 | H7: 11 | I7: 8 | J7: 15 | K7: 12 | L7: 9 | M7: 6 | N7: 5 | O7: 3 | P7: 4 | Q7: 1 | R7: 2 | U7: 6 | W7: 11 | X7: 11 | Y7: 8 | Z7: 6 | AA7: 7 | AB7: 0 | AC7: 4 | AD7: =AVERAGE(AA7:AC7) -> 3.6666667 | AE7: =AVERAGE(AB7:AD7) -> 2.5555556 | AF7: 13 | AG7: =12 -> 12 | AH7: 12 | AI7: =(2+1+2+1+2+1+1) -> 10 | BA7: #N/A | BB7: #N/A | BC7: #N/A | BD7: #N/A | BE7: #N/A | BF7: #N/A | BG7: #N/A | BH7: #N/A | BI7: #N/A | BJ7: =AVERAGE(B7:K7) -> 9 | BK7: =AVERAGE(C7:L7) -> 9 | BL7: =AVERAGE(D7:M7) -> 8.625 | BM7: =AVERAGE(E7:N7) -> 8.2222222 | BN7: =AVERAGE(F7:O7) -> 7.7 | BO7: =AVERAGE(G7:P7) -> 7.6 | BP7: =AVERAGE(H7:Q7) -> 7.4 | BQ7: =AVERAGE(I7:R7) -> 6.5 | ... DD7: =AVERAGE(AV7:BE7) -> #N/A
A8: April | F8: 20 | G8: 16 | H8: 7 | I8: 13 | J8: 6 | K8: 5 | L8: 7 | M8: 9 | N8: 5 | O8: 5 | P8: 8 | Q8: 7 | R8: 3 | U8: 4 | W8: 11 | X8: 15 | Y8: 27 | Z8: 11 | AA8: 20 | AB8: 26 | AC8: 22 | AD8: 24 | AE8: =AVERAGE(AB8:AD8) -> 24 | AF8: 43 | AG8: =17 -> 17 | AH8: 10 | AI8: =(2)+(2+1+2+2+4) -> 13 | BA8: #N/A | BB8: #N/A | BC8: #N/A | BD8: #N/A | BE8: #N/A | BF8: #N/A | BG8: #N/A | BH8: #N/A | BI8: #N/A | BJ8: =AVERAGE(B8:K8) -> 11.166667 | BK8: =AVERAGE(C8:L8) -> 10.571429 | BL8: =AVERAGE(D8:M8) -> 10.375 | BM8: =AVERAGE(E8:N8) -> 9.7777778 | BN8: =AVERAGE(F8:O8) -> 9.3 | BO8: =AVERAGE(G8:P8) -> 8.1 | BP8: =AVERAGE(H8:Q8) -> 7.2 | BQ8: =AVERAGE(I8:R8) -> 6.8 | ... DD8: =AVERAGE(AV8:BE8) -> #N/A
A9: May | E9: 33 | F9: 36 | G9: 47 | H9: 56 | I9: 13 | J9: 28 | K9: 23 | L9: 29 | M9: 26 | N9: 13 | O9: 52 | P9: 147 | Q9: 17 | R9: 15 | U9: 14 | W9: 38 | X9: 28 | Y9: 13 | Z9: 39 | AA9: 18 | AB9: 17 | AC9: 30 | AD9: 35 | AE9: =AVERAGE(AB9:AD9) -> 27.333333 | AF9: 25 | AG9: 35 | AH9: =4+(1+2+1+2+2+2+2+1+2+1+1+3+1) -> 25 | AI9: =(1+2+1+10+1+2) -> 17 | BA9: #N/A | BB9: #N/A | BC9: #N/A | BD9: #N/A | BE9: #N/A | BF9: #N/A | BG9: #N/A | BH9: #N/A | BI9: #N/A | BJ9: =AVERAGE(B9:K9) -> 33.714286 | BK9: =AVERAGE(C9:L9) -> 33.125 | BL9: =AVERAGE(D9:M9) -> 32.333333 | BM9: =AVERAGE(E9:N9) -> 30.4 | BN9: =AVERAGE(F9:O9) -> 32.3 | BO9: =AVERAGE(G9:P9) -> 43.4 | BP9: =AVERAGE(H9:Q9) -> 40.4 | BQ9: =AVERAGE(I9:R9) -> 36.3 | ... DD9: =AVERAGE(AV9:BE9) -> #N/A
A10: June | E10: 37 | F10: 22 | G10: 26 | H10: 17 | I10: 34 | J10: 34 | K10: 15 | L10: 24 | M10: 38 | N10: 14 | O10: 6 | P10: 5 | Q10: 6 | R10: 20 | U10: 15 | W10: 32 | X10: 7 | Y10: 16 | Z10: 14 | AA10: 22 | AB10: 24 | AC10: 40 | AD10: 49 | AE10: =AVERAGE(AB10:AD10) -> 37.666667 | AF10: 21 | AG10: 27 | AH10: =(1+1+4+1+2+6+1)+(2+1+2+2+2+2+2+12+1+2+3+2) -> 49 | AI10: =(2+2+1+2+2+3)+(1+2+2+3) -> 20 | BA10: #N/A | BB10: #N/A | BC10: #N/A | BD10: #N/A | BE10: #N/A | BF10: #N/A | BG10: #N/A | BH10: #N/A | BI10: #N/A | BJ10: =AVERAGE(B10:K10) -> 26.428571 | BK10: =AVERAGE(C10:L10) -> 26.125 | BL10: =AVERAGE(D10:M10) -> 27.444444 | BM10: =AVERAGE(E10:N10) -> 26.1 | BN10: =AVERAGE(F10:O10) -> 23 | BO10: =AVERAGE(G10:P10) -> 21.3 | BP10: =AVERAGE(H10:Q10) -> 19.3 | BQ10: =AVERAGE(I10:R10) -> 19.6 | ... DD10: =AVERAGE(AV10:BE10) -> #N/A
A11: July | E11: 58 | F11: 95 | G11: 84 | H11: 49 | I11: 98 | J11: 87 | K11: 94 | L11: 60 | M11: 30 | N11: 43 | O11: 41 | P11: 35 | Q11: 22 | R11: 14 | U11: 18 | W11: 34 | X11: 12 | Y11: 28 | Z11: 21 | AA11: 23 | AB11: 32 | AC11: 36 | AD11: 35 | AE11: =AVERAGE(AB11:AD11) -> 34.333333 | AF11: 60 | AG11: =9+27 -> 36 | AH11: =(7+1+1+1+1+2+2)+(2+3+1+1) -> 22 | AI11: =(2+1+1+2+7+2+2+8+2+1+1+2+2+2+1)+(2+1+2+2+2+1) -> 46 | BA11: #N/A | BB11: #N/A | BC11: #N/A | BD11: #N/A | BE11: #N/A | BF11: #N/A | BG11: #N/A | BH11: #N/A | BI11: #N/A | BJ11: =AVERAGE(B11:K11) -> 80.714286 | BK11: =AVERAGE(C11:L11) -> 78.125 | BL11: =AVERAGE(D11:M11) -> 72.777778 | BM11: =AVERAGE(E11:N11) -> 69.8 | BN11: =AVERAGE(F11:O11) -> 68.1 | BO11: =AVERAGE(G11:P11) -> 62.1 | BP11: =AVERAGE(H11:Q11) -> 55.9 | BQ11: =AVERAGE(I11:R11) -> 52.4 | ... DD11: =AVERAGE(AV11:BE11) -> #N/A
A12: August | E12: 56 | F12: 89 | G12: 71 | H12: 62 | I12: 34 | J12: 14 | K12: 14 | L12: 23 | M12: 34 | N12: 33 | O12: 22 | P12: 27 | Q12: 24 | R12: 33 | U12: 15 | W12: 23 | X12: 44 | Y12: 49 | Z12: 28 | AA12: 37 | AB12: 32 | AC12: 42 | AD12: 66 | AE12: =AVERAGE(AB12:AD12) -> 46.666667 | AF12: 21 | AG12: =10+36 -> 46 | AH12: =(1+1+1+1+4+2+1+2+1+4+2+1+1) -> 22 | AI12: =(2+1+1+2+2+2+2+1+3)+(1+2+2+3+2+1+1+2+1+1+1) -> 33 | BA12: #N/A | BB12: #N/A | BC12: #N/A | BD12: #N/A | BE12: #N/A | BF12: #N/A | BG12: #N/A | BH12: #N/A | BI12: #N/A | BJ12: =AVERAGE(B12:K12) -> 48.571429 | BK12: =AVERAGE(C12:L12) -> 45.375 | BL12: =AVERAGE(D12:M12) -> 44.111111 | BM12: =AVERAGE(E12:N12) -> 43 | BN12: =AVERAGE(F12:O12) -> 39.6 | BO12: =AVERAGE(G12:P12) -> 33.4 | BP12: =AVERAGE(H12:Q12) -> 28.7 | BQ12: =AVERAGE(I12:R12) -> 25.8 | ... DD12: =AVERAGE(AV12:BE12) -> #N/A
A13: September | E13: 75 | F13: 88 | G13: 18 | H13: 7 | I13: 34 | J13: 17 | K13: 22 | L13: 28 | M13: 18 | N13: 11 | O13: 13 | P13: 14 | Q13: 12 | R13: 20 | U13: 9 | W13: 38 | X13: 13 | Y13: 24 | Z13: 16 | AA13: 28 | AB13: 21 | AC13: 29 | AD13: 25 | AE13: =AVERAGE(AB13:AD13) -> 25 | AF13: 40 | AG13: =7+12 -> 19 | AH13: =(8+2+2+1+3+2+2+2) -> 22 | AI13: =(1)+(1+2+2+3+1)+(2+2) -> 14 | BA13: #N/A | BB13: #N/A | BC13: #N/A | BD13: #N/A | BE13: #N/A | BF13: #N/A | BG13: #N/A | BH13: #N/A | BI13: #N/A | BJ13: =AVERAGE(B13:K13) -> 37.285714 | BK13: =AVERAGE(C13:L13) -> 36.125 | BL13: =AVERAGE(D13:M13) -> 34.111111 | BM13: =AVERAGE(E13:N13) -> 31.8 | BN13: =AVERAGE(F13:O13) -> 25.6 | BO13: =AVERAGE(G13:P13) -> 18.2 | BP13: =AVERAGE(H13:Q13) -> 17.6 | BQ13: =AVERAGE(I13:R13) -> 18.9 | ... DD13: =AVERAGE(AV13:BE13) -> #N/A
A14: October | E14: 50 | F14: 64 | G14: 18 | H14: 27 | I14: 11 | J14: 12 | K14: 44 | L14: 18 | M14: 39 | N14: 30 | O14: 53 | P14: 45 | Q14: 26 | R14: 11 | U14: 32 | W14: 30 | X14: 14 | Y14: 10 | Z14: 17 | AA14: 32 | AB14: 18 | AC14: 18 | AD14: 50 | AE14: =AVERAGE(AB14:AD14) -> 28.666667 | AF14: 39 | AG14: =20+20 -> 40 | AH14: =1+2+2+1+1+3 -> 10 | BA14: #N/A | BB14: #N/A | BC14: #N/A | BD14: #N/A | BE14: #N/A | BF14: #N/A | BG14: #N/A | BH14: #N/A | BI14: #N/A | BJ14: =AVERAGE(B14:K14) -> 32.285714 | BK14: =AVERAGE(C14:L14) -> 30.5 | BL14: =AVERAGE(D14:M14) -> 31.444444 | BM14: =AVERAGE(E14:N14) -> 31.3 | BN14: =AVERAGE(F14:O14) -> 31.6 | BO14: =AVERAGE(G14:P14) -> 29.7 | BP14: =AVERAGE(H14:Q14) -> 30.5 | BQ14: =AVERAGE(I14:R14) -> 28.9 | ... DD14: =AVERAGE(AV14:BE14) -> #N/A
A15: November | E15: 26 | F15: 18 | G15: 26 | H15: 24 | I15: 16 | J15: 9 | K15: 23 | L15: 23 | M15: 36 | N15: 3 | O15: 15 | P15: 16 | Q15: 9 | R15: 26 | U15: 6 | W15: 17 | X15: 6 | Y15: 19 | Z15: 28 | AA15: 13 | AB15: 13 | AC15: 22 | AD15: 26 | AE15: =AVERAGE(AB15:AD15) -> 20.333333 | AF15: 37 | AG15: =30+7 -> 37 | AH15: =(2+1+4+3)+(2+2+3+3+3+2) -> 25 | BA15: #N/A | BB15: #N/A | BC15: #N/A | BD15: #N/A | BE15: #N/A | BF15: #N/A | BG15: #N/A | BH15: #N/A | BI15: #N/A | BJ15: =AVERAGE(B15:K15) -> 20.285714 | BK15: =AVERAGE(C15:L15) -> 20.625 | BL15: =AVERAGE(D15:M15) -> 22.333333 | BM15: =AVERAGE(E15:N15) -> 20.4 | BN15: =AVERAGE(F15:O15) -> 19.3 | BO15: =AVERAGE(G15:P15) -> 19.1 | BP15: =AVERAGE(H15:Q15) -> 17.4 | BQ15: =AVERAGE(I15:R15) -> 17.6 | ... DD15: =AVERAGE(AV15:BE15) -> #N/A
A16: December | E16: 14 | F16: 5 | G16: 0 | H16: 3 | I16: 3 | J16: 8 | K16: 6 | L16: 5 | M16: 6 | N16: 0 | O16: 18 | P16: 6 | Q16: 13 | R16: 3 | U16: 1 | W16: 7 | X16: 11 | Y16: 21 | Z16: 5 | AA16: 1 | AB16: 15 | AC16: 26 | AD16: 11 | AE16: =AVERAGE(AB16:AD16) -> 17.333333 | AF16: 22 | AG16: 0 | AH16: =1+4+1+1+3+2 -> 12 | BA16: #N/A | BB16: #N/A | BC16: #N/A | BD16: #N/A | BE16: #N/A | BF16: #N/A | BG16: #N/A | BH16: #N/A | BI16: #N/A | BJ16: =AVERAGE(B16:K16) -> 5.5714286 | BK16: =AVERAGE(C16:L16) -> 5.5 | BL16: =AVERAGE(D16:M16) -> 5.5555556 | BM16: =AVERAGE(E16:N16) -> 5 | BN16: =AVERAGE(F16:O16) -> 5.4 | BO16: =AVERAGE(G16:P16) -> 5.5 | BP16: =AVERAGE(H16:Q16) -> 6.8 | BQ16: =AVERAGE(I16:R16) -> 6.8 | ... DD16: =AVERAGE(AV16:BE16) -> #N/A
A18: Yearly Totals | B18: =SUM(B5:B16) -> 0 | C18: =SUM(C5:C16) -> 0 | D18: =SUM(D5:D16) -> 0 | E18: =SUM(E5:E16) -> 349 | F18: =SUM(F5:F16) -> 457 | G18: =SUM(G5:G16) -> 313 | H18: =SUM(H5:H16) -> 270 | I18: =SUM(I5:I16) -> 271 | ... AZ18: =SUM(AZ5:AZ16) -> 0 | BX18: =AVERAGE(P18:Y18) -> 139.2 | BY18: =AVERAGE(Q18:Z18) -> 127.5 | BZ18: =AVERAGE(R18:AA18) -> 137.3 | CA18: =AVERAGE(S18:AB18) -> 143 | CB18: =AVERAGE(T18:AC18) -> 175 | CC18: =AVERAGE(U18:AD18) -> 211.2

Sheet Kelly Hollow
A1: Balsam Lake Mountain Wild Forest
A2: KELLY HOLLOW
B3: 1991 | C3: 1992 | D3: 1993 | E3: 1994 | F3: 1995 | G3: 1996 | H3: 1997 | I3: 1998 | J3: 1999 | K3: 2000 | L3: 2001 | M3: 2002 | N3: 2003 | O3: 2004 | P3: 2005 | Q3: 2006 | R3: 2007 | S3: 2008 | T3: 2009 | U3: 2010 | V3: 2011 | W3: 2012 | X3: 2013 | Y3: 2014 | Z3: 2015 | AA3: 2016 | AB3: 2017 | AC3: 2018 | AD3: 2019 | AE3: 2020 | AF3: 2021 | AG3: 2022 | AH3: 2023 | AI3: 2024 | AJ3: 2025 | AK3: 2026 | AL3: 2027 | AM3: 2028 | AN3: 2029 | AO3: 2030 | AP3: 2031 | AQ3: 2032 | AR3: 2033 | AS3: 2034 | AT3: 2035 | AU3: 2036 | AV3: 2037 | AW3: 2038 | AX3: 2039 | AY3: 2040 | AZ3: 2041 | BA3: 10 Year Rolling Averages | BJ3: 2000 | BK3: 2001 | BL3: 2002 | BM3: 2003 | BN3: 2004 | BO3: 2005 | BP3: 2006 | BQ3: 2007 | BR3: 2008 | BS3: 2009 | BT3: 2010 | BU3: 2011 | BV3: 2012 | BW3: 2013 | BX3: 2014 | BY3: 2015 | BZ3: 10-YEAR-AVG-2016 | CA3: 10-YEAR-AVG-2017 | CB3: 10-YEAR-AVG-2018 | CC3: 10-YEAR-AVG-2019 | CD3: 10-YEAR-AVG-2020 | CE3: 2021 | CF3: 2022 | CG3: 2023 | CH3: 2024 | CI3: 2025 | CJ3: 2026 | CK3: 2027 | CL3: 2028 | CM3: 2029 | CN3: 2030 | CO3: 2031 | CP3: 2032 | CQ3: 2033 | CR3: 2034 | CS3: 2035 | CT3: 2036 | CU3: 2037 | CV3: 2038 | CW3: 2039 | CX3: 2040 | CY3: 2041 | CZ3: 2042 | DA3: 2043 | DB3: 2044 | DC3: 2045 | DD3: 2046
A5: January | B5: 10 | C5: 21 | D5: 14 | E5: 2 | F5: 7 | G5: 0 | H5: 20 | I5: 26 | J5: 20 | K5: 20 | L5: 46 | M5: 25 | N5: 31 | O5: 18 | P5: 10 | Q5: 10 | R5: 16 | U5: 22 | W5: 41 | X5: 23 | Y5: 20 | Z5: 19 | AA5: 65 | AB5: 52 | AC5: 39 | AD5: 51 | AE5: 40 | AF5: 108 | AG5: =49+23 -> 72 | AH5: =54+31 -> 85 | AI5: =10+2+32 -> 44 | BB5: #N/A | BC5: #N/A | BD5: #N/A | BE5: #N/A | BF5: #N/A | BG5: #N/A | BH5: #N/A | BI5: #N/A | BJ5: =AVERAGE(B5:K5) -> 14 | BK5: =AVERAGE(C5:L5) -> 17.6 | BL5: =AVERAGE(D5:M5) -> 18 | BM5: =AVERAGE(E5:N5) -> 19.7 | BN5: =AVERAGE(F5:O5) -> 21.3 | BO5: =AVERAGE(G5:P5) -> 21.6 | BP5: =AVERAGE(H5:Q5) -> 22.6 | BQ5: =AVERAGE(I5:R5) -> 22.2 | ... DD5: =AVERAGE(AV5:BE5) -> #N/A
A6: February | B6: 14 | C6: 13 | D6: 6 | E6: 15 | F6: 7 | G6: 19 | H6: 45 | I6: 8 | J6: 26 | K6: 25 | L6: 19 | M6: 38 | N6: 15 | O6: 35 | P6: 49 | Q6: 16 | R6: 11 | U6: 36 | W6: 61 | X6: 27 | Y6: 9 | Z6: 9 | AA6: 33 | AB6: 36 | AC6: 28 | AD6: 45 | AE6: 31 | AF6: 79 | AG6: =35+58+2 -> 95 | AH6: =10+20+39+45 -> 114 | AI6: =47+23 -> 70 | BA6: #N/A | BB6: #N/A | BC6: #N/A | BD6: #N/A | BE6: #N/A | BF6: #N/A | BG6: #N/A | BH6: #N/A | BI6: #N/A | BJ6: =AVERAGE(B6:K6) -> 17.8 | BK6: =AVERAGE(C6:L6) -> 18.3 | BL6: =AVERAGE(D6:M6) -> 20.8 | BM6: =AVERAGE(E6:N6) -> 21.7 | BN6: =AVERAGE(F6:O6) -> 23.7 | BO6: =AVERAGE(G6:P6) -> 27.9 | BP6: =AVERAGE(H6:Q6) -> 27.6 | BQ6: =AVERAGE(I6:R6) -> 24.2 | ... DD6: =AVERAGE(AV6:BE6) -> #N/A
A7: March | B7: 10 | C7: 3 | D7: 11 | E7: 6 | F7: 17 | G7: 6 | H7: 30 | I7: 13 | J7: 10 | K7: 15 | L7: 28 | M7: 32 | N7: 32 | O7: 19 | P7: 21 | Q7: 23 | R7: 36 | U7: 31 | W7: 39 | X7: 44 | Y7: 10 | Z7: 16 | AA7: 61 | AB7: 7 | AC7: 26 | AD7: 34 | AE7: 121 | AF7: 200 | AG7: =43+39+7 -> 89 | AH7: =44+26+4 -> 74 | AI7: =14+21+(1+3+1+2+2+7+2+2+2+5+1+2+1+1+15+4+2+2+2)+(1+3) -> 96 | BA7: #N/A | BB7: #N/A | BC7: #N/A | BD7: #N/A | BE7: #N/A | BF7: #N/A | BG7: #N/A | BH7: #N/A | BI7: #N/A | BJ7: =AVERAGE(B7:K7) -> 12.1 | BK7: =AVERAGE(C7:L7) -> 13.9 | BL7: =AVERAGE(D7:M7) -> 16.8 | BM7: =AVERAGE(E7:N7) -> 18.9 | BN7: =AVERAGE(F7:O7) -> 20.2 | BO7: =AVERAGE(G7:P7) -> 20.6 | BP7: =AVERAGE(H7:Q7) -> 22.3 | BQ7: =AVERAGE(I7:R7) -> 22.9 | ... DD7: =AVERAGE(AV7:BE7) -> #N/A
A8: April | B8: 7 | C8: 13 | D8: 4 | E8: 19 | F8: 19 | G8: 10 | H8: 40 | I8: 6 | J8: 26 | K8: 35 | L8: 41 | M8: 34 | N8: 40 | O8: 35 | P8: 32 | Q8: 72 | R8: 44 | U8: 66 | W8: 73 | X8: 41 | Y8: 49 | Z8: 58 | AA8: 73 | AB8: 66 | AC8: 43 | AD8: 116 | AE8: 97 | AF8: 229 | AG8: =48+98+60+27 -> 233 | AH8: =16+44+68+11 -> 139 | AI8: =(1+1+1+1+1+3+2+2+1+4+2+2+1+3+1+2)+(1+2+3+1+4+3+2+3+4+2+5+1+4+3+2+1+3+2+5+2)+(1+6+2+2+2+2+2+3+5+4+2+2+1+4+1+2+4+1) -> 127 | BA8: #N/A | BB8: #N/A | BC8: #N/A | BD8: #N/A | BE8: #N/A | BF8: #N/A | BG8: #N/A | BH8: #N/A | BI8: #N/A | BJ8: =AVERAGE(B8:K8) -> 17.9 | BK8: =AVERAGE(C8:L8) -> 21.3 | BL8: =AVERAGE(D8:M8) -> 23.4 | BM8: =AVERAGE(E8:N8) -> 27 | BN8: =AVERAGE(F8:O8) -> 28.6 | BO8: =AVERAGE(G8:P8) -> 29.9 | BP8: =AVERAGE(H8:Q8) -> 36.1 | BQ8: =AVERAGE(I8:R8) -> 36.5 | ... DD8: =AVERAGE(AV8:BE8) -> #N/A
A9: May | B9: 29 | C9: 37 | D9: 34 | E9: 48 | F9: 25 | G9: 19 | H9: 62 | I9: 75 | J9: 12 | K9: 59 | L9: 44 | M9: 71 | N9: 79 | O9: 56 | P9: 51 | Q9: 66 | R9: 92 | U9: 61 | W9: 160 | X9: 122 | Y9: 90 | Z9: 111 | AA9: 86 | AB9: 44 | AC9: 113 | AD9: 136 | AE9: 186 | AF9: 252 | AG9: =15+62+43+35+63+43 -> 261 | AH9: =27+31+41+47+12 -> 158 | AI9: =(2+1)+(4+1+7+6+1+1+2+2+4+2+2+2+2+1+1+6+2+1+1+1)+(2+2+2+2+3+1+1+2+5+2+2+3+2+4+2+2+1+5+4+3)+(2+5+2+2+3+2+2+3+2+2+4+2+5+6+1+4+1+2+4)+(2+2+4+1)+(2+3+1+7+4) -> 182 | BA9: #N/A | BB9: #N/A | BC9: #N/A | BD9: #N/A | BE9: #N/A | BF9: #N/A | BG9: #N/A | BH9: #N/A | BI9: #N/A | BJ9: =AVERAGE(B9:K9) -> 40 | BK9: =AVERAGE(C9:L9) -> 41.5 | BL9: =AVERAGE(D9:M9) -> 44.9 | BM9: =AVERAGE(E9:N9) -> 49.4 | BN9: =AVERAGE(F9:O9) -> 50.2 | BO9: =AVERAGE(G9:P9) -> 52.8 | BP9: =AVERAGE(H9:Q9) -> 57.5 | BQ9: =AVERAGE(I9:R9) -> 60.5 | ... DD9: =AVERAGE(AV9:BE9) -> #N/A
A10: June | B10: 23 | C10: 16 | D10: 10 | E10: 22 | F10: 42 | G10: 41 | H10: 25 | I10: 18 | J10: 4 | K10: 21 | L10: 39 | M10: 42 | N10: 39 | O10: 52 | P10: 60 | Q10: 31 | R10: 82 | U10: 71 | W10: 107 | X10: 77 | Y10: 82 | Z10: 66 | AA10: 101 | AB10: 79 | AC10: 128 | AD10: 118 | AE10: 243 | AF10: 277 | AG10: =13+43+42+40+46+40 -> 224 | AH10: =35+50+51+15 -> 151 | AI10: =(1+2+5+2+1+2+2+2+2+1+2+2+1+2+1+4)+(4+2+1+1+3+4+2+4+1+1+2+1+1+1+4+3+3+2+1)+(4+2+4+1+2+2+3+4+1+2+2+1+1+1+2+2)+(2+1+2+2+7+2+2+1+1+2+3+2+1+2+2+2+2+2+4+5)+(2) -> 156 | BA10: #N/A | BB10: #N/A | BC10: #N/A | BD10: #N/A | BE10: #N/A | BF10: #N/A | BG10: #N/A | BH10: #N/A | BI10: #N/A | BJ10: =AVERAGE(B10:K10) -> 22.2 | BK10: =AVERAGE(C10:L10) -> 23.8 | BL10: =AVERAGE(D10:M10) -> 26.4 | BM10: =AVERAGE(E10:N10) -> 29.3 | BN10: =AVERAGE(F10:O10) -> 32.3 | BO10: =AVERAGE(G10:P10) -> 34.1 | BP10: =AVERAGE(H10:Q10) -> 33.1 | BQ10: =AVERAGE(I10:R10) -> 38.8 | ... DD10: =AVERAGE(AV10:BE10) -> #N/A
A11: July | B11: 14 | C11: 20 | D11: 37 | E11: 30 | F11: 57 | G11: 21 | H11: 55 | I11: 44 | J11: 39 | K11: 70 | L11: 40 | M11: 68 | N11: 45 | O11: 70 | P11: 109 | Q11: 73 | R11: 98 | U11: 143 | W11: 84 | X11: 96 | Y11: 130 | Z11: 84 | AA11: 146 | AB11: 132 | AC11: 131 | AD11: 203 | AE11: 249 | AF11: 273 | AG11: =11+46+57+43+57+56+22+31+52 -> 375 | AH11: =47+45+48+53+65+21 -> 279 | AI11: =(2+1+2+17+1+3+2+3+2+2+4+3+2+1+4+1+1)+(5+4+1+4+4+2+2+1+2+2+1+2+3+1+2+2+2+1+1+2)+(4+1+1+2+6+3+5)+(2+2+3+1+1+1+2+9+5+4+3+2+2+2+4+2+2+2+2+1)+(2+4+6+3+2+2+3+3+2+4+3+2+2+1+2+2)+(2+1) -> 215 | BA11: #N/A | BB11: #N/A | BC11: #N/A | BD11: #N/A | BE11: #N/A | BF11: #N/A | BG11: #N/A | BH11: #N/A | BI11: #N/A | BJ11: =AVERAGE(B11:K11) -> 38.7 | BK11: =AVERAGE(C11:L11) -> 41.3 | BL11: =AVERAGE(D11:M11) -> 46.1 | BM11: =AVERAGE(E11:N11) -> 46.9 | BN11: =AVERAGE(F11:O11) -> 50.9 | BO11: =AVERAGE(G11:P11) -> 56.1 | BP11: =AVERAGE(H11:Q11) -> 61.3 | BQ11: =AVERAGE(I11:R11) -> 65.6 | ... DD11: =AVERAGE(AV11:BE11) -> #N/A
A12: August | B12: 38 | C12: 28 | D12: 26 | E12: 42 | F12: 33 | G12: 54 | H12: 53 | I12: 39 | J12: 63 | K12: 43 | L12: 63 | M12: 73 | N12: 81 | O12: 63 | P12: 78 | Q12: 84 | R12: 87 | U12: 122 | W12: 143 | X12: 131 | Y12: 120 | Z12: 150 | AA12: 110 | AB12: 144 | AC12: 142 | AD12: 166 | AE12: 323 | AF12: 279 | AG12: =29+14+50+31+26+52+59+40+41 -> 342 | AH12: =18+52+48+55+49+53+14 -> 289 | AI12: =(4+2+2+2+2+1+1+4+2+5+2+5+2+7+2+5+8+2)+(4+3+2+1+2+3+1+3+4+3+1+2+2+6+4+2+2+4)+(2+3+3+2+3+6+1+3+2+2+2+1+1+3+2+3+2+1+3)+(2+3+1+6+2+2+3+2+1+4+4+4+2+4+2+2+1+2+1)+(8+2)+(2+1+8+2+4+2+2+2+2+2+2+2+4+3) -> 248 | BA12: #N/A | BB12: #N/A | BC12: #N/A | BD12: #N/A | BE12: #N/A | BF12: #N/A | BG12: #N/A | BH12: #N/A | BI12: #N/A | BJ12: =AVERAGE(B12:K12) -> 41.9 | BK12: =AVERAGE(C12:L12) -> 44.4 | BL12: =AVERAGE(D12:M12) -> 48.9 | BM12: =AVERAGE(E12:N12) -> 54.4 | BN12: =AVERAGE(F12:O12) -> 56.5 | BO12: =AVERAGE(G12:P12) -> 61 | BP12: =AVERAGE(H12:Q12) -> 64 | BQ12: =AVERAGE(I12:R12) -> 67.4 | ... DD12: =AVERAGE(AV12:BE12) -> #N/A
A13: September | B13: 34 | C13: 47 | D13: 19 | E13: 27 | F13: 36 | G13: 48 | H13: 40 | I13: 41 | J13: 44 | K13: 48 | L13: 78 | M13: 52 | N13: 28 | O13: 72 | P13: 68 | Q13: 32 | R13: 65 | U13: 74 | W13: 65 | X13: 48 | Y13: 71 | Z13: 111 | AA13: 114 | AB13: 131 | AC13: 115 | AD13: 119 | AE13: 211 | AF13: 202 | AG13: =66+42+27+56 -> 191 | AH13: =57+37+29+17+11+18 -> 169 | AI13: =(3+3+2)+(4+3+2+2+2+1+5+4+2+3+2+1+1+2+2+2+3+2+1+2)+(3+3+2+3+1+2+1+2+1+2+2+2+1+2+2+2+2+1+2)+(2+3+4+2+1+2+2+2+1+2+2+1+2+4+2+2+1) -> 125 | BA13: #N/A | BB13: #N/A | BC13: #N/A | BD13: #N/A | BE13: #N/A | BF13: #N/A | BG13: #N/A | BH13: #N/A | BI13: #N/A | BJ13: =AVERAGE(B13:K13) -> 38.4 | BK13: =AVERAGE(C13:L13) -> 42.8 | BL13: =AVERAGE(D13:M13) -> 43.3 | BM13: =AVERAGE(E13:N13) -> 44.2 | BN13: =AVERAGE(F13:O13) -> 48.7 | BO13: =AVERAGE(G13:P13) -> 51.9 | BP13: =AVERAGE(H13:Q13) -> 50.3 | BQ13: =AVERAGE(I13:R13) -> 52.8 | ... DD13: =AVERAGE(AV13:BE13) -> #N/A
A14: October | B14: 24 | C14: 36 | D14: 40 | E14: 50 | F14: 40 | G14: 35 | H14: 26 | I14: 48 | J14: 56 | K14: 58 | L14: 23 | M14: 61 | N14: 52 | O14: 32 | P14: 57 | Q14: 76 | R14: 80 | U14: 107 | W14: 68 | X14: 91 | Y14: 58 | Z14: 70 | AA14: 95 | AB14: 116 | AC14: 102 | AD14: 121 | AE14: 243 | AF14: 219 | AG14: =44+54+48+50+60+48+33 -> 337 | AH14: =8+31+36+48+31+11 -> 165 | BA14: #N/A | BB14: #N/A | BC14: #N/A | BD14: #N/A | BE14: #N/A | BF14: #N/A | BG14: #N/A | BH14: #N/A | BI14: #N/A | BJ14: =AVERAGE(B14:K14) -> 41.3 | BK14: =AVERAGE(C14:L14) -> 41.2 | BL14: =AVERAGE(D14:M14) -> 43.7 | BM14: =AVERAGE(E14:N14) -> 44.9 | BN14: =AVERAGE(F14:O14) -> 43.1 | BO14: =AVERAGE(G14:P14) -> 44.8 | BP14: =AVERAGE(H14:Q14) -> 48.9 | BQ14: =AVERAGE(I14:R14) -> 54.3 | ... DD14: =AVERAGE(AV14:BE14) -> #N/A
A15: November | B15: 29 | C15: 35 | D15: 16 | E15: 58 | F15: 34 | G15: 22 | H15: 29 | I15: 37 | J15: 46 | K15: 17 | L15: 47 | M15: 28 | N15: 39 | O15: 36 | P15: 47 | Q15: 40 | R15: 45 | U15: 146 | W15: 41 | X15: 23 | Y15: 47 | Z15: 40 | AA15: 53 | AB15: 51 | AC15: 44 | AD15: 89 | AE15: 229 | AF15: 132 | AG15: =18+67+46+49 -> 180 | AH15: =3+63+35+53 -> 154 | BA15: #N/A | BB15: #N/A | BC15: #N/A | BD15: #N/A | BE15: #N/A | BF15: #N/A | BG15: #N/A | BH15: #N/A | BI15: #N/A | BJ15: =AVERAGE(B15:K15) -> 32.3 | BK15: =AVERAGE(C15:L15) -> 34.1 | BL15: =AVERAGE(D15:M15) -> 33.4 | BM15: =AVERAGE(E15:N15) -> 35.7 | BN15: =AVERAGE(F15:O15) -> 33.5 | BO15: =AVERAGE(G15:P15) -> 34.8 | BP15: =AVERAGE(H15:Q15) -> 36.6 | BQ15: =AVERAGE(I15:R15) -> 38.2 | ... DD15: =AVERAGE(AV15:BE15) -> #N/A
A16: December | B16: 10 | C16: 6 | D16: 6 | E16: 8 | F16: 28 | G16: 15 | H16: 3 | I16: 38 | J16: 33 | K16: 12 | L16: 0 | M16: 20 | N16: 30 | O16: 37 | P16: 13 | Q16: 75 | R16: 31 | U16: 37 | W16: 19 | X16: 10 | Y16: 28 | Z16: 26 | AA16: 15 | AB16: 43 | AC16: 63 | AD16: 31 | AE16: 41 | AF16: 130 | AG16: =5+40+45 -> 90 | AH16: =52+56+4 -> 112 | BA16: #N/A | BB16: #N/A | BC16: #N/A | BD16: #N/A | BE16: #N/A | BF16: #N/A | BG16: #N/A | BH16: #N/A | BI16: #N/A | BJ16: =AVERAGE(B16:K16) -> 15.9 | BK16: =AVERAGE(C16:L16) -> 14.9 | BL16: =AVERAGE(D16:M16) -> 16.3 | BM16: =AVERAGE(E16:N16) -> 18.7 | BN16: =AVERAGE(F16:O16) -> 21.6 | BO16: =AVERAGE(G16:P16) -> 20.1 | BP16: =AVERAGE(H16:Q16) -> 26.1 | BQ16: =AVERAGE(I16:R16) -> 28.9 | ... DD16: =AVERAGE(AV16:BE16) -> #N/A
A18: Yearly Totals | B18: =SUM(B5:B16) -> 242 | C18: =SUM(C5:C16) -> 275 | D18: =SUM(D5:D16) -> 223 | E18: =SUM(E5:E16) -> 327 | F18: =SUM(F5:F16) -> 345 | G18: =SUM(G5:G16) -> 290 | H18: =SUM(H5:H16) -> 428 | I18: =SUM(I5:I16) -> 393 | ... AZ18: =SUM(AZ5:AZ16) -> 0 | BX18: =AVERAGE(AK18:AT18) -> 0 | BY18: =AVERAGE(AL18:AU18) -> 0 | BZ18: =AVERAGE(AM18:AV18) -> 0 | CA18: =AVERAGE(AN18:AW18) -> 0 | CB18: =AVERAGE(AO18:AY18) -> 0 | CC18: =AVERAGE(AP18:AZ18) -> 0

Sheet Millbrook to BLM FT
A1: Balsam Lake Mountain Wild Forest
A2: MILLBROOK (Dry Brook Parking Area To Fire Tower - Millbrook Road)
B3: 1991 | C3: 1992 | D3: 1993 | E3: 1994 | F3: 1995 | G3: 1996 | H3: 1997 | I3: 1998 | J3: 1999 | K3: 2000 | L3: 2001 | M3: 2002 | N3: 2003 | O3: 2004 | P3: 2005 | Q3: 2006 | R3: 2007 | S3: 2008 | T3: 2009 | U3: 2010 | V3: 2011 | W3: 2012 | X3: 2013 | Y3: 2014 | Z3: 2015 | AA3: 2016 | AB3: 2017 | AC3: 2018 | AD3: 2019 | AE3: 2020 | AF3: 2021 | AG3: 2022 | AH3: 2023 | AI3: 2024 | AJ3: 2025 | AK3: 2026 | AL3: 2027 | AM3: 2028 | AN3: 2029 | AO3: 2030 | AP3: 2031 | AQ3: 2032 | AR3: 2033 | AS3: 2034 | AT3: 2035 | AU3: 2036 | AV3: 2037 | AW3: 2038 | AX3: 2039 | AY3: 2040 | AZ3: 2041 | BA3: 10 Year Rolling Averages | BK3: 2001 | BL3: 2002 | BM3: 2003 | BN3: 2004 | BO3: 2005 | BP3: 2006 | BQ3: 2007 | BR3: 2008 | BS3: 2009 | BT3: 2010 | BU3: 2011 | BV3: 2012 | BW3: 2013 | BX3: 2014 | BY3: 2015 | BZ3: 10-YEAR-AVG-2016 | CA3: 10-YEAR-AVG-2017 | CB3: 10-YEAR-AVG-2018 | CC3: 10-YEAR-AVG 2019 | CD3: 10-YEAR-AVG-2020 | CE3: 2021 | CF3: 2022 | CG3: 2023 | CH3: 2024 | CI3: 2025 | CJ3: 2026 | CK3: 2027 | CL3: 2028 | CM3: 2029 | CN3: 2030 | CO3: 2031 | CP3: 2032 | CQ3: 2033 | CR3: 2034 | CS3: 2035 | CT3: 2036 | CU3: 2037 | CV3: 2038 | CW3: 2039 | CX3: 2040 | CY3: 2041 | CZ3: 2042 | DA3: 2043 | DB3: 2044 | DC3: 2045 | DD3: 2046
A5: January | B5: 29 | C5: 25 | D5: 29 | E5: 40 | F5: 96 | G5: 34 | H5: 25 | I5: 77 | J5: 50 | K5: 67 | L5: 72 | M5: 75 | N5: 24 | O5: 68 | P5: 38 | Q5: 45 | R5: 66 | U5: 22 | W5: 54 | X5: 58 | Y5: 71 | Z5: 108 | AA5: 197 | AB5: 168 | AC5: 116 | AD5: 101 | AE5: 166 | AF5: 185 | AG5: =35+32+15+42+8 -> 132 | AH5: =29+45+40+32+52+23 -> 221 | AI5: =SUM(5+6+6+2+3+3+1+2+2+3+5+1+4+1+2+2+2+1+1+1+1+1+3+1+22+1+2+7+2+2+1+1+3+1+1+3+1+1+1+1+2+1+2+2+1+4+1) -> 122 | AJ5: =SUM(2+2+5+1+1+2+2+1+2+1+1+3+1+1+1+3+5+2+1+3+1+2+2+2+1+2+1+2+2+1+2+6+2+1+2+2+2+1+2+3+2+1+5+1+2+2+2+2+3+2+2+1+5+1+5+5+2+5+2+2+1+1+1+2+1+2+3+1) -> 143 | BB5: #N/A | BC5: #N/A | BD5: #N/A | BE5: #N/A | BF5: #N/A | BG5: #N/A | BH5: #N/A | BI5: #N/A | BJ5: =AVERAGE(B5:K5) -> 47.2 | BK5: =AVERAGE(C5:L5) -> 51.5 | BL5: =AVERAGE(D5:M5) -> 56.5 | BM5: =AVERAGE(E5:N5) -> 56 | BN5: =AVERAGE(F5:O5) -> 58.8 | BO5: =AVERAGE(G5:P5) -> 53 | BP5: =AVERAGE(H5:Q5) -> 54.1 | BQ5: =AVERAGE(I5:R5) -> 58.2 | ... DD5: =AVERAGE(AV5:BE5) -> #N/A
A6: February | B6: 66 | C6: 23 | D6: 28 | E6: 25 | F6: 50 | G6: 19 | H6: 35 | I6: 83 | J6: 75 | K6: 48 | L6: 75 | M6: 81 | N6: 22 | O6: 60 | P6: 89 | Q6: 61 | R6: 59 | U6: 36 | W6: 63 | X6: 103 | Y6: 119 | Z6: 99 | AA6: 141 | AB6: 169 | AC6: 141 | AD6: 177 | AE6: 160 | AF6: 106 | AG6: =2+41+39+2+33+35+34+6+13 -> 205 | AH6: =18+41+59+48+1 -> 167 | AI6: =SUM(1+1+1+2+1+1+1+2+2+2+1+2+5+1+2+1+2+1+1+1+2+4+2+4+2+2+1+1+1+1+2+1+1+1+2+1+3+2+2+4+4+2+2+1+1+2+1+2+2+2+2+2+8+5+1+1+8+2+2+1+1+1+2+1+1+1+1+4+5+7+4+1+3+1+2+1+2+1+1+1+1+1+1+2+1+1+1+1+1+2+2+2) -> 178 | AJ6: =SUM(1+2+1+2+3+5+1+1+2+2+2+2+2+2+2+1+2+1+3+3+34+2+2+2+2+1+1+12+2+2+2+2+2+1+1+2+2+1+1+2+1+2+2+2+7+2+2+1+2+2) -> 139 | BA6: #N/A | BB6: #N/A | BC6: #N/A | BD6: #N/A | BE6: #N/A | BF6: #N/A | BG6: #N/A | BH6: #N/A | BI6: #N/A | BJ6: =AVERAGE(B6:K6) -> 45.2 | BK6: =AVERAGE(C6:L6) -> 46.1 | BL6: =AVERAGE(D6:M6) -> 51.9 | BM6: =AVERAGE(E6:N6) -> 51.3 | BN6: =AVERAGE(F6:O6) -> 54.8 | BO6: =AVERAGE(G6:P6) -> 58.7 | BP6: =AVERAGE(H6:Q6) -> 62.9 | BQ6: =AVERAGE(I6:R6) -> 65.3 | ... DD6: =AVERAGE(AV6:BE6) -> #N/A
A7: March | B7: 14 | C7: 35 | D7: 12 | E7: 42 | F7: 51 | G7: 55 | H7: 30 | I7: 28 | J7: 59 | K7: 40 | L7: 56 | M7: 54 | N7: 26 | O7: 39 | P7: 54 | Q7: 57 | R7: 65 | U7: 31 | W7: 45 | X7: 112 | Y7: 69 | Z7: 90 | AA7: 192 | AB7: 96 | AC7: 86 | AD7: 69 | AE7: 182 | AF7: 174 | AG7: =25+18+31+36+19 -> 129 | AH7: =30+43+34+32 -> 139 | AI7: =SUM(2+1+1+1+1+1+2+2+2+1+2+2+4+2+1+2+1+3+1+1+12+1+2+1+2+2+1+1+1+1+1+2+1+1+2+5+2+3+1+2+3+2+3+1+1+2+2+2+1+1+6+7+2+2+1+2+1+1+1+1+7+2+2+1+20+3+1+3+2+1+2+2+1+1+1+1+2+3+2+3+9+1+1+1+5+2+2+3+2+2+1+3+2+2) -> 215 | AJ7: =SUM(1+9+4+2+4+1+2+1+1+1+2+2+1+3+1+1+1+4+1+1+1+5+2+1+4+1+1+1+2+1+1+2+2+1+1+1+2+3+2+2+2+2+2+1+2+1+2+2+2+3+2+1+1+4+7+2+1+1+1+2+1+2+2+1+2+3) -> 131 | BA7: #N/A | BB7: #N/A | BC7: #N/A | BD7: #N/A | BE7: #N/A | BF7: #N/A | BG7: #N/A | BH7: #N/A | BI7: #N/A | BJ7: =AVERAGE(B7:K7) -> 36.6 | BK7: =AVERAGE(C7:L7) -> 40.8 | BL7: =AVERAGE(D7:M7) -> 42.7 | BM7: =AVERAGE(E7:N7) -> 44.1 | BN7: =AVERAGE(F7:O7) -> 43.8 | BO7: =AVERAGE(G7:P7) -> 44.1 | BP7: =AVERAGE(H7:Q7) -> 44.3 | BQ7: =AVERAGE(I7:R7) -> 47.8 | ... DD7: =AVERAGE(AV7:BE7) -> #N/A
A8: April | B8: 15 | C8: 56 | D8: 20 | E8: 36 | F8: 85 | G8: 85 | H8: 28 | I8: 80 | J8: 110 | K8: 55 | L8: 34 | M8: 60 | N8: 46 | O8: 121 | P8: 64 | Q8: 106 | R8: 65 | U8: 66 | W8: 72 | X8: 117 | Y8: 87 | Z8: 105 | AA8: 225 | AB8: 246 | AC8: 138 | AD8: 115 | AE8: 150 | AF8: 200 | AG8: =7+22+46+45+40+37+18 -> 215 | AH8: =16+44+23+41 -> 124 | AI8: =SUM(1+1+1+1+2+1+2+2+2+2+1+2+1+1+2+2+12+1+2+1+2+1+1+1+2+3+3+1+3+4+1+1+1+1+6+2+1+2+1+2+1+1+5+1+2+1+7+1+1+3+1+5+1+2+2+1+1+2+5+2+4+3+2+2+1+2+1+1+2+1) -> 143 | AJ8: =SUM(1+1+1+1+1+1+2+4+1+2+2+2+2+1+1+5+1+1+1+2+1+1+2+1+2+1+1+2+2+1+2+2+1+1+7+2+7+2+1+1+4+1+1+1+3+3+2+1+3+1+3+1+2+2+2+2+1+2+1+6+2+3+1+1+2+2+2+4+2+1+2+2+2+3+2+1+3+1+3+2+2+2+3+2+1+1+2+2+1+1) -> 173 | BA8: #N/A | BB8: #N/A | BC8: #N/A | BD8: #N/A | BE8: #N/A | BF8: #N/A | BG8: #N/A | BH8: #N/A | BI8: #N/A | BJ8: =AVERAGE(B8:K8) -> 57 | BK8: =AVERAGE(C8:L8) -> 58.9 | BL8: =AVERAGE(D8:M8) -> 59.3 | BM8: =AVERAGE(E8:N8) -> 61.9 | BN8: =AVERAGE(F8:O8) -> 70.4 | BO8: =AVERAGE(G8:P8) -> 68.3 | BP8: =AVERAGE(H8:Q8) -> 70.4 | BQ8: =AVERAGE(I8:R8) -> 74.1 | ... DD8: =AVERAGE(AV8:BE8) -> #N/A
A9: May | B9: 168 | C9: 87 | D9: 116 | E9: 115 | F9: 119 | G9: 63 | H9: 109 | I9: 161 | J9: 139 | K9: 115 | L9: 130 | M9: 143 | N9: 54 | O9: 115 | P9: 121 | Q9: 123 | R9: 148 | U9: 61 | W9: 126 | X9: 169 | Y9: 133 | Z9: 227 | AA9: 182 | AB9: 185 | AC9: 210 | AD9: 239 | AE9: 205 | AF9: 227 | AG9: =26+35+61+39+37+35+19 -> 252 | AH9: =10+39+7+43+39+34+49+39+13 -> 273 | AI9: =SUM(2+1+1+3+1+1+2+1+2+1+2+2+1+1+1+2+1+1+2+1+2+1+2+2+4+2+6+1+1+2+2+3+3+1+2+1+4+1+3+1+2+2+2+2+2+2+2+2+2+1+3+1+1+3+6+1+2+1+3+2+1+2+2+1+2+3+2+2+2+1+2+2+2+2+2+2+4+2+1+2+1+3+3+2+1+4+2+2+2+6+1+1+2+4+2+1+2+6+2+2+1+4+3+2+4+5+2+2+6+2+4+3+4+2+3+3+2+2+2+2+3+1+2+2+2+2+5+2+1+2+1+2+2+1) -> 289 | AJ9: =SUM(2+2+3+1+4+1+1+4+10+1+1+1+1+1+3+2+4+3+2+2+1+4+3+6+1+1+1+2+1+2+2+1+2+2+2+1+2+2+2+2+1+3+2+2+4+1+1+2+2+2+1+2+2+4+1+2+1+2+2+2+2+1+3+3+2+2+1+1+20+2+2+1+2+4+3+1+1+2+1+1+2+3+6+3+3+3+2+1+1+1+1+2+9+2+1+4+2+1+2+12+1+2+2+2+2+1+1+1+1+1+1+1+1+2+2+1+2+2+2+2+3) -> 277 | BA9: #N/A | BB9: #N/A | BC9: #N/A | BD9: #N/A | BE9: #N/A | BF9: #N/A | BG9: #N/A | BH9: #N/A | BI9: #N/A | BJ9: =AVERAGE(B9:K9) -> 119.2 | BK9: =AVERAGE(C9:L9) -> 115.4 | BL9: =AVERAGE(D9:M9) -> 121 | BM9: =AVERAGE(E9:N9) -> 114.8 | BN9: =AVERAGE(F9:O9) -> 114.8 | BO9: =AVERAGE(G9:P9) -> 115 | BP9: =AVERAGE(H9:Q9) -> 121 | BQ9: =AVERAGE(I9:R9) -> 124.9 | ... DD9: =AVERAGE(AV9:BE9) -> #N/A
A10: June | B10: 81 | C10: 36 | D10: 62 | E10: 43 | F10: 86 | G10: 106 | H10: 126 | I10: 121 | J10: 135 | K10: 155 | L10: 113 | M10: 177 | N10: 166 | O10: 108 | P10: 106 | Q10: 88 | R10: 153 | U10: 71 | W10: 129 | X10: 120 | Y10: 238 | Z10: 176 | AA10: 226 | AB10: 291 | AC10: 183 | AD10: 285 | AE10: 221 | AF10: 288 | AG10: =56+47+38+55+47+52+20 -> 315 | AH10: =31+36+36+56+36+44+21 -> 260 | AI10: =SUM(2+2+9+4+2+5+2+5+2+2+1+1+1+2+2+1+2+1+2+1+1+7+3+5+3+2+5+2+3+2+2+2+2+2+2+2+4+2+2+1+1+1+1+1+3+2+5+2+2+2+3+1+1+4+2+2+1+2+2+1+5+2+2+19+2+4+2+1+7+2+7+3+2+1+2+3+1+2+1+1+2+2+2+1+2+2+2+3+5+2+1+1+2+2+2+2+2+2+2+2+2+2+1+2+2+2+3+2+2+19+2+1+3+2+2+2+2) -> 303 | AJ10: =SUM(2+2+2+1+3+3+2+1+3+2+2+2+2+1+2+1+3+1+1+2+1+2+2+6+2+2+1+1+4+1+1+1+2+1+2+4+1+2+3+1+1+1+1+1+1+2+1+1+2+1+1+6+2+2+1+2+3+1+3+3+3+1+2+1+3+2+1+2+2+3+1+2+1+2+2+1+1+2+2+2+2+2+2+2+2+1+3+2+2+2+2+1+1+1+2+2+2+1+2+1+1+2+1+2+2+1+8+1+2+2+3+2+7+1+2+2+1+1+2+1+2) -> 231 | BA10: #N/A | BB10: #N/A | BC10: #N/A | BD10: #N/A | BE10: #N/A | BF10: #N/A | BG10: #N/A | BH10: #N/A | BI10: #N/A | BJ10: =AVERAGE(B10:K10) -> 95.1 | BK10: =AVERAGE(C10:L10) -> 98.3 | BL10: =AVERAGE(D10:M10) -> 112.4 | BM10: =AVERAGE(E10:N10) -> 122.8 | BN10: =AVERAGE(F10:O10) -> 129.3 | BO10: =AVERAGE(G10:P10) -> 131.3 | BP10: =AVERAGE(H10:Q10) -> 129.5 | BQ10: =AVERAGE(I10:R10) -> 132.2 | ... DD10: =AVERAGE(AV10:BE10) -> #N/A
A11: July | B11: 91 | C11: 166 | D11: 176 | E11: 231 | F11: 106 | G11: 137 | H11: 178 | I11: 121 | J11: 227 | K11: 295 | L11: 172 | M11: 154 | N11: 165 | O11: 159 | P11: 84 | Q11: 178 | R11: 124 | U11: 143 | W11: 171 | X11: 211 | Y11: 244 | Z11: 256 | AA11: 289 | AB11: 109 | AC11: 224 | AD11: 384 | AE11: 356 | AF11: 291 | AG11: =16+40+39+49+45+38+42+35+59+33+27 -> 423 | AH11: =26+49+48+35+44+43+36+30+62 -> 373 | AI11: =SUM(1+5+6+1+1+2+2+2+1+2+2+1+1+2+2+3+2+2+1+2+2+2+6+2+6+2+2+3+1+2+1+1+2+1+8+1+1+2+1+1+6+2+3+1+1+1+2+2+3+3+2+2+1+2+2+4+4+2+4+3+2+2+2+1+1+2+4+1+2+2+3+2+2+2+1+2+4+2+2+4+2+1+1+1+2+1+1+1+2+14+1+2+3+1+2+2+3+2+2+2+2+1+2+1+2+2+1+2+1+1+1+8+1+5+1+1+2+1+2+2+4+1+2+2+2+4+1+1+2+2+2+2+4+2+2+2+3+2+1+5+3+2+2+2+2+2+3+2+2+8+1+3+1+9+9) -> 363 | AJ11: =SUM(2+2+5+3+2+1+4+3+2+3+3+3+3+2+1+2+3+3+2+2+2+2+4+1+4+2+2+2+6+5+7+3+2+2+1+2+1+1+3+1+3+18+3+1+5+2+1+2+3+2+2+1+1+1+1+1+5+2+1+1+1+2+2+3+3+2+1+5+2+2+2+1+1+2+1+1+2+1+2+7+2+3+2+2+1+1+2+2+2+3+10+1+1+1+1+6+2+4+2+2+1+8+2+2+2+1+2+10+1+2+2+1+1+2+2+4+3+1+1+2+2+7+2+1+2+1+1+2+2+2+2+2+2+2+2+4+1) -> 340 | BA11: #N/A | BB11: #N/A | BC11: #N/A | BD11: #N/A | BE11: #N/A | BF11: #N/A | BG11: #N/A | BH11: #N/A | BI11: #N/A | BJ11: =AVERAGE(B11:K11) -> 172.8 | BK11: =AVERAGE(C11:L11) -> 180.9 | BL11: =AVERAGE(D11:M11) -> 179.7 | BM11: =AVERAGE(E11:N11) -> 178.6 | BN11: =AVERAGE(F11:O11) -> 171.4 | BO11: =AVERAGE(G11:P11) -> 169.2 | BP11: =AVERAGE(H11:Q11) -> 173.3 | BQ11: =AVERAGE(I11:R11) -> 167.9 | ... DD11: =AVERAGE(AV11:BE11) -> #N/A
A12: August | B12: 112 | C12: 164 | D12: 132 | E12: 150 | F12: 88 | G12: 116 | H12: 125 | I12: 163 | J12: 91 | K12: 119 | L12: 177 | M12: 120 | N12: 209 | O12: 150 | P12: 179 | Q12: 221 | R12: 138 | U12: 122 | W12: 160 | X12: 252 | Y12: 318 | Z12: 288 | AA12: 316 | AB12: 268 | AC12: 273 | AD12: 509 | AE12: 429 | AF12: 269 | AG12: =7+59+41+45+20+38+47+39+47+56+30 -> 429 | AH12: =46+43+37+34+71+41+30+47+34+11 -> 394 | AI12: =SUM(3+4+2+2+3+2+2+1+4+2+4+2+3+1+2+1+7+1+2+2+2+1+2+5+2+2+6+3+2+1+2+2+2+1+2+2+1+4+2+5+2+2+1+3+1+1+2+2+4+1+1+1+1+2+2+1+2+6+1+1+2+20+2+2+2+2+1+2+1+1+2+3+2+3+2+2+3+2+2+4+2+2+3+1+1+4+11+2+1+11+2+2+2+3+1+2+3+2+3+4+1+1+1+1+1+2+2+4+2+6+4+2+2+2+1+9+2+4+2+3+1+2+2+1+2+6+2+1+14+2+2+2+1+2+2+2+1+2+1+4+3+1+2+2+2+1+1+2+2+3+1+2+1+2+2+1+2) -> 392 | AJ12: =SUM(1+3+1+2+1+2+1+1+1+4+3+1+1+1+2+2+2+2+2+2+2+2+2+1+3+2+1+3+2+2+4+4+1+2+1+2+1+6+4+1+1+1+1+7+3+4+2+2+2+2+2+3+1+1+1+4+2+2+1+2+4+2+17+3+2+1+2+3+2+2+2+2+2+4+2+4+2+1+2+1+1+7+1+3+2+2+1+2+2+1+1+2+2+2+1+1+3+3+2+2+2+2+3+3+1+2+1+1+2+2+2+2+2+2+2+3+1+1+1+1+2+3+1+1+2+2+2+1+2+2+3+2+2+3+1+2+2+4+6+1+1+1+5+2+1+2+1+2+2+2+2+1+2+2+2+3+2+2+2+2+1+2+2+1+2+1) -> 354 | BA12: #N/A | BB12: #N/A | BC12: #N/A | BD12: #N/A | BE12: #N/A | BF12: #N/A | BG12: #N/A | BH12: #N/A | BI12: #N/A | BJ12: =AVERAGE(B12:K12) -> 126 | BK12: =AVERAGE(C12:L12) -> 132.5 | BL12: =AVERAGE(D12:M12) -> 128.1 | BM12: =AVERAGE(E12:N12) -> 135.8 | BN12: =AVERAGE(F12:O12) -> 135.8 | BO12: =AVERAGE(G12:P12) -> 144.9 | BP12: =AVERAGE(H12:Q12) -> 155.4 | BQ12: =AVERAGE(I12:R12) -> 156.7 | ... DD12: =AVERAGE(AV12:BE12) -> #N/A
A13: September | B13: 139 | C13: 67 | D13: 109 | E13: 154 | F13: 157 | G13: 56 | H13: 83 | I13: 64 | J13: 186 | K13: 137 | L13: 213 | M13: 175 | N13: 54 | O13: 188 | P13: 171 | Q13: 141 | R13: 131 | U13: 74 | W13: 143 | X13: 174 | Y13: 150 | Z13: 224 | AA13: 170 | AB13: 241 | AC13: 247 | AD13: 499 | AE13: 401 | AF13: 248 | AG13: =3+41+16+52+35+43+16+3+25+22+39+51 -> 346 | AH13: =28+28+35+45+39+36+36+41+35+8 -> 331 | AI13: =SUM(1+2+2+2+2+1+2+2+4+2+1+2+2+3+3+2+2+3+2+1+1+1+2+5+2+2+1+7+1+1+2+1+2+10+2+2+3+2+4+2+2+2+3+4+5+4+2+2+1+1+1+1+3+1+3+2+1+2+2+1+5+2+2+1+2+2+2+4+4+1+2+1+1+1+2+1+2+1+1+1+2+1+5+1+2+2+2+3+10+2+1+2+3+2+2+1+2+2+2+2+2+3+1+1+1+1+2+2+2+2+3+2+2+2+4+4+2+2+1+2+2+2+5+2+2+2+1+1+9+2+1+1+2+1+2+1+2+3+1+2+2+3+1+3+1+4+2+2+4+2+4+2+2+1+1+2+2) -> 347 | AJ13: =SUM(1+2+2+2+2+2+3) -> 14 | BA13: #N/A | BB13: #N/A | BC13: #N/A | BD13: #N/A | BE13: #N/A | BF13: #N/A | BG13: #N/A | BH13: #N/A | BI13: #N/A | BJ13: =AVERAGE(B13:K13) -> 115.2 | BK13: =AVERAGE(C13:L13) -> 122.6 | BL13: =AVERAGE(D13:M13) -> 133.4 | BM13: =AVERAGE(E13:N13) -> 127.9 | BN13: =AVERAGE(F13:O13) -> 131.3 | BO13: =AVERAGE(G13:P13) -> 132.7 | BP13: =AVERAGE(H13:Q13) -> 141.2 | BQ13: =AVERAGE(I13:R13) -> 146 | ... DD13: =AVERAGE(AV13:BE13) -> #N/A
A14: October | B14: 96 | C14: 58 | D14: 120 | E14: 220 | F14: 82 | G14: 108 | H14: 95 | I14: 175 | J14: 162 | K14: 189 | L14: 215 | M14: 166 | N14: 199 | O14: 216 | P14: 147 | Q14: 178 | R14: 122 | U14: 107 | W14: 168 | X14: 177 | Y14: 280 | Z14: 191 | AA14: 329 | AB14: 344 | AC14: 309 | AD14: 565 | AE14: 505 | AF14: 366 | AG14: =8+49+32+42+49+38+37+52+37+43+42+27 -> 456 | AH14: =31+51+34+35+45+42+49+18 -> 305 | AI14: =SUM(1+2+3+2+2+1+2+1+2+1+3+1+2+1+4+2+4+1+1+1+1+2+4+2+3+2+1+2+2+2+3+1+2+2+2+2+2+2+3+2+2+8+1+2+1+1+3+4+4+1+2+2+1+2+2+4+2+2+3+2+1+1+2+1+1+1+2+2+1+2+2+1+3+2+1+3+3+3+1+2+1+5+1+1+1+4+2+2+4+2+2+5+2+2+2+2+2+2+5+5+5+2+2+1+3+2+3+2+2+2+3+2+2+5+3+2+4+2+2+2+1+2+2+2+4+2+9+1+2+2+2+2+4+2+1+2+2+3+1+4+2+5+1+4+4+4+2+1+5+5+2+2+2+2+2+3+1+2+4+3+2+1+1+1+1+1+1+2+2+2+1+4+2+1+3+1+3+2+1+2+2+2+2+2+2+2+2+1+2+1+4+2+1+5+1+1+2+2+3+2+4+1+1+2+1+5+1) -> 462 | BA14: #N/A | BB14: #N/A | BC14: #N/A | BD14: #N/A | BE14: #N/A | BF14: #N/A | BG14: #N/A | BH14: #N/A | BI14: #N/A | BJ14: =AVERAGE(B14:K14) -> 130.5 | BK14: =AVERAGE(C14:L14) -> 142.4 | BL14: =AVERAGE(D14:M14) -> 153.2 | BM14: =AVERAGE(E14:N14) -> 161.1 | BN14: =AVERAGE(F14:O14) -> 160.7 | BO14: =AVERAGE(G14:P14) -> 167.2 | BP14: =AVERAGE(H14:Q14) -> 174.2 | BQ14: =AVERAGE(I14:R14) -> 176.9 | ... DD14: =AVERAGE(AV14:BE14) -> #N/A
A15: November | B15: 43 | C15: 36 | D15: 65 | E15: 74 | F15: 30 | G15: 27 | H15: 65 | I15: 55 | J15: 75 | K15: 61 | L15: 147 | M15: 73 | N15: 108 | O15: 69 | P15: 57 | Q15: 64 | R15: 48 | U15: 146 | W15: 74 | X15: 100 | Y15: 111 | Z15: 134 | AA15: 168 | AB15: 156 | AC15: 120 | AD15: 227 | AE15: 266 | AF15: 193 | AG15: =13+37+37+35+53+13 -> 188 | AH15: =45+39+42+42+39+50+27 -> 284 | AI15: =SUM(1+4+1+7+7+2+1+2+2+2+1+2+2+2+1+1+3+2+2+3+2+3+1+3+2+2+2+1+2+2+1+1+1+1+2+1+4+2+2+4+2+4+2+2+2+2+2+2+3+3+3+2+1+2+2+2+2+2+3+2+2+2+10+2+2+2+2+2+2+2+1+4+2+2+2+2+1+1+2+2+1+1+2+1+1+2+4+1+2+2+2+1+3+2+1+3+1+1+1+6+1+1+2+1+1+2+1+1+2+1+1+3+1+2+1+1+1+2+1+2+2+2+2) -> 251 | BA15: #N/A | BB15: #N/A | BC15: #N/A | BD15: #N/A | BE15: #N/A | BF15: #N/A | BG15: #N/A | BH15: #N/A | BI15: #N/A | BJ15: =AVERAGE(B15:K15) -> 53.1 | BK15: =AVERAGE(C15:L15) -> 63.5 | BL15: =AVERAGE(D15:M15) -> 67.2 | BM15: =AVERAGE(E15:N15) -> 71.5 | BN15: =AVERAGE(F15:O15) -> 71 | BO15: =AVERAGE(G15:P15) -> 73.7 | BP15: =AVERAGE(H15:Q15) -> 77.4 | BQ15: =AVERAGE(I15:R15) -> 75.7 | ... DD15: =AVERAGE(AV15:BE15) -> #N/A
A16: December | B16: 7 | C16: 12 | D16: 22 | E16: 26 | F16: 22 | G16: 7 | H16: 28 | I16: 40 | J16: 50 | K16: 35 | L16: 130 | M16: 50 | N16: 58 | O16: 48 | P16: 42 | Q16: 77 | R16: 64 | U16: 37 | W16: 56 | X16: 69 | Y16: 112 | Z16: 135 | AA16: 90 | AB16: 102 | AC16: 139 | AD16: 146 | AE16: 117 | AF16: 158 | AG16: =14+36+29+37+6 -> 122 | AH16: =7+16+33+40+49+32 -> 177 | AI16: =SUM(2+1+2+3+1+2+1+1+1+1+1+2+1+3+1+2+1+2+2+1+1+2+2+3+3+2+3+1+2+2+3+2+1+1+1+1+4+2+2+1+2+1+1+1+1+2+2+2+2+1+2+3+1+1+2+1+1+1+3+2+2+1+1+3+1+1+2+1+3+1+2+1+1+1+2+2+2+2+2) -> 133 | BA16: #N/A | BB16: #N/A | BC16: #N/A | BD16: #N/A | BE16: #N/A | BF16: #N/A | BG16: #N/A | BH16: #N/A | BI16: #N/A | BJ16: =AVERAGE(B16:K16) -> 24.9 | BK16: =AVERAGE(C16:L16) -> 37.2 | BL16: =AVERAGE(D16:M16) -> 41 | BM16: =AVERAGE(E16:N16) -> 44.6 | BN16: =AVERAGE(F16:O16) -> 46.8 | BO16: =AVERAGE(G16:P16) -> 48.8 | BP16: =AVERAGE(H16:Q16) -> 55.8 | BQ16: =AVERAGE(I16:R16) -> 59.4 | ... DD16: =AVERAGE(AV16:BE16) -> #N/A
A18: Yearly Totals | B18: =SUM(B5:B16) -> 861 | C18: =SUM(C5:C16) -> 765 | D18: =SUM(D5:D16) -> 891 | E18: =SUM(E5:E16) -> 1156 | F18: =SUM(F5:F16) -> 972 | G18: =SUM(G5:G16) -> 813 | H18: =SUM(H5:H16) -> 927 | I18: =SUM(I5:I16) -> 1168 | ... AZ18: =SUM(AZ5:AZ16) -> 0 | BX18: =AVERAGE(P18:Y18) -> 944.5 | BY18: =AVERAGE(Q18:Z18) -> 1032.6 | BZ18: =AVERAGE(R18:AA18) -> 1151.2 | CA18: =AVERAGE(S18:AB18) -> 1270.4 | CB18: =AVERAGE(T18:AC18) -> 1489

Sheet Neversink Hardenburgh Trail
A1: Balsam Lake Mountain Wild Forest | H1: BLM TH BEAVERKILL RD
A2: QUAKER CLEARING - NEVERSINK/ HARDENBURGH TRAIL from BEAVERKILL
B3: 1991 | C3: 1992 | D3: 1993 | E3: 1994 | F3: 1995 | G3: 1996 | H3: 1997 | I3: 1998 | J3: 1999 | K3: 2000 | L3: 2001 | M3: 2002 | N3: 2003 | O3: 2004 | P3: 2005 | Q3: 2006 | R3: 2007 | S3: 2008 | T3: 2009 | U3: 2010 | V3: 2011 | W3: 2012 | X3: 2013 | Y3: 2014 | Z3: 2015 | AA3: 2016 | AB3: 2017 | AC3: 2018 | AD3: 2019 | AE3: 2020 | AF3: 2021 | AG3: 2022 | AH3: 2023 | AI3: 2024 | AJ3: 2025 | AK3: 2026 | AL3: 2027 | AM3: 2028 | AN3: 2029 | AO3: 2030 | AP3: 2031 | AQ3: 2032 | AR3: 2033 | AS3: 2034 | AT3: 2035 | AU3: 2036 | AV3: 2037 | AW3: 2038 | AX3: 2039 | AY3: 2040 | AZ3: 2041 | BA3: 10 Year Rolling Averages | BK3: 2001 | BL3: 2002 | BM3: 2003 | BN3: 2004 | BO3: 2005 | BP3: 2006 | BQ3: 2007 | BR3: 2008 | BS3: 2009 | BT3: 2010 | BU3: 2011 | BV3: 2012 | BW3: 2013 | BX3: 2014 | BY3: 2015 | BZ3: 10-YEAR-AVG-2016 | CA3: 10-YEAR-AVG-2017 | CB3: 10-YEAR-AVG-2018 | CC3: 10-YEAR-AVG 2019 | CD3: 10-YEAR-AVG-2020 | CE3: 2021 | CF3: 2022 | CG3: 2023 | CH3: 2024 | CI3: 2025 | CJ3: 2026 | CK3: 2027 | CL3: 2028 | CM3: 2029 | CN3: 2030 | CO3: 2031 | CP3: 2032 | CQ3: 2033 | CR3: 2034 | CS3: 2035 | CT3: 2036 | CU3: 2037 | CV3: 2038 | CW3: 2039 | CX3: 2040 | CY3: 2041 | CZ3: 2042 | DA3: 2043 | DB3: 2044 | DC3: 2045 | DD3: 2046
A5: January | B5: 5 | C5: 9 | D5: 5 | E5: 1 | F5: 3 | G5: 1 | H5: 0 | I5: 4 | J5: 3 | K5: 4 | L5: 6 | M5: 1 | N5: 0 | O5: 2 | P5: 1 | Q5: 0 | R5: 2 | Y5: 9 | Z5: 9 | AA5: 3 | AB5: 3 | AC5: 4 | AD5: 20 | AE5: 4 | AF5: 7 | AG5: 1 | AH5: 0 | AI5: =(0) -> 0 | BB5: #N/A | BC5: #N/A | BD5: #N/A | BE5: #N/A | BF5: #N/A | BG5: #N/A | BH5: #N/A | BI5: #N/A | BJ5: =AVERAGE(B5:K5) -> 3.5 | BK5: =AVERAGE(C5:L5) -> 3.6 | BL5: =AVERAGE(D5:M5) -> 2.8 | BM5: =AVERAGE(E5:N5) -> 2.3 | BN5: =AVERAGE(F5:O5) -> 2.4 | BO5: =AVERAGE(G5:P5) -> 2.2 | BP5: =AVERAGE(H5:Q5) -> 2.1 | BQ5: =AVERAGE(I5:R5) -> 2.3 | ... DD5: =AVERAGE(AV5:BE5) -> #N/A
A6: February | B6: 1 | C6: 3 | D6: 14 | E6: 8 | F6: 9 | G6: 1 | H6: 2 | I6: 3 | J6: 0 | K6: 0 | L6: 11 | M6: 6 | N6: 0 | O6: 0 | P6: 0 | Q6: 1 | R6: 2 | Y6: 0 | Z6: 0 | AA6: 2 | AB6: 2 | AC6: 2 | AD6: 18 | AE6: 0 | AF6: 0 | AG6: 0 | AH6: 1 | AI6: =(1) -> 1 | BA6: #N/A | BB6: #N/A | BC6: #N/A | BD6: #N/A | BE6: #N/A | BF6: #N/A | BG6: #N/A | BH6: #N/A | BI6: #N/A | BJ6: =AVERAGE(B6:K6) -> 4.1 | BK6: =AVERAGE(C6:L6) -> 5.1 | BL6: =AVERAGE(D6:M6) -> 5.4 | BM6: =AVERAGE(E6:N6) -> 4 | BN6: =AVERAGE(F6:O6) -> 3.2 | BO6: =AVERAGE(G6:P6) -> 2.3 | BP6: =AVERAGE(H6:Q6) -> 2.3 | BQ6: =AVERAGE(I6:R6) -> 2.3 | ... DD6: =AVERAGE(AV6:BE6) -> #N/A
A7: March | B7: 3 | C7: 1 | D7: 0 | E7: 10 | F7: 9 | G7: 2 | H7: 5 | I7: 12 | J7: 4 | K7: 0 | L7: 0 | M7: 1 | N7: 2 | O7: 1 | P7: 3 | Q7: 11 | R7: 4 | Y7: 0 | Z7: 0 | AA7: 13 | AB7: 1 | AC7: 0 | AD7: 24 | AE7: 2 | AF7: 11 | AG7: 0 | AH7: 0 | AI7: =(2+2) -> 4 | BA7: #N/A | BB7: #N/A | BC7: #N/A | BD7: #N/A | BE7: #N/A | BF7: #N/A | BG7: #N/A | BH7: #N/A | BI7: #N/A | BJ7: =AVERAGE(B7:K7) -> 4.6 | BK7: =AVERAGE(C7:L7) -> 4.3 | BL7: =AVERAGE(D7:M7) -> 4.3 | BM7: =AVERAGE(E7:N7) -> 4.5 | BN7: =AVERAGE(F7:O7) -> 3.6 | BO7: =AVERAGE(G7:P7) -> 3 | BP7: =AVERAGE(H7:Q7) -> 3.9 | BQ7: =AVERAGE(I7:R7) -> 3.8 | ... DD7: =AVERAGE(AV7:BE7) -> #N/A
A8: April | B8: 15 | C8: 7 | D8: 5 | E8: 16 | F8: 8 | G8: 11 | H8: 14 | I8: 9 | J8: 26 | K8: 24 | L8: 8 | M8: 3 | N8: 10 | O8: 12 | P8: 8 | Q8: 11 | R8: 13 | Y8: 3 | Z8: 2 | AA8: 30 | AB8: 26 | AC8: 7 | AD8: 10 | AE8: 17 | AF8: 8 | AG8: 6 | AH8: 13 | AI8: =(1+2+1) -> 4 | BA8: #N/A | BB8: #N/A | BC8: #N/A | BD8: #N/A | BE8: #N/A | BF8: #N/A | BG8: #N/A | BH8: #N/A | BI8: #N/A | BJ8: =AVERAGE(B8:K8) -> 13.5 | BK8: =AVERAGE(C8:L8) -> 12.8 | BL8: =AVERAGE(D8:M8) -> 12.4 | BM8: =AVERAGE(E8:N8) -> 12.9 | BN8: =AVERAGE(F8:O8) -> 12.5 | BO8: =AVERAGE(G8:P8) -> 12.5 | BP8: =AVERAGE(H8:Q8) -> 12.5 | BQ8: =AVERAGE(I8:R8) -> 12.4 | ... DD8: =AVERAGE(AV8:BE8) -> #N/A
A9: May | B9: 31 | C9: 20 | D9: 48 | E9: 35 | F9: 28 | G9: 57 | H9: 32 | I9: 44 | J9: 43 | K9: 30 | L9: 20 | M9: 18 | N9: 0 | O9: 20 | P9: 36 | Q9: 26 | R9: 29 | Y9: 30 | Z9: 23 | AA9: 22 | AB9: 43 | AC9: 30 | AD9: 26 | AE9: 32 | AF9: 17 | AG9: 19 | AH9: =2+(1+2+1+6+1+1+2+2+1+2+3+1+1) -> 26 | AI9: =(2+2+4)+(4+2+4+3+2+1+2+1+1+1+1)+(3+1) -> 34 | BA9: #N/A | BB9: #N/A | BC9: #N/A | BD9: #N/A | BE9: #N/A | BF9: #N/A | BG9: #N/A | BH9: #N/A | BI9: #N/A | BJ9: =AVERAGE(B9:K9) -> 36.8 | BK9: =AVERAGE(C9:L9) -> 35.7 | BL9: =AVERAGE(D9:M9) -> 35.5 | BM9: =AVERAGE(E9:N9) -> 30.7 | BN9: =AVERAGE(F9:O9) -> 29.2 | BO9: =AVERAGE(G9:P9) -> 30 | BP9: =AVERAGE(H9:Q9) -> 26.9 | BQ9: =AVERAGE(I9:R9) -> 26.6 | ... DD9: =AVERAGE(AV9:BE9) -> #N/A
A10: June | B10: 29 | C10: 17 | D10: 10 | E10: 26 | F10: 27 | G10: 25 | H10: 31 | I10: 42 | J10: 11 | K10: 34 | L10: 36 | M10: 6 | N10: 12 | O10: 11 | P10: 14 | Q10: 13 | R10: 27 | Y10: 22 | Z10: 16 | AA10: 7 | AB10: 50 | AC10: 47 | AD10: 46 | AE10: 29 | AF10: 23 | AG10: 19 | AH10: =(2+1+1+1+1+1)+(2+2) -> 11 | AI10: =(1+2)+(2+2+2+1+2+1) -> 13 | BA10: #N/A | BB10: #N/A | BC10: #N/A | BD10: #N/A | BE10: #N/A | BF10: #N/A | BG10: #N/A | BH10: #N/A | BI10: #N/A | BJ10: =AVERAGE(B10:K10) -> 25.2 | BK10: =AVERAGE(C10:L10) -> 25.9 | BL10: =AVERAGE(D10:M10) -> 24.8 | BM10: =AVERAGE(E10:N10) -> 25 | BN10: =AVERAGE(F10:O10) -> 23.5 | BO10: =AVERAGE(G10:P10) -> 22.2 | BP10: =AVERAGE(H10:Q10) -> 21 | BQ10: =AVERAGE(I10:R10) -> 20.6 | ... DD10: =AVERAGE(AV10:BE10) -> #N/A
A11: July | B11: 38 | C11: 63 | D11: 83 | E11: 74 | F11: 71 | G11: 63 | H11: 72 | I11: 45 | J11: 29 | K11: 88 | L11: 23 | M11: 20 | N11: 15 | O11: 47 | P11: 44 | Q11: 42 | R11: 45 | Y11: 11 | Z11: 33 | AA11: 35 | AB11: 36 | AC11: 40 | AD11: 21 | AE11: 35 | AF11: 47 | AG11: =19+15 -> 34 | AH11: =(1+1+8+1+2+2) -> 15 | AI11: =(3+2+4)+(1+5+2+1+1+1+1) -> 21 | BA11: #N/A | BB11: #N/A | BC11: #N/A | BD11: #N/A | BE11: #N/A | BF11: #N/A | BG11: #N/A | BH11: #N/A | BI11: #N/A | BJ11: =AVERAGE(B11:K11) -> 62.6 | BK11: =AVERAGE(C11:L11) -> 61.1 | BL11: =AVERAGE(D11:M11) -> 56.8 | BM11: =AVERAGE(E11:N11) -> 50 | BN11: =AVERAGE(F11:O11) -> 47.3 | BO11: =AVERAGE(G11:P11) -> 44.6 | BP11: =AVERAGE(H11:Q11) -> 42.5 | BQ11: =AVERAGE(I11:R11) -> 39.8 | ... DD11: =AVERAGE(AV11:BE11) -> #N/A
A12: August | B12: 79 | C12: 85 | D12: 101 | E12: 117 | F12: 63 | G12: 69 | H12: 63 | I12: 52 | J12: 52 | K12: 21 | L12: 42 | M12: 57 | N12: 22 | O12: 20 | P12: 38 | Q12: 26 | R12: 50 | Y12: 28 | Z12: 65 | AA12: 31 | AB12: 14 | AC12: 34 | AD12: 70 | AE12: 4 | AF12: 33 | AG12: =14+22 -> 36 | AH12: =(3+2+4+2+9+2+1+3+2+2)+(1+2+1+1+2+1) -> 38 | AI12: =(1+1+2+1)+(3+3) -> 11 | BA12: #N/A | BB12: #N/A | BC12: #N/A | BD12: #N/A | BE12: #N/A | BF12: #N/A | BG12: #N/A | BH12: #N/A | BI12: #N/A | BJ12: =AVERAGE(B12:K12) -> 70.2 | BK12: =AVERAGE(C12:L12) -> 66.5 | BL12: =AVERAGE(D12:M12) -> 63.7 | BM12: =AVERAGE(E12:N12) -> 55.8 | BN12: =AVERAGE(F12:O12) -> 46.1 | BO12: =AVERAGE(G12:P12) -> 43.6 | BP12: =AVERAGE(H12:Q12) -> 39.3 | BQ12: =AVERAGE(I12:R12) -> 38 | ... DD12: =AVERAGE(AV12:BE12) -> #N/A
A13: September | B13: 12 | C13: 6 | D13: 26 | E13: 35 | F13: 49 | G13: 24 | H13: 31 | I13: 31 | J13: 26 | K13: 19 | L13: 37 | M13: 9 | N13: 8 | O13: 44 | P13: 34 | Q13: 15 | R13: 19 | Y13: 30 | Z13: 30 | AA13: 36 | AB13: 36 | AC13: 18 | AD13: 16 | AE13: =AVERAGE(AB13:AD13) -> 23.333333 | AF13: 11 | AG13: =13 -> 13 | AH13: =(2+2+2+1+2+2+5+1+1) -> 18 | AI13: =(1+2+1+1+1+2+3+2+4) -> 17 | BA13: #N/A | BB13: #N/A | BC13: #N/A | BD13: #N/A | BE13: #N/A | BF13: #N/A | BG13: #N/A | BH13: #N/A | BI13: #N/A | BJ13: =AVERAGE(B13:K13) -> 25.9 | BK13: =AVERAGE(C13:L13) -> 28.4 | BL13: =AVERAGE(D13:M13) -> 28.7 | BM13: =AVERAGE(E13:N13) -> 26.9 | BN13: =AVERAGE(F13:O13) -> 27.8 | BO13: =AVERAGE(G13:P13) -> 26.3 | BP13: =AVERAGE(H13:Q13) -> 25.4 | BQ13: =AVERAGE(I13:R13) -> 24.2 | ... DD13: =AVERAGE(AV13:BE13) -> #N/A
A14: October | B14: 38 | C14: 22 | D14: 24 | E14: 28 | F14: 25 | G14: 12 | H14: 18 | I14: 38 | J14: 23 | K14: 51 | L14: 41 | M14: 18 | N14: 12 | O14: 33 | P14: 15 | Q14: 23 | R14: 17 | Y14: 15 | Z14: 35 | AA14: 16 | AB14: 15 | AC14: 6 | AD14: 25 | AE14: =AVERAGE(AB14:AD14) -> 15.333333 | AF14: 14 | AG14: =3+17 -> 20 | AH14: =(5+1+2+6+1+1+1) -> 17 | AI14: =(22+9) -> 31 | BA14: #N/A | BB14: #N/A | BC14: #N/A | BD14: #N/A | BE14: #N/A | BF14: #N/A | BG14: #N/A | BH14: #N/A | BI14: #N/A | BJ14: =AVERAGE(B14:K14) -> 27.9 | BK14: =AVERAGE(C14:L14) -> 28.2 | BL14: =AVERAGE(D14:M14) -> 27.8 | BM14: =AVERAGE(E14:N14) -> 26.6 | BN14: =AVERAGE(F14:O14) -> 27.1 | BO14: =AVERAGE(G14:P14) -> 26.1 | BP14: =AVERAGE(H14:Q14) -> 27.2 | BQ14: =AVERAGE(I14:R14) -> 27.1 | ... DD14: =AVERAGE(AV14:BE14) -> #N/A
A15: November | B15: 8 | C15: 4 | D15: 9 | E15: 20 | F15: 9 | G15: 13 | H15: 16 | I15: 33 | J15: 24 | K15: 18 | L15: 12 | M15: 15 | N15: 16 | O15: 10 | P15: 4 | Q15: 14 | R15: 5 | Y15: 5 | Z15: 14 | AA15: 10 | AB15: 5 | AC15: 8 | AD15: 0 | AE15: =AVERAGE(AB15:AD15) -> 4.3333333 | AF15: 10 | AG15: 12 | AH15: =(2+4+3+3) -> 12 | BA15: #N/A | BB15: #N/A | BC15: #N/A | BD15: #N/A | BE15: #N/A | BF15: #N/A | BG15: #N/A | BH15: #N/A | BI15: #N/A | BJ15: =AVERAGE(B15:K15) -> 15.4 | BK15: =AVERAGE(C15:L15) -> 15.8 | BL15: =AVERAGE(D15:M15) -> 16.9 | BM15: =AVERAGE(E15:N15) -> 17.6 | BN15: =AVERAGE(F15:O15) -> 16.6 | BO15: =AVERAGE(G15:P15) -> 16.1 | BP15: =AVERAGE(H15:Q15) -> 16.2 | BQ15: =AVERAGE(I15:R15) -> 15.1 | ... DD15: =AVERAGE(AV15:BE15) -> #N/A
A16: December | B16: 0 | C16: 4 | D16: 2 | E16: 4 | F16: 4 | G16: 0 | H16: 7 | I16: 9 | J16: 2 | K16: 0 | L16: 4 | M16: 0 | N16: 3 | O16: 4 | P16: 0 | Q16: 2 | R16: 0 | Y16: 2 | Z16: 10 | AA16: 1 | AB16: 4 | AC16: 7 | AD16: 0 | AE16: =AVERAGE(AB16:AD16) -> 3.6666667 | AF16: 6 | AG16: 5 | AH16: =(3+2+3+2) -> 10 | BA16: #N/A | BB16: #N/A | BC16: #N/A | BD16: #N/A | BE16: #N/A | BF16: #N/A | BG16: #N/A | BH16: #N/A | BI16: #N/A | BJ16: =AVERAGE(B16:K16) -> 3.2 | BK16: =AVERAGE(C16:L16) -> 3.6 | BL16: =AVERAGE(D16:M16) -> 3.2 | BM16: =AVERAGE(E16:N16) -> 3.3 | BN16: =AVERAGE(F16:O16) -> 3.3 | BO16: =AVERAGE(G16:P16) -> 2.9 | BP16: =AVERAGE(H16:Q16) -> 3.1 | BQ16: =AVERAGE(I16:R16) -> 2.4 | ... DD16: =AVERAGE(AV16:BE16) -> #N/A
A18: Yearly Totals | B18: =SUM(B5:B16) -> 259 | C18: =SUM(C5:C16) -> 241 | D18: =SUM(D5:D16) -> 327 | E18: =SUM(E5:E16) -> 374 | F18: =SUM(F5:F16) -> 305 | G18: =SUM(G5:G16) -> 278 | H18: =SUM(H5:H16) -> 291 | I18: =SUM(I5:I16) -> 322 | ... AZ18: =SUM(AZ5:AZ16) -> 0 | BX18: =AVERAGE(P18:Y18) -> 74.9 | BY18: =AVERAGE(Q18:Z18) -> 78.9 | BZ18: =AVERAGE(R18:AA18) -> 81.1 | CA18: =AVERAGE(S18:AB18) -> 83.3 | CB18: =AVERAGE(T18:AC18) -> 103.6

Sheet Cathedral Glen
A1: Belleayre
A2: Cathedral Glen
B3: 1991 | C3: 1992 | D3: 1993 | E3: 1994 | F3: 1995 | G3: 1996 | H3: 1997 | I3: 1998 | J3: 1999 | K3: 2000 | L3: 2001 | M3: 2002 | N3: 2003 | O3: 2004 | P3: 2005 | Q3: 2006 | R3: 2007 | S3: 2008 | T3: 2009 | U3: 2010 | V3: 2011 | W3: 2012 | X3: 2013 | Y3: 2014 | Z3: 2015 | AA3: 2016 | AB3: 2017 | AC3: 2018 | AD3: 2019 | AE3: 2020 | AF3: 2021 | AG3: 2022 | AH3: 2023 | AI3: 2024 | AJ3: 2025 | AK3: 2026 | AL3: 2027 | AM3: 2028 | AN3: 2029 | AO3: 2030 | AP3: 2031 | AQ3: 2032 | AR3: 2033 | AS3: 2034 | AT3: 2035 | AU3: 2036 | AV3: 2037 | AW3: 2038 | AX3: 2039 | AY3: 2040 | AZ3: 2041 | BA3: 10 Year Rolling Averages | BK3: 2001 | BL3: 2002 | BM3: 2003 | BN3: 2004 | BO3: 2005 | BP3: 2006 | BQ3: 2007 | BR3: 2008 | BS3: 2009 | BT3: 2010 | BU3: 2011 | BV3: 2012 | BW3: 2013 | BX3: 2014 | BY3: 2015 | BZ3: 10-YEAR-AVG-2016 | CA3: 10-YEAR-AVG-2017 | CB3: 10-YEAR-AVG-2018 | CC3: 10-YEAR-AVG 2019 | CD3: 10-YEAR-AVG-2020 | CE3: 2021 | CF3: 2022 | CG3: 2023 | CH3: 2024 | CI3: 2025 | CJ3: 2026 | CK3: 2027 | CL3: 2028 | CM3: 2029 | CN3: 2030 | CO3: 2031 | CP3: 2032 | CQ3: 2033 | CR3: 2034 | CS3: 2035 | CT3: 2036 | CU3: 2037 | CV3: 2038 | CW3: 2039 | CX3: 2040 | CY3: 2041 | CZ3: 2042 | DA3: 2043 | DB3: 2044 | DC3: 2045 | DD3: 2046
A5: January | AG5: =2+1+3+1+2 -> 9 | AH5: =2+3+2+2+2 -> 11 | AI5: =2+1+3 -> 6 | BB5: #N/A | BC5: #N/A | BD5: #N/A | BE5: #N/A | BF5: #N/A | BG5: #N/A | BH5: #N/A | BI5: #N/A | BJ5: =AVERAGE(B5:K5) -> #DIV/0! | BK5: =AVERAGE(C5:L5) -> #DIV/0! | BL5: =AVERAGE(D5:M5) -> #DIV/0! | BM5: =AVERAGE(E5:N5) -> #DIV/0! | BN5: =AVERAGE(F5:O5) -> #DIV/0! | BO5: =AVERAGE(G5:P5) -> #DIV/0! | BP5: =AVERAGE(H5:Q5) -> #DIV/0! | BQ5: =AVERAGE(I5:R5) -> #DIV/0! | ... DD5: =AVERAGE(AV5:BE5) -> #N/A | XFD5: `
A6: February | AG6: =2+2+3+1+3+1+1+2+1+1+1 -> 18 | AH6: =1+1+4+1+3 -> 10 | AI6: =1+1+1+2+1+1+1+3 -> 11 | BA6: #N/A | BB6: #N/A | BC6: #N/A | BD6: #N/A | BE6: #N/A | BF6: #N/A | BG6: #N/A | BH6: #N/A | BI6: #N/A | BJ6: =AVERAGE(B6:K6) -> #DIV/0! | BK6: =AVERAGE(C6:L6) -> #DIV/0! | BL6: =AVERAGE(D6:M6) -> #DIV/0! | BM6: =AVERAGE(E6:N6) -> #DIV/0! | BN6: =AVERAGE(F6:O6) -> #DIV/0! | BO6: =AVERAGE(G6:P6) -> #DIV/0! | BP6: =AVERAGE(H6:Q6) -> #DIV/0! | BQ6: =AVERAGE(I6:R6) -> #DIV/0! | ... DD6: =AVERAGE(AV6:BE6) -> #N/A
A7: March | AG7: =1 -> 1 | AH7: =1 -> 1 | AI7: =1+1+1+1+1+1+2+2 -> 10 | BA7: #N/A | BB7: #N/A | BC7: #N/A | BD7: #N/A | BE7: #N/A | BF7: #N/A | BG7: #N/A | BH7: #N/A | BI7: #N/A | BJ7: =AVERAGE(B7:K7) -> #DIV/0! | BK7: =AVERAGE(C7:L7) -> #DIV/0! | BL7: =AVERAGE(D7:M7) -> #DIV/0! | BM7: =AVERAGE(E7:N7) -> #DIV/0! | BN7: =AVERAGE(F7:O7) -> #DIV/0! | BO7: =AVERAGE(G7:P7) -> #DIV/0! | BP7: =AVERAGE(H7:Q7) -> #DIV/0! | BQ7: =AVERAGE(I7:R7) -> #DIV/0! | ... DD7: =AVERAGE(AV7:BE7) -> #N/A
A8: April | AG8: =3+2+1 -> 6 | AH8: =6+2+6 -> 14 | AI8: =4+17 -> 21 | BA8: #N/A | BB8: #N/A | BC8: #N/A | BD8: #N/A | BE8: #N/A | BF8: #N/A | BG8: #N/A | BH8: #N/A | BI8: #N/A | BJ8: =AVERAGE(B8:K8) -> #DIV/0! | BK8: =AVERAGE(C8:L8) -> #DIV/0! | BL8: =AVERAGE(D8:M8) -> #DIV/0! | BM8: =AVERAGE(E8:N8) -> #DIV/0! | BN8: =AVERAGE(F8:O8) -> #DIV/0! | BO8: =AVERAGE(G8:P8) -> #DIV/0! | BP8: =AVERAGE(H8:Q8) -> #DIV/0! | BQ8: =AVERAGE(I8:R8) -> #DIV/0! | ... DD8: =AVERAGE(AV8:BE8) -> #N/A
A9: May | AG9: =1+4+7+1+1+4+1+2+2 -> 23 | AH9: =3+1+3+2+6 -> 15 | AI9: =1+2+2+1+1+3+6+3 -> 19 | BA9: #N/A | BB9: #N/A | BC9: #N/A | BD9: #N/A | BE9: #N/A | BF9: #N/A | BG9: #N/A | BH9: #N/A | BI9: #N/A | BJ9: =AVERAGE(B9:K9) -> #DIV/0! | BK9: =AVERAGE(C9:L9) -> #DIV/0! | BL9: =AVERAGE(D9:M9) -> #DIV/0! | BM9: =AVERAGE(E9:N9) -> #DIV/0! | BN9: =AVERAGE(F9:O9) -> #DIV/0! | BO9: =AVERAGE(G9:P9) -> #DIV/0! | BP9: =AVERAGE(H9:Q9) -> #DIV/0! | BQ9: =AVERAGE(I9:R9) -> #DIV/0! | ... DD9: =AVERAGE(AV9:BE9) -> #N/A
A10: June | AG10: =1+1+2+16+2+2+1+1+1 -> 27 | AH10: =1+1+1 -> 3 | AI10: =1+1+2+4+1+16+1+2+1+1 -> 30 | BA10: #N/A | BB10: #N/A | BC10: #N/A | BD10: #N/A | BE10: #N/A | BF10: #N/A | BG10: #N/A | BH10: #N/A | BI10: #N/A | BJ10: =AVERAGE(B10:K10) -> #DIV/0! | BK10: =AVERAGE(C10:L10) -> #DIV/0! | BL10: =AVERAGE(D10:M10) -> #DIV/0! | BM10: =AVERAGE(E10:N10) -> #DIV/0! | BN10: =AVERAGE(F10:O10) -> #DIV/0! | BO10: =AVERAGE(G10:P10) -> #DIV/0! | BP10: =AVERAGE(H10:Q10) -> #DIV/0! | BQ10: =AVERAGE(I10:R10) -> #DIV/0! | ... DD10: =AVERAGE(AV10:BE10) -> #N/A
A11: July | AG11: =3+1+3+2 -> 9 | AH11: =2+3+4+1+1 -> 11 | AI11: =2+3+1 -> 6 | BA11: #N/A | BB11: #N/A | BC11: #N/A | BD11: #N/A | BE11: #N/A | BF11: #N/A | BG11: #N/A | BH11: #N/A | BI11: #N/A | BJ11: =AVERAGE(B11:K11) -> #DIV/0! | BK11: =AVERAGE(C11:L11) -> #DIV/0! | BL11: =AVERAGE(D11:M11) -> #DIV/0! | BM11: =AVERAGE(E11:N11) -> #DIV/0! | BN11: =AVERAGE(F11:O11) -> #DIV/0! | BO11: =AVERAGE(G11:P11) -> #DIV/0! | BP11: =AVERAGE(H11:Q11) -> #DIV/0! | BQ11: =AVERAGE(I11:R11) -> #DIV/0! | ... DD11: =AVERAGE(AV11:BE11) -> #N/A
A12: August | AG12: =2+4+2 -> 8 | AH12: =4+2+2+2+2 -> 12 | AI12: =1+1+2+5+3+1+7+9+2+1 -> 32 | BA12: #N/A | BB12: #N/A | BC12: #N/A | BD12: #N/A | BE12: #N/A | BF12: #N/A | BG12: #N/A | BH12: #N/A | BI12: #N/A | BJ12: =AVERAGE(B12:K12) -> #DIV/0! | BK12: =AVERAGE(C12:L12) -> #DIV/0! | BL12: =AVERAGE(D12:M12) -> #DIV/0! | BM12: =AVERAGE(E12:N12) -> #DIV/0! | BN12: =AVERAGE(F12:O12) -> #DIV/0! | BO12: =AVERAGE(G12:P12) -> #DIV/0! | BP12: =AVERAGE(H12:Q12) -> #DIV/0! | BQ12: =AVERAGE(I12:R12) -> #DIV/0! | ... DD12: =AVERAGE(AV12:BE12) -> #N/A
A13: September | AF13: =1+1+2+1 -> 5 | AG13: =3+4+2+2+1+1+1+3+7 -> 24 | AH13: =2+3+2+2 -> 9 | AI13: =2+2+2 -> 6 | BA13: #N/A | BB13: #N/A | BC13: #N/A | BD13: #N/A | BE13: #N/A | BF13: #N/A | BG13: #N/A | BH13: #N/A | BI13: #N/A | BJ13: =AVERAGE(B13:K13) -> #DIV/0! | BK13: =AVERAGE(C13:L13) -> #DIV/0! | BL13: =AVERAGE(D13:M13) -> #DIV/0! | BM13: =AVERAGE(E13:N13) -> #DIV/0! | BN13: =AVERAGE(F13:O13) -> #DIV/0! | BO13: =AVERAGE(G13:P13) -> #DIV/0! | BP13: =AVERAGE(H13:Q13) -> #DIV/0! | BQ13: =AVERAGE(I13:R13) -> #DIV/0! | ... DD13: =AVERAGE(AV13:BE13) -> #N/A
A14: October | AF14: =1+2+1+1+2 -> 7 | AG14: =1+2+2+3+1 -> 9 | AH14: =1+3+2+1 -> 7 | BA14: #N/A | BB14: #N/A | BC14: #N/A | BD14: #N/A | BE14: #N/A | BF14: #N/A | BG14: #N/A | BH14: #N/A | BI14: #N/A | BJ14: =AVERAGE(B14:K14) -> #DIV/0! | BK14: =AVERAGE(C14:L14) -> #DIV/0! | BL14: =AVERAGE(D14:M14) -> #DIV/0! | BM14: =AVERAGE(E14:N14) -> #DIV/0! | BN14: =AVERAGE(F14:O14) -> #DIV/0! | BO14: =AVERAGE(G14:P14) -> #DIV/0! | BP14: =AVERAGE(H14:Q14) -> #DIV/0! | BQ14: =AVERAGE(I14:R14) -> #DIV/0! | ... DD14: =AVERAGE(AV14:BE14) -> #N/A
A15: November | AF15: =2 -> 2 | AG15: =2 -> 2 | AH15: =4+1+2+3+1 -> 11 | BA15: #N/A | BB15: #N/A | BC15: #N/A | BD15: #N/A | BE15: #N/A | BF15: #N/A | BG15: #N/A | BH15: #N/A | BI15: #N/A | BJ15: =AVERAGE(B15:K15) -> #DIV/0! | BK15: =AVERAGE(C15:L15) -> #DIV/0! | BL15: =AVERAGE(D15:M15) -> #DIV/0! | BM15: =AVERAGE(E15:N15) -> #DIV/0! | BN15: =AVERAGE(F15:O15) -> #DIV/0! | BO15: =AVERAGE(G15:P15) -> #DIV/0! | BP15: =AVERAGE(H15:Q15) -> #DIV/0! | BQ15: =AVERAGE(I15:R15) -> #DIV/0! | ... DD15: =AVERAGE(AV15:BE15) -> #N/A
A16: December | AF16: =2+2 -> 4 | AG16: =0 -> 0 | AH16: =2+2 -> 4 | BA16: #N/A | BB16: #N/A | BC16: #N/A | BD16: #N/A | BE16: #N/A | BF16: #N/A | BG16: #N/A | BH16: #N/A | BI16: #N/A | BJ16: =AVERAGE(B16:K16) -> #DIV/0! | BK16: =AVERAGE(C16:L16) -> #DIV/0! | BL16: =AVERAGE(D16:M16) -> #DIV/0! | BM16: =AVERAGE(E16:N16) -> #DIV/0! | BN16: =AVERAGE(F16:O16) -> #DIV/0! | BO16: =AVERAGE(G16:P16) -> #DIV/0! | BP16: =AVERAGE(H16:Q16) -> #DIV/0! | BQ16: =AVERAGE(I16:R16) -> #DIV/0! | ... DD16: =AVERAGE(AV16:BE16) -> #N/A
A18: Yearly Totals | B18: =SUM(B5:B16) -> 0 | C18: =SUM(C5:C16) -> 0 | D18: =SUM(D5:D16) -> 0 | E18: =SUM(E5:E16) -> 0 | F18: =SUM(F5:F16) -> 0 | G18: =SUM(G5:G16) -> 0 | H18: =SUM(H5:H16) -> 0 | I18: =SUM(I5:I16) -> 0 | ... AZ18: =SUM(AZ5:AZ16) -> 0 | BZ18: =AVERAGE(R18:AA18) -> 0 | CA18: =AVERAGE(S18:AB18) -> 0 | CB18: =AVERAGE(T18:AC18) -> 0

Sheet Woodchuck Hollow
A1: Belleayre
A2: Woodchuck Hollow
B3: 1991 | C3: 1992 | D3: 1993 | E3: 1994 | F3: 1995 | G3: 1996 | H3: 1997 | I3: 1998 | J3: 1999 | K3: 2000 | L3: 2001 | M3: 2002 | N3: 2003 | O3: 2004 | P3: 2005 | Q3: 2006 | R3: 2007 | S3: 2008 | T3: 2009 | U3: 2010 | V3: 2011 | W3: 2012 | X3: 2013 | Y3: 2014 | Z3: 2015 | AA3: 2016 | AB3: 2017 | AC3: 2018 | AD3: 2019 | AE3: 2020 | AF3: 2021 | AG3: 2022 | AH3: 2023 | AI3: 2024 | AJ3: 2025 | AK3: 2026 | AL3: 2027 | AM3: 2028 | AN3: 2029 | AO3: 2030 | AP3: 2031 | AQ3: 2032 | AR3: 2033 | AS3: 2034 | AT3: 2035 | AU3: 2036 | AV3: 2037 | AW3: 2038 | AX3: 2039 | AY3: 2040 | AZ3: 2041 | BA3: 10 Year Rolling Averages | BK3: 2001 | BL3: 2002 | BM3: 2003 | BN3: 2004 | BO3: 2005 | BP3: 2006 | BQ3: 2007 | BR3: 2008 | BS3: 2009 | BT3: 2010 | BU3: 2011 | BV3: 2012 | BW3: 2013 | BX3: 2014 | BY3: 2015 | BZ3: 10-YEAR-AVG-2016 | CA3: 10-YEAR-AVG-2017 | CB3: 10-YEAR-AVG-2018 | CC3: 10-YEAR-AVG 2019 | CD3: 10-YEAR-AVG-2020 | CE3: 2021 | CF3: 2022 | CG3: 2023 | CH3: 2024 | CI3: 2025 | CJ3: 2026 | CK3: 2027 | CL3: 2028 | CM3: 2029 | CN3: 2030 | CO3: 2031 | CP3: 2032 | CQ3: 2033 | CR3: 2034 | CS3: 2035 | CT3: 2036 | CU3: 2037 | CV3: 2038 | CW3: 2039 | CX3: 2040 | CY3: 2041 | CZ3: 2042 | DA3: 2043 | DB3: 2044 | DC3: 2045 | DD3: 2046
A5: January | AB5: =(2+2+2) -> 6 | AC5: =0 -> 0 | AD5: =(3+1)+(2+1+4) -> 11 | AE5: =(1+2) -> 3 | AF5: =(2+1+1+1) -> 5 | AH5: =(2) -> 2 | BB5: #N/A | BC5: #N/A | BD5: #N/A | BE5: #N/A | BF5: #N/A | BG5: #N/A | BH5: #N/A | BI5: #N/A | BJ5: =AVERAGE(B5:K5) -> #DIV/0! | BK5: =AVERAGE(C5:L5) -> #DIV/0! | BL5: =AVERAGE(D5:M5) -> #DIV/0! | BM5: =AVERAGE(E5:N5) -> #DIV/0! | BN5: =AVERAGE(F5:O5) -> #DIV/0! | BO5: =AVERAGE(G5:P5) -> #DIV/0! | BP5: =AVERAGE(H5:Q5) -> #DIV/0! | BQ5: =AVERAGE(I5:R5) -> #DIV/0! | ... DD5: =AVERAGE(AV5:BE5) -> #N/A | XFD5: `
A6: February | AB6: =(1+1+2+2+2) -> 8 | AC6: =(1)+(1+2+1) -> 5 | AD6: =(2) -> 2 | AE6: =(2+1+1) -> 4 | AF6: =(2+1+2+1) -> 6 | AH6: =(1) -> 1 | BA6: #N/A | BB6: #N/A | BC6: #N/A | BD6: #N/A | BE6: #N/A | BF6: #N/A | BG6: #N/A | BH6: #N/A | BI6: #N/A | BJ6: =AVERAGE(B6:K6) -> #DIV/0! | BK6: =AVERAGE(C6:L6) -> #DIV/0! | BL6: =AVERAGE(D6:M6) -> #DIV/0! | BM6: =AVERAGE(E6:N6) -> #DIV/0! | BN6: =AVERAGE(F6:O6) -> #DIV/0! | BO6: =AVERAGE(G6:P6) -> #DIV/0! | BP6: =AVERAGE(H6:Q6) -> #DIV/0! | BQ6: =AVERAGE(I6:R6) -> #DIV/0! | ... DD6: =AVERAGE(AV6:BE6) -> #N/A
A7: March | AB7: =(2) -> 2 | AC7: =(2+1+1) -> 4 | AD7: =(1+2+2) -> 5 | AE7: =(2+2+2+1+1+3+2+2) -> 15 | AF7: =(3+1+1) -> 5 | AI7: =(1) -> 1 | BA7: #N/A | BB7: #N/A | BC7: #N/A | BD7: #N/A | BE7: #N/A | BF7: #N/A | BG7: #N/A | BH7: #N/A | BI7: #N/A | BJ7: =AVERAGE(B7:K7) -> #DIV/0! | BK7: =AVERAGE(C7:L7) -> #DIV/0! | BL7: =AVERAGE(D7:M7) -> #DIV/0! | BM7: =AVERAGE(E7:N7) -> #DIV/0! | BN7: =AVERAGE(F7:O7) -> #DIV/0! | BO7: =AVERAGE(G7:P7) -> #DIV/0! | BP7: =AVERAGE(H7:Q7) -> #DIV/0! | BQ7: =AVERAGE(I7:R7) -> #DIV/0! | ... DD7: =AVERAGE(AV7:BE7) -> #N/A
A8: April | AB8: =(2+1+1+1) -> 5 | AC8: =(2+5+1+1+2+4+2+2)+(2+2+8+7) -> 38 | AD8: =(1+1+2) -> 4 | AE8: =(1+1+3)+(1+2) -> 8 | AF8: =(1+1+3+2) -> 7 | BA8: #N/A | BB8: #N/A | BC8: #N/A | BD8: #N/A | BE8: #N/A | BF8: #N/A | BG8: #N/A | BH8: #N/A | BI8: #N/A | BJ8: =AVERAGE(B8:K8) -> #DIV/0! | BK8: =AVERAGE(C8:L8) -> #DIV/0! | BL8: =AVERAGE(D8:M8) -> #DIV/0! | BM8: =AVERAGE(E8:N8) -> #DIV/0! | BN8: =AVERAGE(F8:O8) -> #DIV/0! | BO8: =AVERAGE(G8:P8) -> #DIV/0! | BP8: =AVERAGE(H8:Q8) -> #DIV/0! | BQ8: =AVERAGE(I8:R8) -> #DIV/0! | ... DD8: =AVERAGE(AV8:BE8) -> #N/A
A9: May | AB9: =(1)+(2+2) -> 5 | AC9: =(1) -> 1 | AD9: =(3+1+2+1+4+1+2)+(3+1+1) -> 19 | AE9: =(2+2+5+9+3+1+2+4) -> 28 | AF9: =(2+5+1) -> 8 | AG9: =(2) -> 2 | AH9: =(2)+(2)+(2) -> 6 | AI9: =(1) -> 1 | BA9: #N/A | BB9: #N/A | BC9: #N/A | BD9: #N/A | BE9: #N/A | BF9: #N/A | BG9: #N/A | BH9: #N/A | BI9: #N/A | BJ9: =AVERAGE(B9:K9) -> #DIV/0! | BK9: =AVERAGE(C9:L9) -> #DIV/0! | BL9: =AVERAGE(D9:M9) -> #DIV/0! | BM9: =AVERAGE(E9:N9) -> #DIV/0! | BN9: =AVERAGE(F9:O9) -> #DIV/0! | BO9: =AVERAGE(G9:P9) -> #DIV/0! | BP9: =AVERAGE(H9:Q9) -> #DIV/0! | BQ9: =AVERAGE(I9:R9) -> #DIV/0! | ... DD9: =AVERAGE(AV9:BE9) -> #N/A
A10: June | AB10: =(2+2) -> 4 | AC10: =(1+2+3+3+2+1) -> 12 | AD10: =(1+2+1+1+2+6+1+1+1+7+1+1+1+7+2+1) -> 36 | AE10: =(1+2+2+2+2+2) -> 11 | AF10: =(2+1)+(3) -> 6 | AG10: =(3) -> 3 | BA10: #N/A | BB10: #N/A | BC10: #N/A | BD10: #N/A | BE10: #N/A | BF10: #N/A | BG10: #N/A | BH10: #N/A | BI10: #N/A | BJ10: =AVERAGE(B10:K10) -> #DIV/0! | BK10: =AVERAGE(C10:L10) -> #DIV/0! | BL10: =AVERAGE(D10:M10) -> #DIV/0! | BM10: =AVERAGE(E10:N10) -> #DIV/0! | BN10: =AVERAGE(F10:O10) -> #DIV/0! | BO10: =AVERAGE(G10:P10) -> #DIV/0! | BP10: =AVERAGE(H10:Q10) -> #DIV/0! | BQ10: =AVERAGE(I10:R10) -> #DIV/0! | ... DD10: =AVERAGE(AV10:BE10) -> #N/A
A11: July | AB11: =(4+2+4+2+1+2+1) -> 16 | AC11: =(2+3+2+1) -> 8 | AD11: =(1+2+2+2+1+2+1+2) -> 13 | AE11: =(1+4+2)+(4+4+2+2+1+3+1+2+4) -> 30 | AF11: =(2)+(1)+(3) -> 6 | AI11: =(2)+(3) -> 5 | BA11: #N/A | BB11: #N/A | BC11: #N/A | BD11: #N/A | BE11: #N/A | BF11: #N/A | BG11: #N/A | BH11: #N/A | BI11: #N/A | BJ11: =AVERAGE(B11:K11) -> #DIV/0! | BK11: =AVERAGE(C11:L11) -> #DIV/0! | BL11: =AVERAGE(D11:M11) -> #DIV/0! | BM11: =AVERAGE(E11:N11) -> #DIV/0! | BN11: =AVERAGE(F11:O11) -> #DIV/0! | BO11: =AVERAGE(G11:P11) -> #DIV/0! | BP11: =AVERAGE(H11:Q11) -> #DIV/0! | BQ11: =AVERAGE(I11:R11) -> #DIV/0! | ... DD11: =AVERAGE(AV11:BE11) -> #N/A
A12: August | AB12: =(2+2+12+3+3+2)+(2+2+3+1) -> 32 | AC12: =(2+3+1+2)+(2+4) -> 14 | AD12: =(2+3+1+1+2+2+1+2+3+1) -> 18 | AE12: =(3+2+1) -> 6 | AG12: =(1+2) -> 3 | AH12: =(1) -> 1 | AI12: =(2) -> 2 | BA12: #N/A | BB12: #N/A | BC12: #N/A | BD12: #N/A | BE12: #N/A | BF12: #N/A | BG12: #N/A | BH12: #N/A | BI12: #N/A | BJ12: =AVERAGE(B12:K12) -> #DIV/0! | BK12: =AVERAGE(C12:L12) -> #DIV/0! | BL12: =AVERAGE(D12:M12) -> #DIV/0! | BM12: =AVERAGE(E12:N12) -> #DIV/0! | BN12: =AVERAGE(F12:O12) -> #DIV/0! | BO12: =AVERAGE(G12:P12) -> #DIV/0! | BP12: =AVERAGE(H12:Q12) -> #DIV/0! | BQ12: =AVERAGE(I12:R12) -> #DIV/0! | ... DD12: =AVERAGE(AV12:BE12) -> #N/A
A13: September | AB13: =(1+2+2+3+3+2+4+1+1+1+2+2+2+3+1+2)+(1+1+2) -> 36 | AC13: =(4+1+2+4+2+2+1) -> 16 | AD13: =(2)+(1+2+1+2+1+1+1+4+1) -> 16 | AE13: =(2+3+2+2+1+1+3+1)+(1+3) -> 19 | AF13: =(1) -> 1 | AG13: =(1) -> 1 | AH13: =(1) -> 1 | AI13: =(2)+(1+1) -> 4 | BA13: #N/A | BB13: #N/A | BC13: #N/A | BD13: #N/A | BE13: #N/A | BF13: #N/A | BG13: #N/A | BH13: #N/A | BI13: #N/A | BJ13: =AVERAGE(B13:K13) -> #DIV/0! | BK13: =AVERAGE(C13:L13) -> #DIV/0! | BL13: =AVERAGE(D13:M13) -> #DIV/0! | BM13: =AVERAGE(E13:N13) -> #DIV/0! | BN13: =AVERAGE(F13:O13) -> #DIV/0! | BO13: =AVERAGE(G13:P13) -> #DIV/0! | BP13: =AVERAGE(H13:Q13) -> #DIV/0! | BQ13: =AVERAGE(I13:R13) -> #DIV/0! | ... DD13: =AVERAGE(AV13:BE13) -> #N/A
A14: October | AB14: =(3+10+2+1+1+3+3+1+2+1) -> 27 | AC14: =(3+3+2+1+1) -> 10 | AD14: =(1+3+1+1+1+1+2) -> 10 | AE14: =(2+2+1+3+1+1+1+1+2+5+2) -> 21 | AH14: =(1) -> 1 | AI14: =(2)+(1+1) -> 4 | BA14: #N/A | BB14: #N/A | BC14: #N/A | BD14: #N/A | BE14: #N/A | BF14: #N/A | BG14: #N/A | BH14: #N/A | BI14: #N/A | BJ14: =AVERAGE(B14:K14) -> #DIV/0! | BK14: =AVERAGE(C14:L14) -> #DIV/0! | BL14: =AVERAGE(D14:M14) -> #DIV/0! | BM14: =AVERAGE(E14:N14) -> #DIV/0! | BN14: =AVERAGE(F14:O14) -> #DIV/0! | BO14: =AVERAGE(G14:P14) -> #DIV/0! | BP14: =AVERAGE(H14:Q14) -> #DIV/0! | BQ14: =AVERAGE(I14:R14) -> #DIV/0! | ... DD14: =AVERAGE(AV14:BE14) -> #N/A
A15: November | AA15: =(2+1+2) -> 5 | AB15: =(1+2+2+2+2) -> 9 | AC15: =(2+2+3+1) -> 8 | AD15: =(1+2+1) -> 4 | AE15: =(3+1+1+3+3) -> 11 | AF15: =(2) -> 2 | AG15: =(3) -> 3 | AH15: =(2)+(1+1+1) -> 5 | AI15: =(1)+(1)+(1+1) -> 4 | BA15: #N/A | BB15: #N/A | BC15: #N/A | BD15: #N/A | BE15: #N/A | BF15: #N/A | BG15: #N/A | BH15: #N/A | BI15: #N/A | BJ15: =AVERAGE(B15:K15) -> #DIV/0! | BK15: =AVERAGE(C15:L15) -> #DIV/0! | BL15: =AVERAGE(D15:M15) -> #DIV/0! | BM15: =AVERAGE(E15:N15) -> #DIV/0! | BN15: =AVERAGE(F15:O15) -> #DIV/0! | BO15: =AVERAGE(G15:P15) -> #DIV/0! | BP15: =AVERAGE(H15:Q15) -> #DIV/0! | BQ15: =AVERAGE(I15:R15) -> #DIV/0! | ... DD15: =AVERAGE(AV15:BE15) -> #N/A
A16: December | AA16: =(1+1+1) -> 3 | AB16: =0 -> 0 | AC16: =(1+2) -> 3 | AD16: =(2+1) -> 3 | AE16: =(1+3+1)+(1+2) -> 8 | BA16: #N/A | BB16: #N/A | BC16: #N/A | BD16: #N/A | BE16: #N/A | BF16: #N/A | BG16: #N/A | BH16: #N/A | BI16: #N/A | BJ16: =AVERAGE(B16:K16) -> #DIV/0! | BK16: =AVERAGE(C16:L16) -> #DIV/0! | BL16: =AVERAGE(D16:M16) -> #DIV/0! | BM16: =AVERAGE(E16:N16) -> #DIV/0! | BN16: =AVERAGE(F16:O16) -> #DIV/0! | BO16: =AVERAGE(G16:P16) -> #DIV/0! | BP16: =AVERAGE(H16:Q16) -> #DIV/0! | BQ16: =AVERAGE(I16:R16) -> #DIV/0! | ... DD16: =AVERAGE(AV16:BE16) -> #N/A
A18: Yearly Totals | B18: =SUM(B5:B16) -> 0 | C18: =SUM(C5:C16) -> 0 | D18: =SUM(D5:D16) -> 0 | E18: =SUM(E5:E16) -> 0 | F18: =SUM(F5:F16) -> 0 | G18: =SUM(G5:G16) -> 0 | H18: =SUM(H5:H16) -> 0 | I18: =SUM(I5:I16) -> 0 | ... AZ18: =SUM(AZ5:AZ16) -> 0 | BZ18: =AVERAGE(R18:AA18) -> 0.8 | CA18: =AVERAGE(S18:AB18) -> 15.8 | CB18: =AVERAGE(T18:AC18) -> 27.7

Sheet Biscuit Brook
A1: Big Indian Wilderness Area
A2: BISCUIT BROOK
B3: 1991 | C3: 1992 | D3: 1993 | E3: 1994 | F3: 1995 | G3: 1996 | H3: 1997 | I3: 1998 | J3: 1999 | K3: 2000 | L3: 2001 | M3: 2002 | N3: 2003 | O3: 2004 | P3: 2005 | Q3: 2006 | R3: 2007 | S3: 2008 | T3: 2009 | U3: 2010 | V3: 2011 | W3: 2012 | X3: 2013 | Y3: 2014 | Z3: 2015 | AA3: 2016 | AB3: 2017 | AC3: 2018 | AD3: 2019 | AE3: 2020 | AF3: 2021 | AG3: 2022 | AH3: 2023 | AI3: 2024 | AJ3: 2025 | AK3: 2026 | AL3: 2027 | AM3: 2028 | AN3: 2029 | AO3: 2030 | AP3: 2031 | AQ3: 2032 | AR3: 2033 | AS3: 2034 | AT3: 2035 | AU3: 2036 | AV3: 2037 | AW3: 2038 | AX3: 2039 | AY3: 2040 | AZ3: 2041 | BA3: 10 Year Rolling Averages | BK3: 2001 | BL3: 2002 | BM3: 2003 | BN3: 2004 | BO3: 2005 | BP3: 2006 | BQ3: 2007 | BR3: 2008 | BS3: 2009 | BT3: 2010 | BU3: 2011 | BV3: 2012 | BW3: 2013 | BX3: 10-YEAR-AVG-2014 | BY3: 10-YEAR-AVG-2015 | BZ3: 10-YEAR-AVG-2016 | CA3: 10-YEAR-AVG-2017 | CB3: 10-YEAR-AVG-2018 | CC3: 10-YEAR-AVG 2019 | CD3: 10-YEAR-AVG-2020 | CE3: 2021 | CF3: 2022 | CG3: 2023 | CH3: 2024 | CI3: 2025 | CJ3: 2026 | CK3: 2027 | CL3: 2028 | CM3: 2029 | CN3: 2030 | CO3: 2031 | CP3: 2032 | CQ3: 2033 | CR3: 2034 | CS3: 2035 | CT3: 2036 | CU3: 2037 | CV3: 2038 | CW3: 2039 | CX3: 2040 | CY3: 2041 | CZ3: 2042 | DA3: 2043 | DB3: 2044 | DC3: 2045 | DD3: 2046
A5: January | B5: 16 | C5: 31 | D5: 27 | E5: 14 | F5: 50 | G5: 24 | H5: 13 | I5: 88 | J5: 32 | K5: 34 | L5: 81 | M5: 25 | N5: 38 | O5: 37 | P5: 38 | Q5: 40 | R5: 32 | U5: 0 | W5: 80 | X5: 76 | Y5: 67 | Z5: 98 | AA5: 98 | AB5: 90 | AC5: 48 | AD5: 65 | AE5: 84 | AF5: 103 | AG5: =29+30+24 -> 83 | AH5: =23+24 -> 47 | BB5: #N/A | BC5: #N/A | BD5: #N/A | BE5: #N/A | BF5: #N/A | BG5: #N/A | BH5: #N/A | BI5: #N/A | BJ5: =AVERAGE(B5:K5) -> 32.9 | BK5: =AVERAGE(C5:L5) -> 39.4 | BL5: =AVERAGE(D5:M5) -> 38.8 | BM5: =AVERAGE(E5:N5) -> 39.9 | BN5: =AVERAGE(F5:O5) -> 42.2 | BO5: =AVERAGE(G5:P5) -> 41 | BP5: =AVERAGE(H5:Q5) -> 42.6 | BQ5: =AVERAGE(I5:R5) -> 44.5 | ... DD5: =AVERAGE(AV5:BE5) -> #N/A
A6: February | B6: 61 | C6: 54 | D6: 59 | E6: 14 | F6: 41 | G6: 49 | H6: 22 | I6: 48 | J6: 60 | K6: 67 | L6: 50 | M6: 80 | N6: 32 | O6: 56 | P6: 49 | Q6: 23 | R6: 50 | U6: 0 | W6: 100 | X6: 45 | Y6: 37 | Z6: 35 | AA6: 136 | AB6: 58 | AC6: 92 | AD6: 83 | AE6: 105 | AF6: 131 | AG6: =13+42+42 -> 97 | AH6: =13+40+15 -> 68 | BA6: #N/A | BB6: #N/A | BC6: #N/A | BD6: #N/A | BE6: #N/A | BF6: #N/A | BG6: #N/A | BH6: #N/A | BI6: #N/A | BJ6: =AVERAGE(B6:K6) -> 47.5 | BK6: =AVERAGE(C6:L6) -> 46.4 | BL6: =AVERAGE(D6:M6) -> 49 | BM6: =AVERAGE(E6:N6) -> 46.3 | BN6: =AVERAGE(F6:O6) -> 50.5 | BO6: =AVERAGE(G6:P6) -> 51.3 | BP6: =AVERAGE(H6:Q6) -> 48.7 | BQ6: =AVERAGE(I6:R6) -> 51.5 | ... DD6: =AVERAGE(AV6:BE6) -> #N/A
A7: March | B7: 59 | C7: 41 | D7: 23 | E7: 17 | F7: 56 | G7: 40 | H7: 47 | I7: 41 | J7: 57 | K7: 57 | L7: 55 | M7: 84 | N7: 43 | O7: 26 | P7: 48 | Q7: 63 | R7: 29 | U7: 0 | W7: 57 | X7: 62 | Y7: 67 | Z7: 85 | AA7: 128 | AB7: 48 | AC7: 37 | AD7: 109 | AE7: 125 | AF7: 199 | AG7: =4+29+50 -> 83 | AH7: =29+30 -> 59 | BA7: #N/A | BB7: #N/A | BC7: #N/A | BD7: #N/A | BE7: #N/A | BF7: #N/A | BG7: #N/A | BH7: #N/A | BI7: #N/A | BJ7: =AVERAGE(B7:K7) -> 43.8 | BK7: =AVERAGE(C7:L7) -> 43.4 | BL7: =AVERAGE(D7:M7) -> 47.7 | BM7: =AVERAGE(E7:N7) -> 49.7 | BN7: =AVERAGE(F7:O7) -> 50.6 | BO7: =AVERAGE(G7:P7) -> 49.8 | BP7: =AVERAGE(H7:Q7) -> 52.1 | BQ7: =AVERAGE(I7:R7) -> 50.3 | ... DD7: =AVERAGE(AV7:BE7) -> #N/A
A8: April | B8: 91 | C8: 74 | D8: 30 | E8: 50 | F8: 73 | G8: 48 | H8: 33 | I8: 171 | J8: 31 | K8: 62 | L8: 37 | M8: 71 | N8: 33 | O8: 55 | P8: 49 | Q8: 50 | R8: 58 | U8: 0 | W8: 108 | X8: 63 | Y8: 51 | Z8: 86 | AA8: 98 | AB8: 79 | AC8: 80 | AD8: 60 | AE8: 71 | AF8: 141 | AG8: =2+37+27+15+38+41 -> 160 | AH8: =6+36+32 -> 74 | BA8: #N/A | BB8: #N/A | BC8: #N/A | BD8: #N/A | BE8: #N/A | BF8: #N/A | BG8: #N/A | BH8: #N/A | BI8: #N/A | BJ8: =AVERAGE(B8:K8) -> 66.3 | BK8: =AVERAGE(C8:L8) -> 60.9 | BL8: =AVERAGE(D8:M8) -> 60.6 | BM8: =AVERAGE(E8:N8) -> 60.9 | BN8: =AVERAGE(F8:O8) -> 61.4 | BO8: =AVERAGE(G8:P8) -> 59 | BP8: =AVERAGE(H8:Q8) -> 59.2 | BQ8: =AVERAGE(I8:R8) -> 61.7 | ... DD8: =AVERAGE(AV8:BE8) -> #N/A
A9: May | B9: 69 | C9: 90 | D9: 136 | E9: 97 | F9: 106 | G9: 103 | H9: 72 | I9: 101 | J9: 121 | K9: 113 | L9: 62 | M9: 94 | N9: 33 | O9: 73 | P9: 91 | Q9: 49 | R9: 61 | U9: 39 | W9: 77 | X9: 90 | Y9: 75 | Z9: 93 | AA9: 73 | AB9: 76 | AC9: 139 | AD9: 104 | AE9: 207 | AF9: 127 | AG9: =1+42+38+63 -> 144 | AH9: =9+4+40+49+40+15 -> 157 | BA9: #N/A | BB9: #N/A | BC9: #N/A | BD9: #N/A | BE9: #N/A | BF9: #N/A | BG9: #N/A | BH9: #N/A | BI9: #N/A | BJ9: =AVERAGE(B9:K9) -> 100.8 | BK9: =AVERAGE(C9:L9) -> 100.1 | BL9: =AVERAGE(D9:M9) -> 100.5 | BM9: =AVERAGE(E9:N9) -> 90.2 | BN9: =AVERAGE(F9:O9) -> 87.8 | BO9: =AVERAGE(G9:P9) -> 86.3 | BP9: =AVERAGE(H9:Q9) -> 80.9 | BQ9: =AVERAGE(I9:R9) -> 79.8 | ... DD9: =AVERAGE(AV9:BE9) -> #N/A
A10: June | B10: 89 | C10: 60 | D10: 38 | E10: 56 | F10: 38 | G10: 88 | H10: 80 | I10: 51 | J10: 70 | K10: 60 | L10: 70 | M10: 92 | N10: 44 | O10: 68 | P10: 71 | Q10: 57 | R10: 56 | U10: 84 | W10: 52 | X10: 103 | Y10: 78 | Z10: 89 | AA10: 135 | AB10: 81 | AC10: 124 | AD10: 130 | AE10: 183 | AF10: 175 | AG10: =25+33+38+25 -> 121 | AH10: =19+44+39+19 -> 121 | BA10: #N/A | BB10: #N/A | BC10: #N/A | BD10: #N/A | BE10: #N/A | BF10: #N/A | BG10: #N/A | BH10: #N/A | BI10: #N/A | BJ10: =AVERAGE(B10:K10) -> 63 | BK10: =AVERAGE(C10:L10) -> 61.1 | BL10: =AVERAGE(D10:M10) -> 64.3 | BM10: =AVERAGE(E10:N10) -> 64.9 | BN10: =AVERAGE(F10:O10) -> 66.1 | BO10: =AVERAGE(G10:P10) -> 69.4 | BP10: =AVERAGE(H10:Q10) -> 66.3 | BQ10: =AVERAGE(I10:R10) -> 63.9 | ... DD10: =AVERAGE(AV10:BE10) -> #N/A
A11: July | B11: 82 | C11: 109 | D11: 100 | E11: 115 | F11: 101 | G11: 99 | H11: 109 | I11: 73 | J11: 66 | K11: 99 | L11: 76 | M11: 87 | N11: 51 | O11: 97 | P11: 72 | Q11: 78 | R11: 127 | U11: 97 | W11: 72 | X11: 60 | Y11: 94 | Z11: 94 | AA11: 111 | AB11: 110 | AC11: 105 | AD11: 140 | AE11: 173 | AF11: 123 | AG11: =23+30+43+49 -> 145 | AH11: =9+37+49+30+19 -> 144 | BA11: #N/A | BB11: #N/A | BC11: #N/A | BD11: #N/A | BE11: #N/A | BF11: #N/A | BG11: #N/A | BH11: #N/A | BI11: #N/A | BJ11: =AVERAGE(B11:K11) -> 95.3 | BK11: =AVERAGE(C11:L11) -> 94.7 | BL11: =AVERAGE(D11:M11) -> 92.5 | BM11: =AVERAGE(E11:N11) -> 87.6 | BN11: =AVERAGE(F11:O11) -> 85.8 | BO11: =AVERAGE(G11:P11) -> 82.9 | BP11: =AVERAGE(H11:Q11) -> 80.8 | BQ11: =AVERAGE(I11:R11) -> 82.6 | ... DD11: =AVERAGE(AV11:BE11) -> #N/A
A12: August | B12: 102 | C12: 93 | D12: 132 | E12: 89 | F12: 85 | G12: 82 | H12: 99 | I12: 101 | J12: 53 | K12: 96 | L12: 63 | M12: 75 | N12: 91 | O12: 86 | P12: 60 | Q12: 94 | R12: 58 | U12: 83 | W12: 115 | X12: 85 | Y12: 98 | Z12: 112 | AA12: 130 | AB12: 81 | AC12: 93 | AD12: 123 | AE12: 218 | AF12: 105 | AG12: =6+33+37+31 -> 107 | AH12: =4+15+39+40 -> 98 | BA12: #N/A | BB12: #N/A | BC12: #N/A | BD12: #N/A | BE12: #N/A | BF12: #N/A | BG12: #N/A | BH12: #N/A | BI12: #N/A | BJ12: =AVERAGE(B12:K12) -> 93.2 | BK12: =AVERAGE(C12:L12) -> 89.3 | BL12: =AVERAGE(D12:M12) -> 87.5 | BM12: =AVERAGE(E12:N12) -> 83.4 | BN12: =AVERAGE(F12:O12) -> 83.1 | BO12: =AVERAGE(G12:P12) -> 80.6 | BP12: =AVERAGE(H12:Q12) -> 81.8 | BQ12: =AVERAGE(I12:R12) -> 77.7 | ... DD12: =AVERAGE(AV12:BE12) -> #N/A
A13: September | B13: 72 | C13: 57 | D13: 125 | E13: 75 | F13: 138 | G13: 95 | H13: 95 | I13: 96 | J13: 92 | K13: 135 | L13: 76 | M13: 85 | N13: 64 | O13: 107 | P13: 76 | Q13: 83 | R13: 104 | U13: 42 | W13: 87 | X13: 112 | Y13: 115 | Z13: 104 | AA13: 97 | AB13: 118 | AC13: 89 | AD13: 122 | AE13: 168 | AF13: 88 | AG13: =37+42+46 -> 125 | BA13: #N/A | BB13: #N/A | BC13: #N/A | BD13: #N/A | BE13: #N/A | BF13: #N/A | BG13: #N/A | BH13: #N/A | BI13: #N/A | BJ13: =AVERAGE(B13:K13) -> 98 | BK13: =AVERAGE(C13:L13) -> 98.4 | BL13: =AVERAGE(D13:M13) -> 101.2 | BM13: =AVERAGE(E13:N13) -> 95.1 | BN13: =AVERAGE(F13:O13) -> 98.3 | BO13: =AVERAGE(G13:P13) -> 92.1 | BP13: =AVERAGE(H13:Q13) -> 90.9 | BQ13: =AVERAGE(I13:R13) -> 91.8 | ... DD13: =AVERAGE(AV13:BE13) -> #N/A
A14: October | B14: 87 | C14: 83 | D14: 110 | E14: 95 | F14: 43 | G14: 101 | H14: 97 | I14: 102 | J14: 89 | K14: 103 | L14: 107 | M14: 71 | N14: 73 | O14: 75 | P14: 59 | Q14: 71 | R14: 111 | U14: 91 | W14: 87 | X14: 60 | Y14: 100 | Z14: 94 | AA14: 94 | AB14: 112 | AC14: 95 | AD14: 69 | AE14: 208 | AF14: 155 | AG14: =1+35+45+50+2 -> 133 | BA14: #N/A | BB14: #N/A | BC14: #N/A | BD14: #N/A | BE14: #N/A | BF14: #N/A | BG14: #N/A | BH14: #N/A | BI14: #N/A | BJ14: =AVERAGE(B14:K14) -> 91 | BK14: =AVERAGE(C14:L14) -> 93 | BL14: =AVERAGE(D14:M14) -> 91.8 | BM14: =AVERAGE(E14:N14) -> 88.1 | BN14: =AVERAGE(F14:O14) -> 86.1 | BO14: =AVERAGE(G14:P14) -> 87.7 | BP14: =AVERAGE(H14:Q14) -> 84.7 | BQ14: =AVERAGE(I14:R14) -> 86.1 | ... DD14: =AVERAGE(AV14:BE14) -> #N/A
A15: November | B15: 44 | C15: 35 | D15: 40 | E15: 74 | F15: 37 | G15: 57 | H15: 46 | I15: 95 | J15: 44 | K15: 31 | L15: 58 | M15: 44 | N15: 60 | O15: 59 | P15: 51 | Q15: 63 | R15: 39 | U15: 87 | W15: 57 | X15: 71 | Y15: 97 | Z15: 115 | AA15: 110 | AB15: 89 | AC15: 65 | AD15: 133 | AE15: 230 | AF15: 134 | AG15: =35+32+10 -> 77 | BA15: #N/A | BB15: #N/A | BC15: #N/A | BD15: #N/A | BE15: #N/A | BF15: #N/A | BG15: #N/A | BH15: #N/A | BI15: #N/A | BJ15: =AVERAGE(B15:K15) -> 50.3 | BK15: =AVERAGE(C15:L15) -> 51.7 | BL15: =AVERAGE(D15:M15) -> 52.6 | BM15: =AVERAGE(E15:N15) -> 54.6 | BN15: =AVERAGE(F15:O15) -> 53.1 | BO15: =AVERAGE(G15:P15) -> 54.5 | BP15: =AVERAGE(H15:Q15) -> 55.1 | BQ15: =AVERAGE(I15:R15) -> 54.4 | ... DD15: =AVERAGE(AV15:BE15) -> #N/A
A16: December | B16: 22 | C16: 20 | D16: 12 | E16: 45 | F16: 22 | G16: 16 | H16: 22 | I16: 34 | J16: 26 | K16: 25 | L16: 47 | M16: 59 | N16: 25 | O16: 43 | P16: 32 | Q16: 52 | R16: 19 | U16: 39 | W16: 36 | X16: 63 | Y16: 75 | Z16: 91 | AA16: 73 | AB16: 72 | AC16: 72 | AD16: 68 | AE16: 70 | AF16: 111 | AG16: =29+33+10 -> 72 | BA16: #N/A | BB16: #N/A | BC16: #N/A | BD16: #N/A | BE16: #N/A | BF16: #N/A | BG16: #N/A | BH16: #N/A | BI16: #N/A | BJ16: =AVERAGE(B16:K16) -> 24.4 | BK16: =AVERAGE(C16:L16) -> 26.9 | BL16: =AVERAGE(D16:M16) -> 30.8 | BM16: =AVERAGE(E16:N16) -> 32.1 | BN16: =AVERAGE(F16:O16) -> 31.9 | BO16: =AVERAGE(G16:P16) -> 32.9 | BP16: =AVERAGE(H16:Q16) -> 36.5 | BQ16: =AVERAGE(I16:R16) -> 36.2 | ... DD16: =AVERAGE(AV16:BE16) -> #N/A
A18: Yearly Totals | B18: =SUM(B5:B16) -> 794 | C18: =SUM(C5:C16) -> 747 | D18: =SUM(D5:D16) -> 832 | E18: =SUM(E5:E16) -> 741 | F18: =SUM(F5:F16) -> 790 | G18: =SUM(G5:G16) -> 802 | H18: =SUM(H5:H16) -> 735 | I18: =SUM(I5:I16) -> 1001 | ... AZ18: =SUM(AZ5:AZ16) -> 0 | BX18: =AVERAGE(P18:Y18) -> 549.7 | BY18: =AVERAGE(Q18:Z18) -> 589.7 | BZ18: =AVERAGE(R18:AA18) -> 645.7 | CA18: =AVERAGE(S18:AB18) -> 672.7 | CB18: =AVERAGE(T18:AC18) -> 776.6 | CC18: =AVERAGE(U18:AD18) -> 897.2

Sheet Hardenburgh- MH Trail
A1: Big Indian Wilderness Area
A2: HARDENBURGH - Mongaup Hardernburgh Trail from Beaverkill Rd | D2: Mongaup Hardenburgh Trail
B3: 1991 | C3: 1992 | D3: 1993 | E3: 1994 | F3: 1995 | G3: 1996 | H3: 1997 | I3: 1998 | J3: 1999 | K3: 2000 | L3: 2001 | M3: 2002 | N3: 2003 | O3: 2004 | P3: 2005 | Q3: 2006 | R3: 2007 | S3: 2008 | T3: 2009 | U3: 2010 | V3: 2011 | W3: 2012 | X3: 2013 | Y3: 2014 | Z3: 2015 | AA3: 2016 | AB3: 2017 | AC3: 2018 | AD3: 2019 | AE3: 2020 | AF3: 2021 | AG3: 2022 | AH3: 2023 | AI3: 2024 | AJ3: 2025 | AK3: 2026 | AL3: 2027 | AM3: 2028 | AN3: 2029 | AO3: 2030 | AP3: 2031 | AQ3: 2032 | AR3: 2033 | AS3: 2034 | AT3: 2035 | AU3: 2036 | AV3: 2037 | AW3: 2038 | AX3: 2039 | AY3: 2040 | AZ3: 2041 | BA3: 10 Year Rolling Averages | BK3: 2001 | BL3: 2002 | BM3: 2003 | BN3: 2004 | BO3: 2005 | BP3: 2006 | BQ3: 2007 | BR3: 2008 | BS3: 2009 | BT3: 2010 | BU3: 2011 | BV3: 2012 | BW3: 2013 | BX3: 2014 | BY3: 2015 | BZ3: 10-YEAR-AVG-2016 | CA3: 10-YEAR-AVG-2017 | CB3: 10-YEAR-AVG-2018 | CC3: 10-YEAR-AVG 2019 | CD3: 10-YEAR-AVG-2020 | CE3: 2021 | CF3: 2022 | CG3: 2023 | CH3: 2024 | CI3: 2025 | CJ3: 2026 | CK3: 2027 | CL3: 2028 | CM3: 2029 | CN3: 2030 | CO3: 2031 | CP3: 2032 | CQ3: 2033 | CR3: 2034 | CS3: 2035 | CT3: 2036 | CU3: 2037 | CV3: 2038 | CW3: 2039 | CX3: 2040 | CY3: 2041 | CZ3: 2042 | DA3: 2043 | DB3: 2044 | DC3: 2045 | DD3: 2046
A5: January | B5: 0 | C5: 0 | D5: 0 | E5: 0 | F5: 2 | G5: 6 | H5: 2 | I5: 5 | J5: 3 | K5: 3 | L5: 0 | M5: 1 | N5: 0 | O5: 4 | P5: 0 | Q5: 0 | R5: 8 | U5: 0 | Y5: 1 | Z5: 1 | AA5: 16 | AB5: 7 | AC5: 6 | AD5: 0 | AE5: 5 | AF5: 10 | AG5: 1 | AH5: 4 | AI5: =(2) -> 2 | BB5: #N/A | BC5: #N/A | BD5: #N/A | BE5: #N/A | BF5: #N/A | BG5: #N/A | BH5: #N/A | BI5: #N/A | BJ5: =AVERAGE(B5:K5) -> 2.1 | BK5: =AVERAGE(C5:L5) -> 2.1 | BL5: =AVERAGE(D5:M5) -> 2.2 | BM5: =AVERAGE(E5:N5) -> 2.2 | BN5: =AVERAGE(F5:O5) -> 2.6 | BO5: =AVERAGE(G5:P5) -> 2.4 | BP5: =AVERAGE(H5:Q5) -> 1.8 | BQ5: =AVERAGE(I5:R5) -> 2.4 | ... DD5: =AVERAGE(AV5:BE5) -> #N/A
A6: February | B6: 3 | C6: 0 | D6: 0 | E6: 0 | F6: 1 | G6: 1 | H6: 1 | I6: 3 | J6: 3 | K6: 0 | L6: 0 | M6: 4 | N6: 5 | O6: 3 | P6: 0 | Q6: 1 | R6: 0 | U6: 0 | Y6: 0 | Z6: 0 | AA6: 9 | AB6: 1 | AC6: 2 | AD6: 0 | AE6: 16 | AF6: 1 | AG6: 3 | AH6: 3 | AI6: =(2+6+2+1+1+2)+(1+2) -> 17 | BA6: #N/A | BB6: #N/A | BC6: #N/A | BD6: #N/A | BE6: #N/A | BF6: #N/A | BG6: #N/A | BH6: #N/A | BI6: #N/A | BJ6: =AVERAGE(B6:K6) -> 1.2 | BK6: =AVERAGE(C6:L6) -> 0.9 | BL6: =AVERAGE(D6:M6) -> 1.3 | BM6: =AVERAGE(E6:N6) -> 1.8 | BN6: =AVERAGE(F6:O6) -> 2.1 | BO6: =AVERAGE(G6:P6) -> 2 | BP6: =AVERAGE(H6:Q6) -> 2 | BQ6: =AVERAGE(I6:R6) -> 1.9 | ... DD6: =AVERAGE(AV6:BE6) -> #N/A
A7: March | B7: 5 | C7: 3 | D7: 3 | E7: 5 | F7: 7 | G7: 4 | H7: 2 | I7: 8 | J7: 3 | K7: 7 | L7: 0 | M7: 5 | N7: 2 | O7: 0 | P7: 4 | Q7: 9 | R7: 1 | U7: 14 | Y7: 0 | Z7: 2 | AA7: 4 | AB7: 1 | AC7: 4 | AD7: 0 | AE7: 9 | AF7: 2 | AG7: 2 | AH7: 0 | AI7: =(1+2+1) -> 4 | BA7: #N/A | BB7: #N/A | BC7: #N/A | BD7: #N/A | BE7: #N/A | BF7: #N/A | BG7: #N/A | BH7: #N/A | BI7: #N/A | BJ7: =AVERAGE(B7:K7) -> 4.7 | BK7: =AVERAGE(C7:L7) -> 4.2 | BL7: =AVERAGE(D7:M7) -> 4.4 | BM7: =AVERAGE(E7:N7) -> 4.3 | BN7: =AVERAGE(F7:O7) -> 3.8 | BO7: =AVERAGE(G7:P7) -> 3.5 | BP7: =AVERAGE(H7:Q7) -> 4 | BQ7: =AVERAGE(I7:R7) -> 3.9 | ... DD7: =AVERAGE(AV7:BE7) -> #N/A
A8: April | B8: 22 | C8: 15 | D8: 13 | E8: 16 | F8: 26 | G8: 2 | H8: 5 | I8: 6 | J8: 19 | K8: 3 | L8: 15 | M8: 17 | N8: 20 | O8: 14 | P8: 6 | Q8: 13 | R8: 3 | U8: 8 | Y8: 7 | Z8: 6 | AA8: 15 | AB8: 16 | AC8: 6 | AD8: 24 | AE8: 8 | AF8: 11 | AG8: 15 | AH8: 1 | AI8: =(1) -> 1 | BA8: #N/A | BB8: #N/A | BC8: #N/A | BD8: #N/A | BE8: #N/A | BF8: #N/A | BG8: #N/A | BH8: #N/A | BI8: #N/A | BJ8: =AVERAGE(B8:K8) -> 12.7 | BK8: =AVERAGE(C8:L8) -> 12 | BL8: =AVERAGE(D8:M8) -> 12.2 | BM8: =AVERAGE(E8:N8) -> 12.9 | BN8: =AVERAGE(F8:O8) -> 12.7 | BO8: =AVERAGE(G8:P8) -> 10.7 | BP8: =AVERAGE(H8:Q8) -> 11.8 | BQ8: =AVERAGE(I8:R8) -> 11.6 | ... DD8: =AVERAGE(AV8:BE8) -> #N/A
A9: May | B9: 33 | C9: 58 | D9: 50 | E9: 52 | F9: 24 | G9: 25 | H9: 15 | I9: 26 | J9: 30 | K9: 16 | L9: 5 | M9: 32 | N9: 44 | O9: 8 | P9: 32 | Q9: 15 | R9: 35 | U9: 9 | Y9: 18 | Z9: 30 | AA9: 6 | AB9: 19 | AC9: 1 | AD9: 8 | AE9: 24 | AF9: 7 | AG9: 1 | AH9: =2+(1+2+1+3+2+1) -> 12 | AI9: =(7+2+4+3+5+2) -> 23 | BA9: #N/A | BB9: #N/A | BC9: #N/A | BD9: #N/A | BE9: #N/A | BF9: #N/A | BG9: #N/A | BH9: #N/A | BI9: #N/A | BJ9: =AVERAGE(B9:K9) -> 32.9 | BK9: =AVERAGE(C9:L9) -> 30.1 | BL9: =AVERAGE(D9:M9) -> 27.5 | BM9: =AVERAGE(E9:N9) -> 26.9 | BN9: =AVERAGE(F9:O9) -> 22.5 | BO9: =AVERAGE(G9:P9) -> 23.3 | BP9: =AVERAGE(H9:Q9) -> 22.3 | BQ9: =AVERAGE(I9:R9) -> 24.3 | ... DD9: =AVERAGE(AV9:BE9) -> #N/A
A10: June | B10: 21 | C10: 27 | D10: 22 | E10: 36 | F10: 15 | G10: 35 | H10: 12 | I10: 14 | J10: 151 | K10: 6 | L10: 4 | M10: 34 | N10: 48 | O10: 19 | P10: 27 | Q10: 29 | R10: 19 | U10: 12 | Y10: 19 | Z10: 2 | AA10: 12 | AB10: 6 | AC10: 20 | AD10: 12 | AE10: 25 | AF10: 15 | AG10: 7 | AH10: =(2+1+2) -> 5 | AI10: =(1+2+1+4+2+2+1+2)+(1+1) -> 17 | BA10: #N/A | BB10: #N/A | BC10: #N/A | BD10: #N/A | BE10: #N/A | BF10: #N/A | BG10: #N/A | BH10: #N/A | BI10: #N/A | BJ10: =AVERAGE(B10:K10) -> 33.9 | BK10: =AVERAGE(C10:L10) -> 32.2 | BL10: =AVERAGE(D10:M10) -> 32.9 | BM10: =AVERAGE(E10:N10) -> 35.5 | BN10: =AVERAGE(F10:O10) -> 33.8 | BO10: =AVERAGE(G10:P10) -> 35 | BP10: =AVERAGE(H10:Q10) -> 34.4 | BQ10: =AVERAGE(I10:R10) -> 35.1 | ... DD10: =AVERAGE(AV10:BE10) -> #N/A
A11: July | B11: 74 | C11: 43 | D11: 39 | E11: 56 | F11: 46 | G11: 20 | H11: 35 | I11: 32 | J11: 125 | K11: 18 | L11: 26 | M11: 49 | N11: 37 | O11: 22 | P11: 20 | Q11: 16 | R11: 5 | U11: 7 | Y11: 6 | Z11: 7 | AA11: 16 | AB11: 28 | AC11: 9 | AD11: 9 | AE11: 16 | AF11: 13 | AG11: 18 | AH11: =(2+1+2+2+1+1+1) -> 10 | AI11: =(2+2+4+1+2+2+2+1) -> 16 | BA11: #N/A | BB11: #N/A | BC11: #N/A | BD11: #N/A | BE11: #N/A | BF11: #N/A | BG11: #N/A | BH11: #N/A | BI11: #N/A | BJ11: =AVERAGE(B11:K11) -> 48.8 | BK11: =AVERAGE(C11:L11) -> 44 | BL11: =AVERAGE(D11:M11) -> 44.6 | BM11: =AVERAGE(E11:N11) -> 44.4 | BN11: =AVERAGE(F11:O11) -> 41 | BO11: =AVERAGE(G11:P11) -> 38.4 | BP11: =AVERAGE(H11:Q11) -> 38 | BQ11: =AVERAGE(I11:R11) -> 35 | ... DD11: =AVERAGE(AV11:BE11) -> #N/A
A12: August | B12: 56 | C12: 60 | D12: 70 | E12: 50 | F12: 59 | G12: 98 | H12: 40 | I12: 28 | J12: 160 | K12: 33 | L12: 27 | M12: 40 | N12: 49 | O12: 24 | P12: 38 | Q12: 48 | R12: 14 | U12: 18 | Y12: 11 | Z12: 11 | AA12: 38 | AB12: 13 | AC12: 8 | AD12: 31 | AE12: 25 | AF12: 19 | AG12: 4 | AH12: =(2+1+1) -> 4 | AI12: =(2+3+2+1+1) -> 9 | BA12: #N/A | BB12: #N/A | BC12: #N/A | BD12: #N/A | BE12: #N/A | BF12: #N/A | BG12: #N/A | BH12: #N/A | BI12: #N/A | BJ12: =AVERAGE(B12:K12) -> 65.4 | BK12: =AVERAGE(C12:L12) -> 62.5 | BL12: =AVERAGE(D12:M12) -> 60.5 | BM12: =AVERAGE(E12:N12) -> 58.4 | BN12: =AVERAGE(F12:O12) -> 55.8 | BO12: =AVERAGE(G12:P12) -> 53.7 | BP12: =AVERAGE(H12:Q12) -> 48.7 | BQ12: =AVERAGE(I12:R12) -> 46.1 | ... DD12: =AVERAGE(AV12:BE12) -> #N/A
A13: September | B13: 19 | C13: 34 | D13: 25 | E13: 28 | F13: 38 | G13: 11 | H13: 19 | I13: 24 | J13: 116 | K13: 15 | L13: 13 | M13: 20 | N13: 8 | O13: 24 | P13: 20 | Q13: 0 | R13: 11 | U13: 5 | Y13: 4 | Z13: 1 | AA13: 1 | AB13: 12 | AC13: 8 | AD13: 21 | AE13: 33 | AF13: 6 | AG13: 8 | AH13: =(1+1+4+2) -> 8 | AI13: =(2+2)+(2+1+2+2+1+1) -> 13 | BA13: #N/A | BB13: #N/A | BC13: #N/A | BD13: #N/A | BE13: #N/A | BF13: #N/A | BG13: #N/A | BH13: #N/A | BI13: #N/A | BJ13: =AVERAGE(B13:K13) -> 32.9 | BK13: =AVERAGE(C13:L13) -> 32.3 | BL13: =AVERAGE(D13:M13) -> 30.9 | BM13: =AVERAGE(E13:N13) -> 29.2 | BN13: =AVERAGE(F13:O13) -> 28.8 | BO13: =AVERAGE(G13:P13) -> 27 | BP13: =AVERAGE(H13:Q13) -> 25.9 | BQ13: =AVERAGE(I13:R13) -> 25.1 | ... DD13: =AVERAGE(AV13:BE13) -> #N/A
A14: October | B14: 28 | C14: 35 | D14: 59 | E14: 52 | F14: 32 | G14: 24 | H14: 37 | I14: 16 | J14: 27 | K14: 22 | L14: 26 | M14: 22 | N14: 38 | O14: 24 | P14: 15 | Q14: 12 | R14: 11 | U14: 1 | Y14: 3 | Z14: 11 | AA14: 10 | AB14: 16 | AC14: 5 | AD14: 4 | AE14: 5 | AF14: 19 | AG14: 8 | AH14: =(2+1+2+2+1) -> 8 | BA14: #N/A | BB14: #N/A | BC14: #N/A | BD14: #N/A | BE14: #N/A | BF14: #N/A | BG14: #N/A | BH14: #N/A | BI14: #N/A | BJ14: =AVERAGE(B14:K14) -> 33.2 | BK14: =AVERAGE(C14:L14) -> 33 | BL14: =AVERAGE(D14:M14) -> 31.7 | BM14: =AVERAGE(E14:N14) -> 29.6 | BN14: =AVERAGE(F14:O14) -> 26.8 | BO14: =AVERAGE(G14:P14) -> 25.1 | BP14: =AVERAGE(H14:Q14) -> 23.9 | BQ14: =AVERAGE(I14:R14) -> 21.3 | ... DD14: =AVERAGE(AV14:BE14) -> #N/A
A15: November | B15: 9 | C15: 8 | D15: 15 | E15: 11 | F15: 25 | G15: 7 | H15: 4 | I15: 3 | J15: 12 | K15: 11 | L15: 14 | M15: 11 | N15: 12 | O15: 2 | P15: 1 | Q15: 9 | R15: 2 | U15: 2 | Y15: 0 | Z15: 9 | AA15: 10 | AB15: 6 | AC15: 17 | AD15: 3 | AE15: 3 | AF15: 8 | AG15: 5 | AH15: =(1+1+1+1) -> 4 | BA15: #N/A | BB15: #N/A | BC15: #N/A | BD15: #N/A | BE15: #N/A | BF15: #N/A | BG15: #N/A | BH15: #N/A | BI15: #N/A | BJ15: =AVERAGE(B15:K15) -> 10.5 | BK15: =AVERAGE(C15:L15) -> 11 | BL15: =AVERAGE(D15:M15) -> 11.3 | BM15: =AVERAGE(E15:N15) -> 11 | BN15: =AVERAGE(F15:O15) -> 10.1 | BO15: =AVERAGE(G15:P15) -> 7.7 | BP15: =AVERAGE(H15:Q15) -> 7.9 | BQ15: =AVERAGE(I15:R15) -> 7.7 | ... DD15: =AVERAGE(AV15:BE15) -> #N/A
A16: December | B16: 0 | C16: 5 | D16: 10 | E16: 10 | F16: 0 | G16: 0 | H16: 0 | I16: 3 | J16: 5 | K16: 0 | L16: 0 | M16: 1 | N16: 3 | O16: 8 | P16: 7 | Q16: 6 | R16: 0 | U16: 0 | Y16: 0 | Z16: 2 | AA16: 8 | AB16: 6 | AC16: 7 | AD16: 0 | AE16: 0 | AF16: 10 | AG16: 5 | AH16: =(0) -> 0 | BA16: #N/A | BB16: #N/A | BC16: #N/A | BD16: #N/A | BE16: #N/A | BF16: #N/A | BG16: #N/A | BH16: #N/A | BI16: #N/A | BJ16: =AVERAGE(B16:K16) -> 3.3 | BK16: =AVERAGE(C16:L16) -> 3.3 | BL16: =AVERAGE(D16:M16) -> 2.9 | BM16: =AVERAGE(E16:N16) -> 2.2 | BN16: =AVERAGE(F16:O16) -> 2 | BO16: =AVERAGE(G16:P16) -> 2.7 | BP16: =AVERAGE(H16:Q16) -> 3.3 | BQ16: =AVERAGE(I16:R16) -> 3.3 | ... DD16: =AVERAGE(AV16:BE16) -> #N/A
A18: Yearly Totals | B18: =SUM(B5:B16) -> 270 | C18: =SUM(C5:C16) -> 288 | D18: =SUM(D5:D16) -> 306 | E18: =SUM(E5:E16) -> 316 | F18: =SUM(F5:F16) -> 275 | G18: =SUM(G5:G16) -> 233 | H18: =SUM(H5:H16) -> 172 | I18: =SUM(I5:I16) -> 168 | ... AZ18: =SUM(AZ5:AZ16) -> 0 | BX18: =AVERAGE(P18:Y18) -> 58.2 | BY18: =AVERAGE(Q18:Z18) -> 49.4 | BZ18: =AVERAGE(R18:AA18) -> 48.1 | CA18: =AVERAGE(S18:AB18) -> 50.3 | CB18: =AVERAGE(T18:AC18) -> 59.6

Sheet McKenley Hollow
A1: Big Indian Wilderness Area
A2: MCKENLEY HOLLOW
B3: 1991 | C3: 1992 | D3: 1993 | E3: 1994 | F3: 1995 | G3: 1996 | H3: 1997 | I3: 1998 | J3: 1999 | K3: 2000 | L3: 2001 | M3: 2002 | N3: 2003 | O3: 2004 | P3: 2005 | Q3: 2006 | R3: 2007 | S3: 2008 | T3: 2009 | U3: 2010 | V3: 2011 | W3: 2012 | X3: 2013 | Y3: 2014 | Z3: 2015 | AA3: 2016 | AB3: 2017 | AC3: 2018 | AD3: 2019 | AE3: 2020 | AF3: 2021 | AG3: 2022 | AH3: 2023 | AI3: 2024 | AJ3: 2025 | AK3: 2026 | AL3: 2027 | AM3: 2028 | AN3: 2029 | AO3: 2030 | AP3: 2031 | AQ3: 2032 | AR3: 2033 | AS3: 2034 | AT3: 2035 | AU3: 2036 | AV3: 2037 | AW3: 2038 | AX3: 2039 | AY3: 2040 | AZ3: 2041 | BA3: 10 Year Rolling Averages | BK3: 2001 | BL3: 2002 | BM3: 2003 | BN3: 2004 | BO3: 2005 | BP3: 2006 | BQ3: 2007 | BR3: 2008 | BS3: 2009 | BT3: 2010 | BU3: 2011 | BV3: 2012 | BW3: 2013 | BX3: 2014 | BY3: 10-YEAR-AVG-2015 | BZ3: 10-YEAR-AVG2016 | CA3: 10-YEAR-AVG2017 | CB3: 10-YEAR-AVG2018 | CC3: 10-YEAR-AVG 2019 | CD3: 10-YEAR-AVG-2020 | CE3: 2021 | CF3: 2022 | CG3: 2023 | CH3: 2024 | CI3: 2025 | CJ3: 2026 | CK3: 2027 | CL3: 2028 | CM3: 2029 | CN3: 2030 | CO3: 2031 | CP3: 2032 | CQ3: 2033 | CR3: 2034 | CS3: 2035 | CT3: 2036 | CU3: 2037 | CV3: 2038 | CW3: 2039 | CX3: 2040 | CY3: 2041 | CZ3: 2042 | DA3: 2043 | DB3: 2044 | DC3: 2045 | DD3: 2046
A5: January | B5: 58 | C5: 69 | D5: 83 | E5: 43 | F5: 116 | G5: 21 | H5: 72 | I5: 66 | J5: 51 | K5: 118 | L5: 40 | M5: 65 | N5: 32 | O5: 36 | P5: 40 | Q5: 115 | R5: 71 | U5: 28 | W5: 65 | X5: 81 | Y5: 99 | Z5: 95 | AA5: 154 | AB5: 112 | AC5: 120 | AD5: 47 | AE5: 81 | AF5: 216 | AG5: =28+33+5 -> 66 | AH5: =24+37+30 -> 91 | AI5: =2+18 -> 20 | BB5: #N/A | BC5: #N/A | BD5: #N/A | BE5: #N/A | BF5: #N/A | BG5: #N/A | BH5: #N/A | BI5: #N/A | BJ5: =AVERAGE(B5:K5) -> 69.7 | BK5: =AVERAGE(C5:L5) -> 67.9 | BL5: =AVERAGE(D5:M5) -> 67.5 | BM5: =AVERAGE(E5:N5) -> 62.4 | BN5: =AVERAGE(F5:O5) -> 61.7 | BO5: =AVERAGE(G5:P5) -> 54.1 | BP5: =AVERAGE(H5:Q5) -> 63.5 | BQ5: =AVERAGE(I5:R5) -> 63.4 | ... DD5: =AVERAGE(AV5:BE5) -> #N/A
A6: February | B6: 75 | C6: 71 | D6: 41 | E6: 75 | F6: 79 | G6: 47 | H6: 48 | I6: 115 | J6: 54 | K6: 65 | L6: 53 | M6: 42 | N6: 57 | O6: 59 | P6: 60 | Q6: 79 | R6: 32 | U6: 72 | W6: 62 | X6: 45 | Y6: 66 | Z6: 77 | AA6: 122 | AB6: 54 | AC6: 98 | AD6: 76 | AE6: 104 | AF6: 109 | AG6: =34+33+30 -> 97 | AH6: =3+40+28 -> 71 | AI6: 3 | BA6: #N/A | BB6: #N/A | BC6: #N/A | BD6: #N/A | BE6: #N/A | BF6: #N/A | BG6: #N/A | BH6: #N/A | BI6: #N/A | BJ6: =AVERAGE(B6:K6) -> 67 | BK6: =AVERAGE(C6:L6) -> 64.8 | BL6: =AVERAGE(D6:M6) -> 61.9 | BM6: =AVERAGE(E6:N6) -> 63.5 | BN6: =AVERAGE(F6:O6) -> 61.9 | BO6: =AVERAGE(G6:P6) -> 60 | BP6: =AVERAGE(H6:Q6) -> 63.2 | BQ6: =AVERAGE(I6:R6) -> 61.6 | ... DD6: =AVERAGE(AV6:BE6) -> #N/A
A7: March | B7: 72 | C7: 46 | D7: 19 | E7: 21 | F7: 124 | G7: 59 | H7: 62 | I7: 78 | J7: 16 | K7: 57 | L7: 48 | M7: 64 | N7: 66 | O7: 21 | P7: 60 | Q7: 69 | R7: 34 | U7: 64 | W7: 55 | X7: 94 | Y7: 71 | Z7: 78 | AA7: 135 | AB7: 7 | AC7: 69 | AD7: 104 | AE7: 122 | AF7: 141 | AG7: =44+32+3 -> 79 | AH7: =2+32+53+18 -> 105 | AI7: 7 | BA7: #N/A | BB7: #N/A | BC7: #N/A | BD7: #N/A | BE7: #N/A | BF7: #N/A | BG7: #N/A | BH7: #N/A | BI7: #N/A | BJ7: =AVERAGE(B7:K7) -> 55.4 | BK7: =AVERAGE(C7:L7) -> 53 | BL7: =AVERAGE(D7:M7) -> 54.8 | BM7: =AVERAGE(E7:N7) -> 59.5 | BN7: =AVERAGE(F7:O7) -> 59.5 | BO7: =AVERAGE(G7:P7) -> 53.1 | BP7: =AVERAGE(H7:Q7) -> 54.1 | BQ7: =AVERAGE(I7:R7) -> 51.3 | ... DD7: =AVERAGE(AV7:BE7) -> #N/A
A8: April | B8: 71 | C8: 46 | D8: 33 | E8: 61 | F8: 109 | G8: 63 | H8: 76 | I8: 55 | J8: 60 | K8: 73 | L8: 63 | M8: 74 | N8: 72 | O8: 72 | P8: 70 | Q8: 56 | R8: 65 | U8: 71 | W8: 29 | X8: 42 | Y8: 20 | Z8: 58 | AA8: 94 | AB8: 51 | AC8: 78 | AD8: 48 | AE8: 45 | AF8: 98 | AG8: =36+30 -> 66 | AH8: =22+26+33+3 -> 84 | BA8: #N/A | BB8: #N/A | BC8: #N/A | BD8: #N/A | BE8: #N/A | BF8: #N/A | BG8: #N/A | BH8: #N/A | BI8: #N/A | BJ8: =AVERAGE(B8:K8) -> 64.7 | BK8: =AVERAGE(C8:L8) -> 63.9 | BL8: =AVERAGE(D8:M8) -> 66.7 | BM8: =AVERAGE(E8:N8) -> 70.6 | BN8: =AVERAGE(F8:O8) -> 71.7 | BO8: =AVERAGE(G8:P8) -> 67.8 | BP8: =AVERAGE(H8:Q8) -> 67.1 | BQ8: =AVERAGE(I8:R8) -> 66 | ... DD8: =AVERAGE(AV8:BE8) -> #N/A
A9: May | B9: 107 | C9: 198 | D9: 236 | E9: 112 | F9: 199 | G9: 157 | H9: 81 | I9: 102 | J9: 157 | K9: 85 | L9: 52 | M9: 180 | N9: 106 | O9: 92 | P9: 90 | Q9: 127 | R9: 96 | U9: 94 | W9: 36 | X9: 98 | Y9: 155 | Z9: 94 | AA9: 121 | AB9: 63 | AC9: 66 | AD9: 67 | AE9: 157 | AF9: 148 | AG9: =13+41+44+10 -> 108 | AH9: =45+42+39+20 -> 146 | BA9: #N/A | BB9: #N/A | BC9: #N/A | BD9: #N/A | BE9: #N/A | BF9: #N/A | BG9: #N/A | BH9: #N/A | BI9: #N/A | BJ9: =AVERAGE(B9:K9) -> 143.4 | BK9: =AVERAGE(C9:L9) -> 137.9 | BL9: =AVERAGE(D9:M9) -> 136.1 | BM9: =AVERAGE(E9:N9) -> 123.1 | BN9: =AVERAGE(F9:O9) -> 121.1 | BO9: =AVERAGE(G9:P9) -> 110.2 | BP9: =AVERAGE(H9:Q9) -> 107.2 | BQ9: =AVERAGE(I9:R9) -> 108.7 | ... DD9: =AVERAGE(AV9:BE9) -> #N/A
A10: June | B10: 95 | C10: 107 | D10: 55 | E10: 111 | F10: 100 | G10: 96 | H10: 86 | I10: 125 | J10: 62 | K10: 115 | L10: 86 | M10: 141 | N10: 82 | O10: 73 | P10: 75 | Q10: 79 | R10: 69 | U10: 49 | W10: 51 | X10: 56 | Y10: 120 | Z10: 71 | AA10: 42 | AB10: 57 | AC10: 64 | AD10: 94 | AE10: 126 | AF10: 83 | AG10: =25+24 -> 49 | AH10: =10+47+9+25 -> 91 | BA10: #N/A | BB10: #N/A | BC10: #N/A | BD10: #N/A | BE10: #N/A | BF10: #N/A | BG10: #N/A | BH10: #N/A | BI10: #N/A | BJ10: =AVERAGE(B10:K10) -> 95.2 | BK10: =AVERAGE(C10:L10) -> 94.3 | BL10: =AVERAGE(D10:M10) -> 97.7 | BM10: =AVERAGE(E10:N10) -> 100.4 | BN10: =AVERAGE(F10:O10) -> 96.6 | BO10: =AVERAGE(G10:P10) -> 94.1 | BP10: =AVERAGE(H10:Q10) -> 92.4 | BQ10: =AVERAGE(I10:R10) -> 90.7 | ... DD10: =AVERAGE(AV10:BE10) -> #N/A
A11: July | B11: 108 | C11: 139 | D11: 166 | E11: 266 | F11: 145 | G11: 127 | H11: 211 | I11: 105 | J11: 142 | K11: 197 | L11: 90 | M11: 164 | N11: 108 | O11: 157 | P11: 124 | Q11: 134 | R11: 64 | U11: 96 | W11: 61 | X11: 54 | Y11: 66 | Z11: 54 | AA11: 105 | AB11: 110 | AC11: 79 | AD11: 100 | AE11: 163 | AF11: 115 | AG11: =10+42+36 -> 88 | AH11: =14+35+30+24 -> 103 | BA11: #N/A | BB11: #N/A | BC11: #N/A | BD11: #N/A | BE11: #N/A | BF11: #N/A | BG11: #N/A | BH11: #N/A | BI11: #N/A | BJ11: =AVERAGE(B11:K11) -> 160.6 | BK11: =AVERAGE(C11:L11) -> 158.8 | BL11: =AVERAGE(D11:M11) -> 161.3 | BM11: =AVERAGE(E11:N11) -> 155.5 | BN11: =AVERAGE(F11:O11) -> 144.6 | BO11: =AVERAGE(G11:P11) -> 142.5 | BP11: =AVERAGE(H11:Q11) -> 143.2 | BQ11: =AVERAGE(I11:R11) -> 128.5 | ... CG11: =AVERAGE(Y11:AH11) -> 98.3 | CH11: =AVERAGE(Z11:AH11) -> 101.88889 | CI11: =AVERAGE(AA11:AJ11) -> 107.875 | CJ11: =AVERAGE(AB11:AK11) -> 108.28571 | CK11: =AVERAGE(AC11:AL11) -> 108 | CL11: =AVERAGE(AD11:AM11) -> 113.8 | CM11: =AVERAGE(AE11:AN11) -> 117.25 | CN11: =AVERAGE(AF11:AO11) -> 102 | CO11: =AVERAGE(AG11:AP11) -> 95.5 | CP11: =AVERAGE(AH11:AQ11) -> 103 | CQ11: =AVERAGE(AH11:AR11) -> 103 | CR11: =AVERAGE(AJ11:AS11) -> #DIV/0! | CS11: =AVERAGE(AK11:AT11) -> #DIV/0! | CT11: =AVERAGE(AL11:AU11) -> #DIV/0! | CU11: =AVERAGE(AM11:AV11) -> #DIV/0! | CV11: =AVERAGE(AN11:AW11) -> #DIV/0! | CW11: =AVERAGE(AO11:AX11) -> #DIV/0! | CX11: =AVERAGE(AP11:AY11) -> #DIV/0! | CY11: =AVERAGE(AQ11:AZ11) -> #DIV/0! | ... DD11: =AVERAGE(AV11:BE11) -> #N/A
A12: August | B12: 114 | C12: 179 | D12: 197 | E12: 189 | F12: 172 | G12: 143 | H12: 202 | I12: 182 | J12: 114 | K12: 132 | L12: 241 | M12: 166 | N12: 160 | O12: 115 | P12: 134 | Q12: 130 | R12: 96 | U12: 78 | W12: 91 | X12: 66 | Y12: 98 | Z12: 145 | AA12: 86 | AB12: 138 | AC12: 63 | AD12: 91 | AE12: 124 | AF12: 63 | AG12: =17+33+36+2 -> 88 | AH12: =22+94 -> 116 | BA12: #N/A | BB12: #N/A | BC12: #N/A | BD12: #N/A | BE12: #N/A | BF12: #N/A | BG12: #N/A | BH12: #N/A | BI12: #N/A | BJ12: =AVERAGE(B12:K12) -> 162.4 | BK12: =AVERAGE(C12:L12) -> 175.1 | BL12: =AVERAGE(D12:M12) -> 173.8 | BM12: =AVERAGE(E12:N12) -> 170.1 | BN12: =AVERAGE(F12:O12) -> 162.7 | BO12: =AVERAGE(G12:P12) -> 158.9 | BP12: =AVERAGE(H12:Q12) -> 157.6 | BQ12: =AVERAGE(I12:R12) -> 147 | ... DD12: =AVERAGE(AV12:BE12) -> #N/A
A13: September | B13: 142 | C13: 164 | D13: 108 | E13: 215 | F13: 199 | G13: 121 | H13: 110 | I13: 130 | J13: 158 | K13: 156 | L13: 105 | M13: 102 | N13: 66 | O13: 88 | P13: 109 | Q13: 137 | R13: 114 | U13: 70 | W13: 76 | X13: 69 | Y13: 66 | Z13: 72 | AA13: 89 | AB13: 69 | AC13: 64 | AD13: 90 | AE13: 167 | AF13: 71 | AG13: =30+37+6 -> 73 | AH13: =11+26+32+33+17 -> 119 | BA13: #N/A | BB13: #N/A | BC13: #N/A | BD13: #N/A | BE13: #N/A | BF13: #N/A | BG13: #N/A | BH13: #N/A | BI13: #N/A | BJ13: =AVERAGE(B13:K13) -> 150.3 | BK13: =AVERAGE(C13:L13) -> 146.6 | BL13: =AVERAGE(D13:M13) -> 140.4 | BM13: =AVERAGE(E13:N13) -> 136.2 | BN13: =AVERAGE(F13:O13) -> 123.5 | BO13: =AVERAGE(G13:P13) -> 114.5 | BP13: =AVERAGE(H13:Q13) -> 116.1 | BQ13: =AVERAGE(I13:R13) -> 116.5 | ... DD13: =AVERAGE(AV13:BE13) -> #N/A
A14: October | B14: 231 | C14: 132 | D14: 182 | E14: 256 | F14: 214 | G14: 155 | H14: 220 | I14: 196 | J14: 228 | K14: 170 | L14: 396 | M14: 126 | N14: 115 | O14: 104 | P14: 80 | Q14: 192 | R14: 81 | U14: 111 | W14: 68 | X14: 84 | Y14: 96 | Z14: 89 | AA14: 86 | AB14: 96 | AC14: 49 | AD14: 130 | AE14: 170 | AF14: 77 | AG14: =38+46+42+17 -> 143 | AH14: =12+9+50+23+25 -> 119 | BA14: #N/A | BB14: #N/A | BC14: #N/A | BD14: #N/A | BE14: #N/A | BF14: #N/A | BG14: #N/A | BH14: #N/A | BI14: #N/A | BJ14: =AVERAGE(B14:K14) -> 198.4 | BK14: =AVERAGE(C14:L14) -> 214.9 | BL14: =AVERAGE(D14:M14) -> 214.3 | BM14: =AVERAGE(E14:N14) -> 207.6 | BN14: =AVERAGE(F14:O14) -> 192.4 | BO14: =AVERAGE(G14:P14) -> 179 | BP14: =AVERAGE(H14:Q14) -> 182.7 | BQ14: =AVERAGE(I14:R14) -> 168.8 | ... DD14: =AVERAGE(AV14:BE14) -> #N/A
A15: November | B15: 93 | C15: 78 | D15: 100 | E15: 121 | F15: 103 | G15: 79 | H15: 73 | I15: 78 | J15: 84 | K15: 64 | L15: 69 | M15: 119 | N15: 114 | O15: 53 | P15: 75 | Q15: 61 | R15: 66 | U15: 72 | W15: 23 | X15: 39 | Y15: 60 | Z15: 89 | AA15: 75 | AB15: 48 | AC15: 37 | AD15: 90 | AE15: 101 | AF15: 80 | AG15: =25+40+12 -> 77 | AH15: =3+15+42+42 -> 102 | BA15: #N/A | BB15: #N/A | BC15: #N/A | BD15: #N/A | BE15: #N/A | BF15: #N/A | BG15: #N/A | BH15: #N/A | BI15: #N/A | BJ15: =AVERAGE(B15:K15) -> 87.3 | BK15: =AVERAGE(C15:L15) -> 84.9 | BL15: =AVERAGE(D15:M15) -> 89 | BM15: =AVERAGE(E15:N15) -> 90.4 | BN15: =AVERAGE(F15:O15) -> 83.6 | BO15: =AVERAGE(G15:P15) -> 80.8 | BP15: =AVERAGE(H15:Q15) -> 79 | BQ15: =AVERAGE(I15:R15) -> 78.3 | ... DD15: =AVERAGE(AV15:BE15) -> #N/A
A16: December | B16: 67 | C16: 42 | D16: 40 | E16: 112 | F16: 48 | G16: 43 | H16: 88 | I16: 78 | J16: 2 | K16: 34 | L16: 15 | M16: 42 | N16: 85 | O16: 41 | P16: 35 | Q16: 70 | R16: 61 | U16: 74 | W16: 58 | X16: 55 | Y16: 71 | Z16: 63 | AA16: 57 | AB16: 30 | AC16: 120 | AD16: 89 | AE16: 28 | AF16: 65 | AG16: =19+36+5 -> 60 | AH16: =8+1+34+9+34+11 -> 97 | BA16: #N/A | BB16: #N/A | BC16: #N/A | BD16: #N/A | BE16: #N/A | BF16: #N/A | BG16: #N/A | BH16: #N/A | BI16: #N/A | BJ16: =AVERAGE(B16:K16) -> 55.4 | BK16: =AVERAGE(C16:L16) -> 50.2 | BL16: =AVERAGE(D16:M16) -> 50.2 | BM16: =AVERAGE(E16:N16) -> 54.7 | BN16: =AVERAGE(F16:O16) -> 47.6 | BO16: =AVERAGE(G16:P16) -> 46.3 | BP16: =AVERAGE(H16:Q16) -> 49 | BQ16: =AVERAGE(I16:R16) -> 46.3 | ... DD16: =AVERAGE(AV16:BE16) -> #N/A
A18: Yearly Totals | B18: =SUM(B5:B16) -> 1233 | C18: =SUM(C5:C16) -> 1271 | D18: =SUM(D5:D16) -> 1260 | E18: =SUM(E5:E16) -> 1582 | F18: =SUM(F5:F16) -> 1608 | G18: =SUM(G5:G16) -> 1111 | H18: =SUM(H5:H16) -> 1329 | I18: =SUM(I5:I16) -> 1310 | ... AZ18: =SUM(AZ5:AZ16) -> 0 | BX18: =AVERAGE(P18:Y18) -> 637.5 | BY18: =AVERAGE(Q18:Z18) -> 640.8 | BZ18: =AVERAGE(R18:AA18) -> 632.5 | CA18: =AVERAGE(S18:AB18) -> 631.1 | CB18: =AVERAGE(T18:AC18) -> 721.8 | CC18: =AVERAGE(U18:AD18) -> 824.4

Sheet Mongaup Pond
A1: Big Indian Wilderness Area
A2: MONGAUP POND - Out of Campground
B3: 1991 | C3: 1992 | D3: 1993 | E3: 1994 | F3: 1995 | G3: 1996 | H3: 1997 | I3: 1998 | J3: 1999 | K3: 2000 | L3: 2001 | M3: 2002 | N3: 2003 | O3: 2004 | P3: 2005 | Q3: 2006 | R3: 2007 | S3: 2008 | T3: 2009 | U3: 2010 | V3: 2011 | W3: 2012 | X3: 2013 | Y3: 2014 | Z3: 2015 | AA3: 2016 | AB3: 2017 | AC3: 2018 | AD3: 2019 | AE3: 2020 | AF3: 2021 | AG3: 2022 | AH3: 2023 | AI3: 2024 | AJ3: 2025 | AK3: 2026 | AL3: 2027 | AM3: 2028 | AN3: 2029 | AO3: 2030 | AP3: 2031 | AQ3: 2032 | AR3: 2033 | AS3: 2034 | AT3: 2035 | AU3: 2036 | AV3: 2037 | AW3: 2038 | AX3: 2039 | AY3: 2040 | AZ3: 2041 | BA3: 10 Year Rolling Averages | BK3: 2001 | BL3: 2002 | BM3: 2003 | BN3: 2004 | BO3: 2005 | BP3: 2006 | BQ3: 2007 | BR3: 2008 | BS3: 2009 | BT3: 2010 | BU3: 2011 | BV3: 2012 | BW3: 2013 | BX3: 10-YEAR-AVG-2014 | BY3: 10-YEAR-AVG-2015 | BZ3: 10-YEAR-AVG2016 | CA3: 10-YEAR-AVG-2017 | CB3: 10-YEAR-AVG-2018 | CC3: 10-YEAR-AVG 2019 | CD3: 10-YEAR-AVG-2020 | CE3: 2021 | CF3: 2022 | CG3: 2023 | CH3: 2024 | CI3: 2025 | CJ3: 2026 | CK3: 2027 | CL3: 2028 | CM3: 2029 | CN3: 2030 | CO3: 2031 | CP3: 2032 | CQ3: 2033 | CR3: 2034 | CS3: 2035 | CT3: 2036 | CU3: 2037 | CV3: 2038 | CW3: 2039 | CX3: 2040 | CY3: 2041 | CZ3: 2042 | DA3: 2043 | DB3: 2044 | DC3: 2045 | DD3: 2046
A5: January | B5: 0 | C5: 0 | D5: 0 | E5: 0 | F5: 0 | G5: 0 | H5: 26 | I5: 2 | J5: 28 | K5: 15 | L5: 0 | M5: 1 | N5: 1 | O5: 3 | P5: 0 | Q5: 0 | R5: 0 | U5: 150 | X5: 0 | Y5: 0 | Z5: 2 | AA5: 1 | AB5: 4 | AC5: 0 | AD5: 0 | AE5: 6 | AF5: 3 | BB5: #N/A | BC5: #N/A | BD5: #N/A | BE5: #N/A | BF5: #N/A | BG5: #N/A | BH5: #N/A | BI5: #N/A | BJ5: =AVERAGE(B5:K5) -> 7.1 | BK5: =AVERAGE(C5:L5) -> 7.1 | BL5: =AVERAGE(D5:M5) -> 7.2 | BM5: =AVERAGE(E5:N5) -> 7.3 | BN5: =AVERAGE(F5:O5) -> 7.6 | BO5: =AVERAGE(G5:P5) -> 7.6 | BP5: =AVERAGE(H5:Q5) -> 7.6 | BQ5: =AVERAGE(I5:R5) -> 5 | ... DD5: =AVERAGE(AV5:BE5) -> #N/A
A6: February | B6: 0 | C6: 0 | D6: 0 | E6: 0 | F6: 0 | G6: 0 | H6: 0 | I6: 0 | J6: 68 | K6: 35 | L6: 0 | M6: 1 | N6: 0 | O6: 0 | P6: 0 | Q6: 1 | R6: 0 | U6: 135 | X6: 0 | Y6: 0 | Z6: 0 | AA6: 9 | AB6: 0 | AC6: 0 | AD6: 0 | AE6: 2 | BA6: #N/A | BB6: #N/A | BC6: #N/A | BD6: #N/A | BE6: #N/A | BF6: #N/A | BG6: #N/A | BH6: #N/A | BI6: #N/A | BJ6: =AVERAGE(B6:K6) -> 10.3 | BK6: =AVERAGE(C6:L6) -> 10.3 | BL6: =AVERAGE(D6:M6) -> 10.4 | BM6: =AVERAGE(E6:N6) -> 10.4 | BN6: =AVERAGE(F6:O6) -> 10.4 | BO6: =AVERAGE(G6:P6) -> 10.4 | BP6: =AVERAGE(H6:Q6) -> 10.5 | BQ6: =AVERAGE(I6:R6) -> 10.5 | ... DD6: =AVERAGE(AV6:BE6) -> #N/A
A7: March | B7: 0 | C7: 0 | D7: 0 | E7: 22 | F7: 0 | G7: 3 | H7: 0 | I7: 0 | J7: 35 | K7: 25 | L7: 0 | M7: 4 | N7: 2 | O7: 5 | P7: 0 | Q7: 1 | R7: 0 | U7: 298 | X7: 0 | Y7: 0 | Z7: 0 | AA7: 6 | AB7: 3 | AC7: 0 | AD7: 0 | AE7: 1 | AF7: 2 | BA7: #N/A | BB7: #N/A | BC7: #N/A | BD7: #N/A | BE7: #N/A | BF7: #N/A | BG7: #N/A | BH7: #N/A | BI7: #N/A | BJ7: =AVERAGE(B7:K7) -> 8.5 | BK7: =AVERAGE(C7:L7) -> 8.5 | BL7: =AVERAGE(D7:M7) -> 8.9 | BM7: =AVERAGE(E7:N7) -> 9.1 | BN7: =AVERAGE(F7:O7) -> 7.4 | BO7: =AVERAGE(G7:P7) -> 7.4 | BP7: =AVERAGE(H7:Q7) -> 7.2 | BQ7: =AVERAGE(I7:R7) -> 7.2 | ... DD7: =AVERAGE(AV7:BE7) -> #N/A
A8: April | B8: 5 | C8: 5 | D8: 5 | E8: 9 | F8: 5 | G8: 2 | H8: 3 | I8: 3 | J8: 43 | K8: 43 | L8: 1 | M8: 0 | N8: 2 | O8: 0 | P8: 0 | Q8: 7 | R8: 0 | U8: 731 | X8: 0 | Y8: 6 | Z8: 1 | AA8: 5 | AB8: 10 | AC8: 0 | AD8: 4 | AE8: 0 | AF8: 5 | BA8: #N/A | BB8: #N/A | BC8: #N/A | BD8: #N/A | BE8: #N/A | BF8: #N/A | BG8: #N/A | BH8: #N/A | BI8: #N/A | BJ8: =AVERAGE(B8:K8) -> 12.3 | BK8: =AVERAGE(C8:L8) -> 11.9 | BL8: =AVERAGE(D8:M8) -> 11.4 | BM8: =AVERAGE(E8:N8) -> 11.1 | BN8: =AVERAGE(F8:O8) -> 10.2 | BO8: =AVERAGE(G8:P8) -> 9.7 | BP8: =AVERAGE(H8:Q8) -> 10.2 | BQ8: =AVERAGE(I8:R8) -> 9.9 | ... DD8: =AVERAGE(AV8:BE8) -> #N/A
A9: May | B9: 40 | C9: 40 | D9: 50 | E9: 23 | F9: 25 | G9: 36 | H9: 21 | I9: 25 | J9: 23 | K9: 18 | L9: 50 | M9: 45 | N9: 51 | O9: 50 | P9: 60 | Q9: 2 | R9: 30 | U9: 763 | X9: 15 | Y9: 35 | Z9: 22 | AA9: 5 | AB9: 8 | AC9: 30 | AD9: 3 | AE9: 3 | AF9: 23 | BA9: #N/A | BB9: #N/A | BC9: #N/A | BD9: #N/A | BE9: #N/A | BF9: #N/A | BG9: #N/A | BH9: #N/A | BI9: #N/A | BJ9: =AVERAGE(B9:K9) -> 30.1 | BK9: =AVERAGE(C9:L9) -> 31.1 | BL9: =AVERAGE(D9:M9) -> 31.6 | BM9: =AVERAGE(E9:N9) -> 31.7 | BN9: =AVERAGE(F9:O9) -> 34.4 | BO9: =AVERAGE(G9:P9) -> 37.9 | BP9: =AVERAGE(H9:Q9) -> 34.5 | BQ9: =AVERAGE(I9:R9) -> 35.4 | ... DD9: =AVERAGE(AV9:BE9) -> #N/A
A10: June | B10: 30 | C10: 30 | D10: 30 | E10: 35 | F10: 30 | G10: 36 | H10: 21 | I10: 25 | J10: 14 | K10: 13 | L10: 38 | M10: 53 | N10: 75 | O10: 57 | P10: 32 | Q10: 5 | R10: 28 | U10: 915 | X10: 27 | Y10: 38 | Z10: 20 | AA10: 42 | AB10: 40 | AC10: 45 | AD10: 12 | AE10: 15 | AF10: 17 | BA10: #N/A | BB10: #N/A | BC10: #N/A | BD10: #N/A | BE10: #N/A | BF10: #N/A | BG10: #N/A | BH10: #N/A | BI10: #N/A | BJ10: =AVERAGE(B10:K10) -> 26.4 | BK10: =AVERAGE(C10:L10) -> 27.2 | BL10: =AVERAGE(D10:M10) -> 29.5 | BM10: =AVERAGE(E10:N10) -> 34 | BN10: =AVERAGE(F10:O10) -> 36.2 | BO10: =AVERAGE(G10:P10) -> 36.4 | BP10: =AVERAGE(H10:Q10) -> 33.3 | BQ10: =AVERAGE(I10:R10) -> 34 | ... DD10: =AVERAGE(AV10:BE10) -> #N/A
A11: July | B11: 40 | C11: 40 | D11: 50 | E11: 57 | F11: 40 | G11: 50 | H11: 66 | I11: 55 | J11: 38 | K11: 45 | L11: 155 | M11: 123 | N11: 128 | O11: 95 | P11: 55 | Q11: 44 | R11: 50 | U11: 833 | W11: 36 | X11: 45 | Y11: 18 | Z11: 63 | AA11: 35 | AB11: 44 | AC11: 45 | AD11: 67 | AE11: 35 | AF11: 28 | BA11: #N/A | BB11: #N/A | BC11: #N/A | BD11: #N/A | BE11: #N/A | BF11: #N/A | BG11: #N/A | BH11: #N/A | BI11: #N/A | BJ11: =AVERAGE(B11:K11) -> 48.1 | BK11: =AVERAGE(C11:L11) -> 59.6 | BL11: =AVERAGE(D11:M11) -> 67.9 | BM11: =AVERAGE(E11:N11) -> 75.7 | BN11: =AVERAGE(F11:O11) -> 79.5 | BO11: =AVERAGE(G11:P11) -> 81 | BP11: =AVERAGE(H11:Q11) -> 80.4 | BQ11: =AVERAGE(I11:R11) -> 78.8 | ... DD11: =AVERAGE(AV11:BE11) -> #N/A
A12: August | B12: 40 | C12: 40 | D12: 75 | E12: 68 | F12: 50 | G12: 59 | H12: 170 | I12: 60 | J12: 33 | K12: 130 | L12: 102 | M12: 138 | N12: 71 | O12: 48 | P12: 67 | Q12: 85 | R12: 78 | U12: 996 | W12: 50 | X12: 69 | Y12: 55 | Z12: 79 | AA12: 27 | AB12: 58 | AC12: 42 | AD12: 25 | AE12: 47 | AF12: 6 | BA12: #N/A | BB12: #N/A | BC12: #N/A | BD12: #N/A | BE12: #N/A | BF12: #N/A | BG12: #N/A | BH12: #N/A | BI12: #N/A | BJ12: =AVERAGE(B12:K12) -> 72.5 | BK12: =AVERAGE(C12:L12) -> 78.7 | BL12: =AVERAGE(D12:M12) -> 88.5 | BM12: =AVERAGE(E12:N12) -> 88.1 | BN12: =AVERAGE(F12:O12) -> 86.1 | BO12: =AVERAGE(G12:P12) -> 87.8 | BP12: =AVERAGE(H12:Q12) -> 90.4 | BQ12: =AVERAGE(I12:R12) -> 81.2 | ... DD12: =AVERAGE(AV12:BE12) -> #N/A
A13: September | B13: 25 | C13: 25 | D13: 25 | E13: 0 | F13: 25 | G13: 19 | H13: 39 | I13: 79 | J13: 116 | K13: 94 | L13: 64 | M13: 47 | N13: 59 | O13: 74 | P13: 43 | Q13: 36 | R13: 39 | U13: 1083 | W13: 54 | X13: 35 | Y13: 23 | Z13: 58 | AA13: 53 | AB13: 43 | AC13: 46 | AD13: 38 | AE13: 75 | AF13: 31 | BA13: #N/A | BB13: #N/A | BC13: #N/A | BD13: #N/A | BE13: #N/A | BF13: #N/A | BG13: #N/A | BH13: #N/A | BI13: #N/A | BJ13: =AVERAGE(B13:K13) -> 44.7 | BK13: =AVERAGE(C13:L13) -> 48.6 | BL13: =AVERAGE(D13:M13) -> 50.8 | BM13: =AVERAGE(E13:N13) -> 54.2 | BN13: =AVERAGE(F13:O13) -> 61.6 | BO13: =AVERAGE(G13:P13) -> 63.4 | BP13: =AVERAGE(H13:Q13) -> 65.1 | BQ13: =AVERAGE(I13:R13) -> 65.1 | ... DD13: =AVERAGE(AV13:BE13) -> #N/A
A14: October | B14: 25 | C14: 25 | D14: 30 | E14: 0 | F14: 15 | G14: 33 | H14: 47 | I14: 68 | J14: 35 | K14: 38 | L14: 29 | M14: 23 | N14: 30 | O14: 26 | P14: 5 | Q14: 42 | R14: 26 | U14: 1357 | W14: 16 | X14: 42 | Y14: 8 | Z14: 23 | AA14: 16 | AB14: 7 | AC14: 15 | AD14: 17 | AE14: 34 | AF14: 27 | BA14: #N/A | BB14: #N/A | BC14: #N/A | BD14: #N/A | BE14: #N/A | BF14: #N/A | BG14: #N/A | BH14: #N/A | BI14: #N/A | BJ14: =AVERAGE(B14:K14) -> 31.6 | BK14: =AVERAGE(C14:L14) -> 32 | BL14: =AVERAGE(D14:M14) -> 31.8 | BM14: =AVERAGE(E14:N14) -> 31.8 | BN14: =AVERAGE(F14:O14) -> 34.4 | BO14: =AVERAGE(G14:P14) -> 33.4 | BP14: =AVERAGE(H14:Q14) -> 34.3 | BQ14: =AVERAGE(I14:R14) -> 32.2 | ... DD14: =AVERAGE(AV14:BE14) -> #N/A
A15: November | B15: 20 | C15: 20 | D15: 38 | E15: 0 | F15: 10 | G15: 12 | H15: 10 | I15: 36 | J15: 17 | K15: 4 | L15: 4 | M15: 4 | N15: 12 | O15: 13 | P15: 10 | Q15: 17 | R15: 15 | U15: 491 | W15: 10 | X15: 0 | Y15: 8 | Z15: 9 | AA15: 1 | AB15: 0 | AC15: 0 | AD15: 6 | AE15: 7 | AF15: 1 | BA15: #N/A | BB15: #N/A | BC15: #N/A | BD15: #N/A | BE15: #N/A | BF15: #N/A | BG15: #N/A | BH15: #N/A | BI15: #N/A | BJ15: =AVERAGE(B15:K15) -> 16.7 | BK15: =AVERAGE(C15:L15) -> 15.1 | BL15: =AVERAGE(D15:M15) -> 13.5 | BM15: =AVERAGE(E15:N15) -> 10.9 | BN15: =AVERAGE(F15:O15) -> 12.2 | BO15: =AVERAGE(G15:P15) -> 12.2 | BP15: =AVERAGE(H15:Q15) -> 12.7 | BQ15: =AVERAGE(I15:R15) -> 13.2 | ... DD15: =AVERAGE(AV15:BE15) -> #N/A
A16: December | B16: 2 | C16: 2 | D16: 2 | E16: 0 | F16: 0 | G16: 6 | H16: 2 | I16: 3 | J16: 7 | K16: 3 | L16: 7 | M16: 10 | N16: 0 | O16: 6 | P16: 0 | Q16: 12 | R16: 0 | U16: 185 | W16: 4 | X16: 0 | Y16: 6 | Z16: 0 | AA16: 1 | AB16: 6 | AC16: 9 | AE16: 0 | AF16: 2 | BA16: #N/A | BB16: #N/A | BC16: #N/A | BD16: #N/A | BE16: #N/A | BF16: #N/A | BG16: #N/A | BH16: #N/A | BI16: #N/A | BJ16: =AVERAGE(B16:K16) -> 2.7 | BK16: =AVERAGE(C16:L16) -> 3.2 | BL16: =AVERAGE(D16:M16) -> 4 | BM16: =AVERAGE(E16:N16) -> 3.8 | BN16: =AVERAGE(F16:O16) -> 4.4 | BO16: =AVERAGE(G16:P16) -> 4.4 | BP16: =AVERAGE(H16:Q16) -> 5 | BQ16: =AVERAGE(I16:R16) -> 4.8 | ... DD16: =AVERAGE(AV16:BE16) -> #N/A
A18: Yearly Totals | B18: =SUM(B5:B16) -> 227 | C18: =SUM(C5:C16) -> 227 | D18: =SUM(D5:D16) -> 305 | E18: =SUM(E5:E16) -> 214 | F18: =SUM(F5:F16) -> 200 | G18: =SUM(G5:G16) -> 256 | H18: =SUM(H5:H16) -> 405 | I18: =SUM(I5:I16) -> 356 | ... AZ18: =SUM(AZ5:AZ16) -> 0 | BX18: =AVERAGE(P18:Y18) -> 932.7 | BY18: =AVERAGE(Q18:Z18) -> 933.2 | BZ18: =AVERAGE(R18:AA18) -> 928.1 | CA18: =AVERAGE(S18:AB18) -> 923.8 | CB18: =AVERAGE(T18:AC18) -> 947

Sheet Rider Hollow
A1: Big Indian Wilderness Area
A2: RIDER HOLLOW
B3: 1991 | C3: 1992 | D3: 1993 | E3: 1994 | F3: 1995 | G3: 1996 | H3: 1997 | I3: 1998 | J3: 1999 | K3: 2000 | L3: 2001 | M3: 2002 | N3: 2003 | O3: 2004 | P3: 2005 | Q3: 2006 | R3: 2007 | S3: 2008 | T3: 2009 | U3: 2010 | V3: 2011 | W3: 2012 | X3: 2013 | Y3: 2014 | Z3: 2015 | AA3: 2016 | AB3: 2017 | AC3: 2018 | AD3: 2019 | AE3: 2020 | AF3: 2021 | AG3: 2022 | AH3: 2023 | AI3: 2024 | AJ3: 2025 | AK3: 2026 | AL3: 2027 | AM3: 2028 | AN3: 2029 | AO3: 2030 | AP3: 2031 | AQ3: 2032 | AR3: 2033 | AS3: 2034 | AT3: 2035 | AU3: 2036 | AV3: 2037 | AW3: 2038 | AX3: 2039 | AY3: 2040 | AZ3: 2041 | BA3: 10 Year Rolling Averages | BK3: 2001 | BL3: 2002 | BM3: 2003 | BN3: 2004 | BO3: 2005 | BP3: 2006 | BQ3: 2007 | BR3: 2008 | BS3: 2009 | BT3: 2010 | BU3: 2011 | BV3: 2012 | BW3: 2013 | BX3: 2014 | BY3: 10-YEAR-AVG-2015 | BZ3: 10-YEAR-AVG-2016 | CA3: 10-YEAR-AVG-2017 | CB3: 10-YEAR-AVG-2018 | CC3: 10-YEAR-AVG 2019 | CD3: 10-YEAR-AVG-2020 | CE3: 2021 | CF3: 2022 | CG3: 2023 | CH3: 2024 | CI3: 2025 | CJ3: 2026 | CK3: 2027 | CL3: 2028 | CM3: 2029 | CN3: 2030 | CO3: 2031 | CP3: 2032 | CQ3: 2033 | CR3: 2034 | CS3: 2035 | CT3: 2036 | CU3: 2037 | CV3: 2038 | CW3: 2039 | CX3: 2040 | CY3: 2041 | CZ3: 2042 | DA3: 2043 | DB3: 2044 | DC3: 2045 | DD3: 2046
A5: January | B5: 26 | C5: 24 | D5: 35 | E5: 20 | F5: 40 | G5: 13 | H5: 23 | I5: 54 | J5: 51 | K5: 34 | L5: 67 | M5: 72 | N5: 39 | O5: 55 | P5: 38 | Q5: 61 | R5: 49 | U5: 69 | W5: 101 | X5: 46 | Y5: 82 | Z5: 179 | AA5: 168 | AB5: 0 | AC5: 72 | AD5: 149 | AE5: 228 | AF5: 388 | AG5: =49+25+41+33 -> 148 | AH5: =25+34+55+34+39+41 -> 228 | AI5: =10+38+31+39 -> 118 | BB5: #N/A | BC5: #N/A | BD5: #N/A | BE5: #N/A | BF5: #N/A | BG5: #N/A | BH5: #N/A | BI5: #N/A | BJ5: =AVERAGE(B5:K5) -> 32 | BK5: =AVERAGE(C5:L5) -> 36.1 | BL5: =AVERAGE(D5:M5) -> 40.9 | BM5: =AVERAGE(E5:N5) -> 41.3 | BN5: =AVERAGE(F5:O5) -> 44.8 | BO5: =AVERAGE(G5:P5) -> 44.6 | BP5: =AVERAGE(H5:Q5) -> 49.4 | BQ5: =AVERAGE(I5:R5) -> 52 | ... DD5: =AVERAGE(AV5:BE5) -> #N/A
A6: February | B6: 21 | C6: 47 | D6: 17 | E6: 12 | F6: 43 | G6: 23 | H6: 27 | I6: 40 | J6: 70 | K6: 47 | L6: 37 | M6: 45 | N6: 35 | O6: 57 | P6: 48 | Q6: 52 | R6: 79 | U6: 70 | W6: 102 | X6: 104 | Y6: 107 | Z6: 78 | AA6: 187 | AB6: 0 | AC6: 124 | AD6: 154 | AE6: 195 | AF6: 187 | AG6: =4+44+42+47+49+12 -> 198 | AH6: =22+39+33+45+40+10 -> 189 | AI6: =22+51+37+31+20+28 -> 189 | BA6: #N/A | BB6: #N/A | BC6: #N/A | BD6: #N/A | BE6: #N/A | BF6: #N/A | BG6: #N/A | BH6: #N/A | BI6: #N/A | BJ6: =AVERAGE(B6:K6) -> 34.7 | BK6: =AVERAGE(C6:L6) -> 36.3 | BL6: =AVERAGE(D6:M6) -> 36.1 | BM6: =AVERAGE(E6:N6) -> 37.9 | BN6: =AVERAGE(F6:O6) -> 42.4 | BO6: =AVERAGE(G6:P6) -> 42.9 | BP6: =AVERAGE(H6:Q6) -> 45.8 | BQ6: =AVERAGE(I6:R6) -> 51 | ... DD6: =AVERAGE(AV6:BE6) -> #N/A
A7: March | B7: 26 | C7: 43 | D7: 7 | E7: 3 | F7: 37 | G7: 35 | H7: 64 | I7: 43 | J7: 31 | K7: 78 | L7: 45 | M7: 50 | N7: 45 | O7: 63 | P7: 49 | Q7: 57 | R7: 38 | U7: 19 | W7: 95 | X7: 92 | Y7: 65 | Z7: 79 | AA7: 149 | AB7: 88 | AC7: 93 | AD7: 146 | AE7: 253 | AF7: 164 | AG7: =17+38+40+43+17 -> 155 | AH7: =25+37+43+25 -> 130 | AI7: =12+39+35+3+(1+1+2+2+2+1+11+2+2+1+2+2+1+2+1+1+1+2)+(2+1+1+1+1+1+2+1+1+10+1+1+8+1+2+1+2+1+2) -> 166 | BA7: #N/A | BB7: #N/A | BC7: #N/A | BD7: #N/A | BE7: #N/A | BF7: #N/A | BG7: #N/A | BH7: #N/A | BI7: #N/A | BJ7: =AVERAGE(B7:K7) -> 36.7 | BK7: =AVERAGE(C7:L7) -> 38.6 | BL7: =AVERAGE(D7:M7) -> 39.3 | BM7: =AVERAGE(E7:N7) -> 43.1 | BN7: =AVERAGE(F7:O7) -> 49.1 | BO7: =AVERAGE(G7:P7) -> 50.3 | BP7: =AVERAGE(H7:Q7) -> 52.5 | BQ7: =AVERAGE(I7:R7) -> 49.9 | ... DD7: =AVERAGE(AV7:BE7) -> #N/A
A8: April | B8: 28 | C8: 25 | D8: 28 | E8: 37 | F8: 45 | G8: 40 | H8: 53 | I8: 47 | J8: 42 | K8: 59 | L8: 20 | M8: 45 | N8: 40 | O8: 48 | P8: 29 | Q8: 97 | R8: 41 | U8: 39 | W8: 124 | X8: 67 | Y8: 74 | Z8: 80 | AA8: 141 | AB8: 100 | AC8: 53 | AD8: 114 | AE8: 116 | AF8: 94.333333 | AG8: =13+32+36+31 -> 112 | AH8: =35+45+23 -> 103 | AI8: =(2+1+1+2+7+1+2+2+2+1+6+2+2+2+6+2+2+1+2+1)+(3+1+3+1+1+2+11+2+1+3+2+3+2+1+1+2+1)+(2+2+3+1+2+1+1+1+2+1) -> 103 | BA8: #N/A | BB8: #N/A | BC8: #N/A | BD8: #N/A | BE8: #N/A | BF8: #N/A | BG8: #N/A | BH8: #N/A | BI8: #N/A | BJ8: =AVERAGE(B8:K8) -> 40.4 | BK8: =AVERAGE(C8:L8) -> 39.6 | BL8: =AVERAGE(D8:M8) -> 41.6 | BM8: =AVERAGE(E8:N8) -> 42.8 | BN8: =AVERAGE(F8:O8) -> 43.9 | BO8: =AVERAGE(G8:P8) -> 42.3 | BP8: =AVERAGE(H8:Q8) -> 48 | BQ8: =AVERAGE(I8:R8) -> 46.8 | ... DD8: =AVERAGE(AV8:BE8) -> #N/A
A9: May | B9: 66 | C9: 55 | D9: 78 | E9: 108 | F9: 80 | G9: 60 | H9: 112 | I9: 89 | J9: 140 | K9: 89 | L9: 82 | M9: 102 | N9: 78 | O9: 91 | P9: 120 | Q9: 77 | R9: 125 | U9: 150 | W9: 83 | X9: 75 | Y9: 121 | Z9: 113 | AA9: 142 | AB9: 146 | AC9: 115 | AD9: 220 | AE9: 302 | AF9: 212.33333 | AG9: =37+45+35+43+35 -> 195 | AH9: =20+53+38+38+48+27 -> 224 | AI9: =(2+2+2+2+1+1+2)+(3+4+5+2+1+2+1+1+1+2+1+2+2+1+1+2+2+2+2+1)+(1+2+1+2+1+2+2+2+2+2+1+1+4+5+4+3+1+3+2+1)+(1+3+2) -> 98 | BA9: #N/A | BB9: #N/A | BC9: #N/A | BD9: #N/A | BE9: #N/A | BF9: #N/A | BG9: #N/A | BH9: #N/A | BI9: #N/A | BJ9: =AVERAGE(B9:K9) -> 87.7 | BK9: =AVERAGE(C9:L9) -> 89.3 | BL9: =AVERAGE(D9:M9) -> 94 | BM9: =AVERAGE(E9:N9) -> 94 | BN9: =AVERAGE(F9:O9) -> 92.3 | BO9: =AVERAGE(G9:P9) -> 96.3 | BP9: =AVERAGE(H9:Q9) -> 98 | BQ9: =AVERAGE(I9:R9) -> 99.3 | ... DD9: =AVERAGE(AV9:BE9) -> #N/A
A10: June | B10: 59 | C10: 43 | D10: 45 | E10: 78 | F10: 128 | G10: 70 | H10: 83 | I10: 64 | J10: 107 | K10: 58 | L10: 66 | M10: 73 | N10: 67 | O10: 79 | P10: 74 | Q10: 62 | R10: 129 | U10: 90 | W10: 82 | X10: 141 | Y10: 155 | Z10: 72 | AA10: 129 | AB10: 112 | AC10: 112 | AD10: 168 | AE10: 248 | AF10: 176 | AG10: =8+37+26+46+33+1 -> 151 | AH10: =6+38+33 -> 77 | AI10: =(1+1+2+5+1+1+4+2+1+2+1+2+1+2+2+2)+(1+3+2+3+1+1+2+1+1+1+11+1+3+1+2+1+2+1+1+6)+(4+1+1+1+1+2+2+1+3+1+1) -> 93 | BA10: #N/A | BB10: #N/A | BC10: #N/A | BD10: #N/A | BE10: #N/A | BF10: #N/A | BG10: #N/A | BH10: #N/A | BI10: #N/A | BJ10: =AVERAGE(B10:K10) -> 73.5 | BK10: =AVERAGE(C10:L10) -> 74.2 | BL10: =AVERAGE(D10:M10) -> 77.2 | BM10: =AVERAGE(E10:N10) -> 79.4 | BN10: =AVERAGE(F10:O10) -> 79.5 | BO10: =AVERAGE(G10:P10) -> 74.1 | BP10: =AVERAGE(H10:Q10) -> 73.3 | BQ10: =AVERAGE(I10:R10) -> 77.9 | ... DD10: =AVERAGE(AV10:BE10) -> #N/A
A11: July | B11: 73 | C11: 88 | D11: 103 | E11: 114 | F11: 193 | G11: 131 | H11: 132 | I11: 80 | J11: 98 | K11: 90 | L11: 141 | M11: 142 | N11: 113 | O11: 121 | P11: 135 | Q11: 88 | R11: 128 | U11: 118 | W11: 119 | X11: 115 | Y11: 207 | Z11: 147 | AA11: 125 | AB11: 173 | AC11: 137 | AD11: 213 | AE11: 320 | AF11: 223.33333 | AG11: =64+43+34+35+32+23 -> 231 | AH11: =5+19+36+32+40+40+10 -> 182 | AI11: =(1+2+1+1+1+2+2)+(1+2+1+1+7+1+3+2+1+2+3+1+2+1+1+2+1+1+7)+(1+2+2+1+1+1+2+1+1+5+1+2+2+2+2+1+2+1+8)+(5+3+2+3+2+1+2+2+2+3+1+2+1+3+2+1+3+2) -> 128 | BA11: #N/A | BB11: #N/A | BC11: #N/A | BD11: #N/A | BE11: #N/A | BF11: #N/A | BG11: #N/A | BH11: #N/A | BI11: #N/A | BJ11: =AVERAGE(B11:K11) -> 110.2 | BK11: =AVERAGE(C11:L11) -> 117 | BL11: =AVERAGE(D11:M11) -> 122.4 | BM11: =AVERAGE(E11:N11) -> 123.4 | BN11: =AVERAGE(F11:O11) -> 124.1 | BO11: =AVERAGE(G11:P11) -> 118.3 | BP11: =AVERAGE(H11:Q11) -> 114 | BQ11: =AVERAGE(I11:R11) -> 113.6 | ... DD11: =AVERAGE(AV11:BE11) -> #N/A
A12: August | B12: 79 | C12: 73 | D12: 89 | E12: 87 | F12: 78 | G12: 93 | H12: 107 | I12: 110 | J12: 88 | K12: 70 | L12: 71 | M12: 104 | N12: 95 | O12: 113 | P12: 181 | Q12: 126 | R12: 160 | U12: 109 | W12: 118 | X12: 180 | Y12: 228 | Z12: 205 | AA12: 231 | AB12: 179 | AC12: 241 | AD12: 207 | AE12: 314 | AF12: 254 | AG12: =18+39+35+38+17 -> 147 | AH12: =15+44+31+42+29 -> 161 | AI12: =(2)+(2+1+2+2+2+2+1+2+1+1+2+1+2+2+2+1+2+1+2+1)+(2+2+1+1+2+1+2+1+2+2+5+1+2+1+2+1+5+2+3+2)+(2+1+2+1+1+2+3+5+5+2+1+2+1+2+2+2+2+5+1+1)+(1+1+1+2+2+3+1+5+1+1+2+5+2+3+3) -> 150 | BA12: #N/A | BB12: #N/A | BC12: #N/A | BD12: #N/A | BE12: #N/A | BF12: #N/A | BG12: #N/A | BH12: #N/A | BI12: #N/A | BJ12: =AVERAGE(B12:K12) -> 87.4 | BK12: =AVERAGE(C12:L12) -> 86.6 | BL12: =AVERAGE(D12:M12) -> 89.7 | BM12: =AVERAGE(E12:N12) -> 90.3 | BN12: =AVERAGE(F12:O12) -> 92.9 | BO12: =AVERAGE(G12:P12) -> 103.2 | BP12: =AVERAGE(H12:Q12) -> 106.5 | BQ12: =AVERAGE(I12:R12) -> 111.8 | ... DD12: =AVERAGE(AV12:BE12) -> #N/A
A13: September | B13: 33 | C13: 37 | D13: 49 | E13: 60 | F13: 102 | G13: 103 | H13: 75 | I13: 106 | J13: 76 | K13: 76 | L13: 73 | M13: 74 | N13: 97 | O13: 90 | P13: 94 | Q13: 84 | R13: 107 | U13: 107 | W13: 154 | X13: 125 | Y13: 135 | Z13: 146 | AA13: 178 | AB13: 182 | AC13: 221 | AD13: 160 | AE13: 386 | AF13: 255.66667 | AG13: =18+39+42+32+72+20 -> 223 | AH13: =4+42+43 -> 89 | AI13: =(3+2+1+1)+(3+2+1+1+1+2+6+1+2+1+1+2+1+1+2+3+2+2+2+1)+(2+4+2+4+3+2+2+3+1+1+1+2+2+2+2+1+3+2+1+1)+(3+2+1) -> 91 | BA13: #N/A | BB13: #N/A | BC13: #N/A | BD13: #N/A | BE13: #N/A | BF13: #N/A | BG13: #N/A | BH13: #N/A | BI13: #N/A | BJ13: =AVERAGE(B13:K13) -> 71.7 | BK13: =AVERAGE(C13:L13) -> 75.7 | BL13: =AVERAGE(D13:M13) -> 79.4 | BM13: =AVERAGE(E13:N13) -> 84.2 | BN13: =AVERAGE(F13:O13) -> 87.2 | BO13: =AVERAGE(G13:P13) -> 86.4 | BP13: =AVERAGE(H13:Q13) -> 84.5 | BQ13: =AVERAGE(I13:R13) -> 87.7 | ... DD13: =AVERAGE(AV13:BE13) -> #N/A
A14: October | B14: 60 | C14: 71 | D14: 74 | E14: 84 | F14: 78 | G14: 99 | H14: 131 | I14: 97 | J14: 90 | K14: 84 | L14: 114 | M14: 120 | N14: 119 | O14: 80 | P14: 46 | Q14: 121 | R14: 78 | U14: 132 | W14: 126 | Y14: 117 | Z14: 145 | AA14: 180 | AB14: 187 | AC14: 129 | AD14: 250 | AE14: 432 | AF14: 270.33333 | AG14: =15+53+37+51+35+27 -> 218 | AH14: =6+12+32+25+47+29 -> 151 | BA14: #N/A | BB14: #N/A | BC14: #N/A | BD14: #N/A | BE14: #N/A | BF14: #N/A | BG14: #N/A | BH14: #N/A | BI14: #N/A | BJ14: =AVERAGE(B14:K14) -> 86.8 | BK14: =AVERAGE(C14:L14) -> 92.2 | BL14: =AVERAGE(D14:M14) -> 97.1 | BM14: =AVERAGE(E14:N14) -> 101.6 | BN14: =AVERAGE(F14:O14) -> 101.2 | BO14: =AVERAGE(G14:P14) -> 98 | BP14: =AVERAGE(H14:Q14) -> 100.2 | BQ14: =AVERAGE(I14:R14) -> 94.9 | ... DD14: =AVERAGE(AV14:BE14) -> #N/A
A15: November | B15: 21 | C15: 18 | D15: 36 | E15: 52 | F15: 18 | G15: 50 | H15: 36 | I15: 66 | J15: 51 | K15: 50 | L15: 73 | M15: 61 | N15: 72 | O15: 50 | P15: 88 | Q15: 91 | R15: 83 | U15: 72 | W15: 78 | X15: 54 | Y15: 90 | Z15: 148 | AA15: 141 | AB15: 102 | AC15: 78 | AD15: 135 | AE15: 231 | AF15: 148 | AG15: =14+50+42+2 -> 108 | AH15: =6+17+30+35+50+7 -> 145 | BA15: #N/A | BB15: #N/A | BC15: #N/A | BD15: #N/A | BE15: #N/A | BF15: #N/A | BG15: #N/A | BH15: #N/A | BI15: #N/A | BJ15: =AVERAGE(B15:K15) -> 39.8 | BK15: =AVERAGE(C15:L15) -> 45 | BL15: =AVERAGE(D15:M15) -> 49.3 | BM15: =AVERAGE(E15:N15) -> 52.9 | BN15: =AVERAGE(F15:O15) -> 52.7 | BO15: =AVERAGE(G15:P15) -> 59.7 | BP15: =AVERAGE(H15:Q15) -> 63.8 | BQ15: =AVERAGE(I15:R15) -> 68.5 | ... DD15: =AVERAGE(AV15:BE15) -> #N/A
A16: December | B16: 20 | C16: 0 | D16: 13 | E16: 32 | F16: 20 | G16: 38 | H16: 42 | I16: 41 | J16: 54 | K16: 19 | L16: 76 | M16: 51 | N16: 69 | O16: 56 | P16: 44 | Q16: 71 | R16: 75 | U16: 51 | W16: 62 | X16: 93 | Y16: 88 | Z16: 99 | AA16: 113 | AB16: 48 | AC16: 122 | AD16: 124 | AE16: 76 | AF16: 200 | AG16: =37+38+36+25 -> 136 | AH16: =25+36+40+27 -> 128 | BA16: #N/A | BB16: #N/A | BC16: #N/A | BD16: #N/A | BE16: #N/A | BF16: #N/A | BG16: #N/A | BH16: #N/A | BI16: #N/A | BJ16: =AVERAGE(B16:K16) -> 27.9 | BK16: =AVERAGE(C16:L16) -> 33.5 | BL16: =AVERAGE(D16:M16) -> 38.6 | BM16: =AVERAGE(E16:N16) -> 44.2 | BN16: =AVERAGE(F16:O16) -> 46.6 | BO16: =AVERAGE(G16:P16) -> 49 | BP16: =AVERAGE(H16:Q16) -> 52.3 | BQ16: =AVERAGE(I16:R16) -> 55.6 | ... DD16: =AVERAGE(AV16:BE16) -> #N/A
A18: Yearly Totals | B18: =SUM(B5:B16) -> 512 | C18: =SUM(C5:C16) -> 524 | D18: =SUM(D5:D16) -> 574 | E18: =SUM(E5:E16) -> 687 | F18: =SUM(F5:F16) -> 862 | G18: =SUM(G5:G16) -> 755 | H18: =SUM(H5:H16) -> 885 | I18: =SUM(I5:I16) -> 837 | ... AZ18: =SUM(AZ5:AZ16) -> 0 | BX18: =AVERAGE(P18:Y18) -> 785.6 | BY18: =AVERAGE(Q18:Z18) -> 840.1 | BZ18: =AVERAGE(R18:AA18) -> 929.8 | CA18: =AVERAGE(S18:AB18) -> 952.3 | CB18: =AVERAGE(T18:AC18) -> 1102 | CC18: =AVERAGE(U18:AD18) -> 1306

Sheet Seager
A1: Big Indian Wilderness Area
A2: SEAGER
B3: 1991 | C3: 1992 | D3: 1993 | E3: 1994 | F3: 1995 | G3: 1996 | H3: 1997 | I3: 1998 | J3: 1999 | K3: 2000 | L3: 2001 | M3: 2002 | N3: 2003 | O3: 2004 | P3: 2005 | Q3: 2006 | R3: 2007 | S3: 2008 | T3: 2009 | U3: 2010 | V3: 2011 | W3: 2012 | X3: 2013 | Y3: 2014 | Z3: 2015 | AA3: 2016 | AB3: 2017 | AC3: 2018 | AD3: 2019 | AE3: 2020 | AF3: 2021 | AG3: 2022 | AH3: 2023 | AI3: 2024 | AJ3: 2025 | AK3: 2026 | AL3: 2027 | AM3: 2028 | AN3: 2029 | AO3: 2030 | AP3: 2031 | AQ3: 2032 | AR3: 2033 | AS3: 2034 | AT3: 2035 | AU3: 2036 | AV3: 2037 | AW3: 2038 | AX3: 2039 | AY3: 2040 | AZ3: 2041 | BA3: 10 Year Rolling Averages | BK3: 2001 | BL3: 2002 | BM3: 2003 | BN3: 2004 | BO3: 2005 | BP3: 2006 | BQ3: 2007 | BR3: 2008 | BS3: 2009 | BT3: 2010 | BU3: 2011 | BV3: 2012 | BW3: 2013 | BX3: 2014 | BY3: 10-YEAR-AVG-2015 | BZ3: 10-YEAR-AVG-2016 | CA3: 10-YEAR-AVG-2017 | CB3: 10-YEAR-AVG-2018 | CC3: 10-YEAR-AVG 2019 | CD3: 10-YEAR-AVG-2020 | CE3: 2021 | CF3: 2022 | CG3: 2023 | CH3: 2024 | CI3: 2025 | CJ3: 2026 | CK3: 2027 | CL3: 2028 | CM3: 2029 | CN3: 2030 | CO3: 2031 | CP3: 2032 | CQ3: 2033 | CR3: 2034 | CS3: 2035 | CT3: 2036 | CU3: 2037 | CV3: 2038 | CW3: 2039 | CX3: 2040 | CY3: 2041 | CZ3: 2042 | DA3: 2043 | DB3: 2044 | DC3: 2045 | DD3: 2046
A5: January | B5: 13 | C5: 12 | D5: 10 | E5: 9 | F5: 5 | G5: 2 | H5: 23 | I5: 52 | J5: 39 | K5: 38 | L5: 48 | M5: 46 | N5: 83 | O5: 49 | P5: 29 | Q5: 57 | R5: 49 | U5: 35 | W5: 66 | X5: 66 | Y5: 52 | Z5: 100 | AA5: 160 | AB5: 196 | AC5: 102 | AD5: 96 | AE5: 110 | AF5: 18 | AG5: =10 -> 10 | AH5: =12+3 -> 15 | AI5: =1+2+1+1+1+5+8+2+2+1 -> 24 | BB5: #N/A | BC5: #N/A | BD5: #N/A | BE5: #N/A | BF5: #N/A | BG5: #N/A | BH5: #N/A | BI5: #N/A | BJ5: =AVERAGE(B5:K5) -> 20.3 | BK5: =AVERAGE(C5:L5) -> 23.8 | BL5: =AVERAGE(D5:M5) -> 27.2 | BM5: =AVERAGE(E5:N5) -> 34.5 | BN5: =AVERAGE(F5:O5) -> 38.5 | BO5: =AVERAGE(G5:P5) -> 40.9 | BP5: =AVERAGE(H5:Q5) -> 46.4 | BQ5: =AVERAGE(I5:R5) -> 49 | ... DD5: =AVERAGE(AV5:BE5) -> #N/A
A6: February | B6: 6 | C6: 9 | D6: 1 | E6: 14 | F6: 9 | G6: 6 | H6: 70 | I6: 52 | J6: 57 | K6: 31 | L6: 63 | M6: 60 | N6: 67 | O6: 63 | P6: 70 | Q6: 53 | R6: 53 | U6: 34 | W6: 76 | X6: 51 | Y6: 65 | Z6: 21 | AA6: 96 | AB6: 126 | AC6: 77 | AD6: 49 | AE6: 135 | AF6: 23 | AG6: =26+3 -> 29 | AH6: =27 -> 27 | AI6: =1+1+1+1+1+3+4+1+1+6+1+4+1+1+2+2 -> 31 | BA6: #N/A | BB6: #N/A | BC6: #N/A | BD6: #N/A | BE6: #N/A | BF6: #N/A | BG6: #N/A | BH6: #N/A | BI6: #N/A | BJ6: =AVERAGE(B6:K6) -> 25.5 | BK6: =AVERAGE(C6:L6) -> 31.2 | BL6: =AVERAGE(D6:M6) -> 36.3 | BM6: =AVERAGE(E6:N6) -> 42.9 | BN6: =AVERAGE(F6:O6) -> 47.8 | BO6: =AVERAGE(G6:P6) -> 53.9 | BP6: =AVERAGE(H6:Q6) -> 58.6 | BQ6: =AVERAGE(I6:R6) -> 56.9 | ... DD6: =AVERAGE(AV6:BE6) -> #N/A
A7: March | B7: 14 | C7: 9 | D7: 3 | E7: 9 | F7: 25 | G7: 9 | H7: 58 | I7: 42 | J7: 30 | K7: 36 | L7: 31 | M7: 35 | N7: 51 | O7: 47 | P7: 40 | Q7: 52 | R7: 24 | U7: 32 | W7: 48 | X7: 60 | Y7: 80 | Z7: 32 | AA7: 163 | AB7: 42 | AC7: 58 | AD7: 73 | AE7: 119 | AF7: 33 | AG7: =20 -> 20 | AH7: =23 -> 23 | AI7: =1+2+1+1+1+2+2+1+1+1+2 -> 15 | BA7: #N/A | BB7: #N/A | BC7: #N/A | BD7: #N/A | BE7: #N/A | BF7: #N/A | BG7: #N/A | BH7: #N/A | BI7: #N/A | BJ7: =AVERAGE(B7:K7) -> 23.5 | BK7: =AVERAGE(C7:L7) -> 25.2 | BL7: =AVERAGE(D7:M7) -> 27.8 | BM7: =AVERAGE(E7:N7) -> 32.6 | BN7: =AVERAGE(F7:O7) -> 36.4 | BO7: =AVERAGE(G7:P7) -> 37.9 | BP7: =AVERAGE(H7:Q7) -> 42.2 | BQ7: =AVERAGE(I7:R7) -> 38.8 | ... DD7: =AVERAGE(AV7:BE7) -> #N/A
A8: April | B8: 3 | C8: 0 | D8: 5 | E8: 2 | F8: 35 | G8: 2 | H8: 54 | I8: 61 | J8: 50 | K8: 55 | L8: 40 | M8: 46 | N8: 27 | O8: 42 | P8: 55 | Q8: 66 | R8: 29 | U8: 58 | W8: 88 | X8: 83 | Y8: 20 | Z8: 52 | AA8: 108 | AB8: 106 | AC8: 52 | AD8: 63 | AE8: 16 | AF8: 38 | AG8: =12+38 -> 50 | AH8: =15+33 -> 48 | AI8: =2+4+1+2+1+2+1+1+9+1+1+1+1+2+1+2+1+1+2+2+2 -> 40 | BA8: #N/A | BB8: #N/A | BC8: #N/A | BD8: #N/A | BE8: #N/A | BF8: #N/A | BG8: #N/A | BH8: #N/A | BI8: #N/A | BJ8: =AVERAGE(B8:K8) -> 26.7 | BK8: =AVERAGE(C8:L8) -> 30.4 | BL8: =AVERAGE(D8:M8) -> 35 | BM8: =AVERAGE(E8:N8) -> 37.2 | BN8: =AVERAGE(F8:O8) -> 41.2 | BO8: =AVERAGE(G8:P8) -> 43.2 | BP8: =AVERAGE(H8:Q8) -> 49.6 | BQ8: =AVERAGE(I8:R8) -> 47.1 | ... DD8: =AVERAGE(AV8:BE8) -> #N/A
A9: May | B9: 9 | C9: 15 | D9: 27 | E9: 27 | F9: 26 | G9: 22 | H9: 100 | I9: 52 | J9: 121 | K9: 70 | L9: 52 | M9: 63 | N9: 58 | O9: 107 | P9: 111 | Q9: 103 | R9: 93 | U9: 73 | W9: 84 | X9: 81 | Y9: 110 | Z9: 99 | AA9: 104 | AB9: 111 | AC9: 88 | AD9: 145 | AE9: 89 | AF9: 43 | AG9: =40+37 -> 77 | AH9: =12+28+30 -> 70 | AI9: =1+2+1+1+1+4+2+1+4+2+2+5+2+1+2+2+1+2+2+1+2+1+1+2+2+2+3+1 -> 53 | BA9: #N/A | BB9: #N/A | BC9: #N/A | BD9: #N/A | BE9: #N/A | BF9: #N/A | BG9: #N/A | BH9: #N/A | BI9: #N/A | BJ9: =AVERAGE(B9:K9) -> 46.9 | BK9: =AVERAGE(C9:L9) -> 51.2 | BL9: =AVERAGE(D9:M9) -> 56 | BM9: =AVERAGE(E9:N9) -> 59.1 | BN9: =AVERAGE(F9:O9) -> 67.1 | BO9: =AVERAGE(G9:P9) -> 75.6 | BP9: =AVERAGE(H9:Q9) -> 83.7 | BQ9: =AVERAGE(I9:R9) -> 83 | ... DD9: =AVERAGE(AV9:BE9) -> #N/A
A10: June | B10: 4 | C10: 9 | D10: 18 | E10: 3 | F10: 25 | G10: 20 | H10: 89 | I10: 79 | J10: 96 | K10: 100 | L10: 78 | M10: 48 | N10: 51 | O10: 104 | P10: 75 | Q10: 38 | R10: 77 | U10: 16 | W10: 94 | X10: 80 | Y10: 120 | Z10: 79 | AA10: 165 | AB10: 88 | AC10: 165 | AD10: 103 | AE10: 113 | AF10: 82 | AG10: =9+50+3 -> 62 | AH10: =21+40 -> 61 | AI10: =2+2+1+7+1+1+2+2+1+10+4+1+1+2+1+4+1+1+2+5+1+2+2+1+8+3+3+2 -> 73 | BA10: #N/A | BB10: #N/A | BC10: #N/A | BD10: #N/A | BE10: #N/A | BF10: #N/A | BG10: #N/A | BH10: #N/A | BI10: #N/A | BJ10: =AVERAGE(B10:K10) -> 44.3 | BK10: =AVERAGE(C10:L10) -> 51.7 | BL10: =AVERAGE(D10:M10) -> 55.6 | BM10: =AVERAGE(E10:N10) -> 58.9 | BN10: =AVERAGE(F10:O10) -> 69 | BO10: =AVERAGE(G10:P10) -> 74 | BP10: =AVERAGE(H10:Q10) -> 75.8 | BQ10: =AVERAGE(I10:R10) -> 74.6 | ... DD10: =AVERAGE(AV10:BE10) -> #N/A
A11: July | B11: 8 | C11: 42 | D11: 35 | E11: 48 | F11: 45 | G11: 78 | H11: 98 | I11: 92 | J11: 77 | K11: 70 | L11: 121 | M11: 129 | N11: 153 | O11: 68 | P11: 154 | Q11: 176 | R11: 147 | U11: 222 | W11: 168 | X11: 229 | Y11: 187 | Z11: 138 | AA11: 245 | AB11: 260 | AC11: 225 | AD11: 252 | AE11: 137 | AF11: 123 | AG11: =43+46+30 -> 119 | AH11: =42+11+48 -> 101 | AI11: =3+2+2+2+2+2+4+1+2+1+2+4+1+1+1+2+4+2+2+9+2+1+1+1+2+2+4+2+2+2+1+1+2+2+2+2 -> 78 | BA11: #N/A | BB11: #N/A | BC11: #N/A | BD11: #N/A | BE11: #N/A | BF11: #N/A | BG11: #N/A | BH11: #N/A | BI11: #N/A | BJ11: =AVERAGE(B11:K11) -> 59.3 | BK11: =AVERAGE(C11:L11) -> 70.6 | BL11: =AVERAGE(D11:M11) -> 79.3 | BM11: =AVERAGE(E11:N11) -> 91.1 | BN11: =AVERAGE(F11:O11) -> 93.1 | BO11: =AVERAGE(G11:P11) -> 104 | BP11: =AVERAGE(H11:Q11) -> 113.8 | BQ11: =AVERAGE(I11:R11) -> 118.7 | ... DD11: =AVERAGE(AV11:BE11) -> #N/A
A12: August | B12: 43 | C12: 29 | D12: 40 | E12: 27 | F12: 35 | G12: 97 | H12: 117 | I12: 100 | J12: 59 | K12: 89 | L12: 99 | M12: 109 | N12: 147 | O12: 110 | P12: 139 | Q12: 156 | R12: 192 | U12: 158 | W12: 245 | X12: 147 | Y12: 214 | Z12: 237 | AA12: 250 | AB12: 188 | AC12: 162 | AD12: 278 | AE12: 204 | AF12: 126 | AG12: =9+47+36+27 -> 119 | AH12: =39+44+39 -> 122 | AI12: =2+1+1+4+2+3+2+1+1+2+4+2+1+2+1+3+3+2+1+1+2+2+1+2+1+4+1+1+4+1+1+1+2+1 -> 63 | BA12: #N/A | BB12: #N/A | BC12: #N/A | BD12: #N/A | BE12: #N/A | BF12: #N/A | BG12: #N/A | BH12: #N/A | BI12: #N/A | BJ12: =AVERAGE(B12:K12) -> 63.6 | BK12: =AVERAGE(C12:L12) -> 69.2 | BL12: =AVERAGE(D12:M12) -> 77.2 | BM12: =AVERAGE(E12:N12) -> 87.9 | BN12: =AVERAGE(F12:O12) -> 96.2 | BO12: =AVERAGE(G12:P12) -> 106.6 | BP12: =AVERAGE(H12:Q12) -> 112.5 | BQ12: =AVERAGE(I12:R12) -> 120 | ... DD12: =AVERAGE(AV12:BE12) -> #N/A
A13: September | B13: 22 | C13: 14 | D13: 20 | E13: 31 | F13: 38 | G13: 50 | H13: 69 | I13: 108 | J13: 87 | K13: 87 | L13: 115 | M13: 58 | N13: 60 | O13: 70 | P13: 162 | Q13: 81 | R13: 135 | U13: 137 | W13: 138 | X13: 146 | Y13: 99 | Z13: 166 | AA13: 99 | AB13: 181 | AC13: 148 | AD13: 128 | AE13: 141 | AF13: 126 | AG13: =13+33 -> 46 | AH13: =5+31 -> 36 | BA13: #N/A | BB13: #N/A | BC13: #N/A | BD13: #N/A | BE13: #N/A | BF13: #N/A | BG13: #N/A | BH13: #N/A | BI13: #N/A | BJ13: =AVERAGE(B13:K13) -> 52.6 | BK13: =AVERAGE(C13:L13) -> 61.9 | BL13: =AVERAGE(D13:M13) -> 66.3 | BM13: =AVERAGE(E13:N13) -> 70.3 | BN13: =AVERAGE(F13:O13) -> 74.2 | BO13: =AVERAGE(G13:P13) -> 86.6 | BP13: =AVERAGE(H13:Q13) -> 89.7 | BQ13: =AVERAGE(I13:R13) -> 96.3 | ... DD13: =AVERAGE(AV13:BE13) -> #N/A
A14: October | B14: 22 | C14: 17 | D14: 21 | E14: 35 | F14: 17 | G14: 56 | H14: 69 | I14: 94 | J14: 80 | K14: 127 | L14: 68 | M14: 58 | N14: 101 | O14: 103 | P14: 44 | Q14: 177 | R14: 85 | U14: 107 | W14: 86 | X14: 162 | Y14: 106 | Z14: 120 | AA14: 144 | AB14: 133 | AC14: 104 | AD14: 109 | AE14: 130 | AF14: 104 | AG14: =2+38+21 -> 61 | AH14: =5+28+8 -> 41 | BA14: #N/A | BB14: #N/A | BC14: #N/A | BD14: #N/A | BE14: #N/A | BF14: #N/A | BG14: #N/A | BH14: #N/A | BI14: #N/A | BJ14: =AVERAGE(B14:K14) -> 53.8 | BK14: =AVERAGE(C14:L14) -> 58.4 | BL14: =AVERAGE(D14:M14) -> 62.5 | BM14: =AVERAGE(E14:N14) -> 70.5 | BN14: =AVERAGE(F14:O14) -> 77.3 | BO14: =AVERAGE(G14:P14) -> 80 | BP14: =AVERAGE(H14:Q14) -> 92.1 | BQ14: =AVERAGE(I14:R14) -> 93.7 | ... DD14: =AVERAGE(AV14:BE14) -> #N/A
A15: November | B15: 11 | C15: 2 | D15: 5 | E15: 26 | F15: 20 | G15: 36 | H15: 32 | I15: 51 | J15: 66 | K15: 60 | L15: 76 | M15: 41 | N15: 51 | O15: 34 | P15: 75 | Q15: 75 | R15: 60 | U15: 54 | W15: 65 | X15: 68 | Y15: 80 | Z15: 164 | AA15: 57 | AB15: 98 | AC15: 61 | AD15: 95 | AE15: 72 | AF15: 50 | AG15: =17+2 -> 19 | AH15: =21+17 -> 38 | BA15: #N/A | BB15: #N/A | BC15: #N/A | BD15: #N/A | BE15: #N/A | BF15: #N/A | BG15: #N/A | BH15: #N/A | BI15: #N/A | BJ15: =AVERAGE(B15:K15) -> 30.9 | BK15: =AVERAGE(C15:L15) -> 37.4 | BL15: =AVERAGE(D15:M15) -> 41.3 | BM15: =AVERAGE(E15:N15) -> 45.9 | BN15: =AVERAGE(F15:O15) -> 46.7 | BO15: =AVERAGE(G15:P15) -> 52.2 | BP15: =AVERAGE(H15:Q15) -> 56.1 | BQ15: =AVERAGE(I15:R15) -> 58.9 | ... DD15: =AVERAGE(AV15:BE15) -> #N/A
A16: December | B16: 16 | C16: 0 | D16: 3 | E16: 4 | F16: 13 | G16: 23 | H16: 11 | I16: 48 | J16: 25 | K16: 19 | L16: 24 | M16: 13 | N16: 40 | O16: 59 | P16: 22 | Q16: 67 | R16: 50 | U16: 22 | W16: 45 | X16: 44 | Y16: 83 | Z16: 113 | AA16: 75 | AB16: 51 | AC16: 91 | AD16: 55 | AE16: 27 | AF16: 48 | AG16: =16 -> 16 | AH16: =22 -> 22 | BA16: #N/A | BB16: #N/A | BC16: #N/A | BD16: #N/A | BE16: #N/A | BF16: #N/A | BG16: #N/A | BH16: #N/A | BI16: #N/A | BJ16: =AVERAGE(B16:K16) -> 16.2 | BK16: =AVERAGE(C16:L16) -> 17 | BL16: =AVERAGE(D16:M16) -> 18.3 | BM16: =AVERAGE(E16:N16) -> 22 | BN16: =AVERAGE(F16:O16) -> 27.5 | BO16: =AVERAGE(G16:P16) -> 28.4 | BP16: =AVERAGE(H16:Q16) -> 32.8 | BQ16: =AVERAGE(I16:R16) -> 36.7 | ... DD16: =AVERAGE(AV16:BE16) -> #N/A
A18: Yearly Totals | B18: =SUM(B5:B16) -> 171 | C18: =SUM(C5:C16) -> 158 | D18: =SUM(D5:D16) -> 188 | E18: =SUM(E5:E16) -> 235 | F18: =SUM(F5:F16) -> 293 | G18: =SUM(G5:G16) -> 401 | H18: =SUM(H5:H16) -> 790 | I18: =SUM(I5:I16) -> 831 | ... AZ18: =SUM(AZ5:AZ16) -> 0 | BX18: =AVERAGE(P18:Y18) -> 765.5 | BY18: =AVERAGE(Q18:Z18) -> 800 | BZ18: =AVERAGE(R18:AA18) -> 856.5 | CA18: =AVERAGE(S18:AB18) -> 915.1 | CB18: =AVERAGE(T18:AC18) -> 1048.4

Sheet Onteora Lake
A1: Bluestone Wild Forest
A2: ONTEORA LAKE (Interior Register)
B3: 1991 | C3: 1992 | D3: 1993 | E3: 1994 | F3: 1995 | G3: 1996 | H3: 1997 | I3: 1998 | J3: 1999 | K3: 2000 | L3: 2001 | M3: 2002 | N3: 2003 | O3: 2004 | P3: 2005 | Q3: 2006 | R3: 2007 | S3: 2008 | T3: 2009 | U3: 2010 | V3: 2011 | W3: 2012 | X3: 2013 | Y3: 2014 | Z3: 2015 | AA3: 2016 | AB3: 2017 | AC3: 2018 | AD3: 2019 | AE3: 2020 | AF3: 2021 | AG3: 2022 | AH3: 2023 | AI3: 2023 | AJ3: 2024 | AK3: 2025 | AL3: 2026 | AM3: 2027 | AN3: 2028 | AO3: 2029 | AP3: 2030 | AQ3: 2031 | AR3: 2032 | AS3: 2033 | AT3: 2034 | AU3: 2035 | AV3: 2036 | AW3: 2037 | AX3: 2038 | AY3: 2039 | AZ3: 2040 | BA3: 2041 | BB3: 10 Year Rolling Averages | BL3: 2001 | BM3: 2002 | BN3: 2003 | BO3: 2004 | BP3: 2005 | BQ3: 2006 | BR3: 2007 | BS3: 2008 | BT3: 2009 | BU3: 2010 | BV3: 2011 | BW3: 2012 | BX3: 2013 | BY3: 2014 | BZ3: 2024 | CA3: 10-YEAR-AVG-2015 | CB3: 10-YEAR-AVG-2016 | CC3: 10-YEAR-AVG-2017 | CD3: 10-YEAR-AVG-2018 | CE3: 10-YEAR-AVG 2019 | CF3: 10-YEAR-AVG-2020 | CG3: 2021 | CH3: 2022 | CI3: 2023 | CJ3: 2024 | CK3: 2025 | CL3: 2026 | CM3: 2027 | CN3: 2028 | CO3: 2029 | CP3: 2030 | CQ3: 2031 | CR3: 2032 | CS3: 2033 | CT3: 2034 | CU3: 2035 | CV3: 2036 | CW3: 2037 | CX3: 2038 | CY3: 2039 | CZ3: 2040 | DA3: 2041 | DB3: 2042 | DC3: 2043 | DD3: 2044 | DE3: 2045 | DF3: 2046
A5: January | M5: 58 | R5: 105 | U5: 79 | W5: 133 | X5: 47 | Y5: 79 | Z5: 91 | AA5: 262 | AB5: 215 | AC5: 130 | AD5: 146 | AE5: 163.66667 | AH5: =(1+2+2+1+1+2+2+1+1+6+2+1+2+1+1+2+1+2+2)+(1+2+2+1+1+1+2+2+2+2+2+1+2+1+2+1+2+2+3)+(1+3+1+2+2+2+2+2+4+1+5+2+2+1+1+3+2+1+2)+(4+1) -> 109 | BC5: #N/A | BD5: #N/A | BE5: #N/A | BF5: #N/A | BG5: #N/A | BH5: #N/A | BI5: #N/A | BJ5: #N/A | BK5: =AVERAGE(B5:K5) -> #DIV/0! | BL5: =AVERAGE(C5:L5) -> #DIV/0! | BM5: =AVERAGE(D5:M5) -> 58 | BN5: =AVERAGE(E5:N5) -> 58 | BO5: =AVERAGE(F5:O5) -> 58 | BP5: =AVERAGE(G5:P5) -> 58 | BQ5: =AVERAGE(H5:Q5) -> 58 | BR5: =AVERAGE(I5:R5) -> 81.5 | ... BY5: =AVERAGE(P5:Y5) -> 88.6 | BZ5: =(2+8+1+2+2+3+1)+(3+2+3+3+1+1+1+1+7+2+3+1+1+1+1+1+1+2+1)+(3)+(3+2+6+2+2+1+1+2+2+2+2+1)+(1+2+1+3+2+2+2+1+1+3+1+1+3+1+2+2+1+1) -> 114 | CA5: =AVERAGE(Q5:Z5) -> 89 | CB5: =AVERAGE(R5:AA5) -> 113.71429 | CC5: =AVERAGE(S5:AB5) -> 129.42857 | CD5: =AVERAGE(T5:AC5) -> 129.5 | CE5: =AVERAGE(U5:AD5) -> 131.33333 | CF5: =AVERAGE(V5:AE5) -> 140.74074 | CG5: =AVERAGE(W5:AF5) -> 140.74074 | CH5: =AVERAGE(X5:AG5) -> 141.70833 | CI5: =AVERAGE(Y5:AI5) -> 149.45833 | CJ5: =AVERAGE(Z5:AJ5) -> 159.52381 | CK5: =AVERAGE(AA5:AK5) -> 170.94444 | CL5: =AVERAGE(AB5:AL5) -> 152.73333 | CM5: =AVERAGE(AC5:AM5) -> 137.16667 | CN5: =AVERAGE(AD5:AN5) -> 139.55556 | CO5: =AVERAGE(AE5:AO5) -> 136.33333 | CP5: =AVERAGE(AF5:AP5) -> 109 | CQ5: =AVERAGE(AG5:AQ5) -> 109 | CR5: =AVERAGE(AI5:AR5) -> #DIV/0! | CS5: =AVERAGE(AJ5:AS5) -> #DIV/0! | CT5: =AVERAGE(AK5:AT5) -> #DIV/0! | CU5: =AVERAGE(AL5:AU5) -> #DIV/0! | CV5: =AVERAGE(AM5:AV5) -> #DIV/0! | CW5: =AVERAGE(AN5:AW5) -> #DIV/0! | CX5: =AVERAGE(AO5:AX5) -> #DIV/0! | CY5: =AVERAGE(AP5:AY5) -> #DIV/0! | ... DF5: =AVERAGE(AW5:BF5) -> #N/A
A6: February | M6: 114 | R6: 74 | U6: 129 | W6: 202 | X6: 76 | Y6: 62 | Z6: 98 | AA6: 230 | AB6: 196 | AC6: 174 | AD6: 155 | AE6: 175 | AG6: =100+22 -> 122 | AH6: =(2+3+2+1+1+2+4+1+2+1+2+1+2+1+1+3+1)+(2+2+5+2+2+2+2+1+2+2+1+1+3+1+1+1+1+1+6)+(1+1+1+2+2+2+4+2+1+2+2+2+3+5+3+1+2+2+3+1)+(3+2+6+1+2+2+1+1+2+1+1+3+1+2+2+2+2+1)+(1) -> 146 | BB6: #N/A | BC6: #N/A | BD6: #N/A | BE6: #N/A | BF6: #N/A | BG6: #N/A | BH6: #N/A | BI6: #N/A | BJ6: #N/A | BK6: =AVERAGE(B6:K6) -> #DIV/0! | BL6: =AVERAGE(C6:L6) -> #DIV/0! | BM6: =AVERAGE(D6:M6) -> 114 | BN6: =AVERAGE(E6:N6) -> 114 | BO6: =AVERAGE(F6:O6) -> 114 | BP6: =AVERAGE(G6:P6) -> 114 | BQ6: =AVERAGE(H6:Q6) -> 114 | BR6: =AVERAGE(I6:R6) -> 94 | ... BY6: =AVERAGE(P6:Y6) -> 108.6 | BZ6: =(2+4+1+2+2+2+1+1+2+1)+(1+1+3)+(2+2+2+1+1+2+1+2+6+3+5+2+6+3+1+2+1+2+4)+(2+1+2+3+1+2+1+3+1+2+2+4+1+1+4+1)+(2+2+1+1+2+2+10+3+3+2+3+1+1+1+1+3+3+1+2)+(2+2+2+2+1+2+1+2+2) -> 162 | CA6: =AVERAGE(Q6:Z6) -> 106.83333 | CB6: =AVERAGE(R6:AA6) -> 124.42857 | CC6: =AVERAGE(S6:AB6) -> 141.85714 | CD6: =AVERAGE(T6:AC6) -> 145.875 | CE6: =AVERAGE(U6:AD6) -> 146.88889 | CF6: =AVERAGE(V6:AE6) -> 152 | CG6: =AVERAGE(W6:AF6) -> 152 | CH6: =AVERAGE(X6:AG6) -> 143.11111 | CI6: =AVERAGE(Y6:AI6) -> 150.88889 | CJ6: =AVERAGE(Z6:AJ6) -> 162 | CK6: =AVERAGE(AA6:AK6) -> 171.14286 | CL6: =AVERAGE(AB6:AL6) -> 161.33333 | CM6: =AVERAGE(AC6:AM6) -> 154.4 | CN6: =AVERAGE(AD6:AN6) -> 149.5 | CO6: =AVERAGE(AE6:AO6) -> 147.66667 | CP6: =AVERAGE(AF6:AP6) -> 134 | CQ6: =AVERAGE(AG6:AQ6) -> 134 | CR6: =AVERAGE(AI6:AR6) -> #DIV/0! | CS6: =AVERAGE(AJ6:AS6) -> #DIV/0! | CT6: =AVERAGE(AK6:AT6) -> #DIV/0! | CU6: =AVERAGE(AL6:AU6) -> #DIV/0! | CV6: =AVERAGE(AM6:AV6) -> #DIV/0! | CW6: =AVERAGE(AN6:AW6) -> #DIV/0! | CX6: =AVERAGE(AO6:AX6) -> #DIV/0! | CY6: =AVERAGE(AP6:AY6) -> #DIV/0! | ... DF6: =AVERAGE(AW6:BF6) -> #N/A
A7: March | M7: 63 | R7: 103 | U7: 157 | W7: 239 | X7: 196 | Y7: 93 | Z7: 92 | AA7: 430 | AB7: 113 | AC7: 359 | AD7: 282 | AE7: 251.33333 | AG7: =9+32+28+37 -> 106 | AH7: =(1+1)+(1+3+9+2+1+2+1+2+1+1+2+2+4+2+1+1+2+2+2+1)+(3+2+4+2+2+2+4+2+1+1+2+1+2+3+1+2+1+2+1+4)+(1+1+2+1+2+3+2+1+1+1+1+2+1+3+1+1+3)+(2+1+1+2+1)+(2+6+4) -> 132 | BB7: #N/A | BC7: #N/A | BD7: #N/A | BE7: #N/A | BF7: #N/A | BG7: #N/A | BH7: #N/A | BI7: #N/A | BJ7: #N/A | BK7: =AVERAGE(B7:K7) -> #DIV/0! | BL7: =AVERAGE(C7:L7) -> #DIV/0! | BM7: =AVERAGE(D7:M7) -> 63 | BN7: =AVERAGE(E7:N7) -> 63 | BO7: =AVERAGE(F7:O7) -> 63 | BP7: =AVERAGE(G7:P7) -> 63 | BQ7: =AVERAGE(H7:Q7) -> 63 | BR7: =AVERAGE(I7:R7) -> 83 | ... BY7: =AVERAGE(P7:Y7) -> 157.6 | BZ7: =(1+2+2+2+1)+(3+2+3+4+2+1+1+1+1+2)+(2+1+1+1+2+1+2+2+1+2+1+9+2+1+1+2+1+1)+(3+1+1+1+2+4+1+2+1+2+3+4+2+1+2+2+1+1)+(2+3+6+2+1+2+1+1+1+1+2+1+2) -> 120 | CA7: =AVERAGE(Q7:Z7) -> 146.66667 | CB7: =AVERAGE(R7:AA7) -> 187.14286 | CC7: =AVERAGE(S7:AB7) -> 188.57143 | CD7: =AVERAGE(T7:AC7) -> 209.875 | CE7: =AVERAGE(U7:AD7) -> 217.88889 | CF7: =AVERAGE(V7:AE7) -> 228.37037 | CG7: =AVERAGE(W7:AF7) -> 228.37037 | CH7: =AVERAGE(X7:AG7) -> 213.59259 | CI7: =AVERAGE(Y7:AI7) -> 206.48148 | CJ7: =AVERAGE(Z7:AJ7) -> 220.66667 | CK7: =AVERAGE(AA7:AK7) -> 239.04762 | CL7: =AVERAGE(AB7:AL7) -> 207.22222 | CM7: =AVERAGE(AC7:AM7) -> 226.06667 | CN7: =AVERAGE(AD7:AN7) -> 192.83333 | CO7: =AVERAGE(AE7:AO7) -> 163.11111 | CP7: =AVERAGE(AF7:AP7) -> 119 | CQ7: =AVERAGE(AG7:AQ7) -> 119 | CR7: =AVERAGE(AI7:AR7) -> #DIV/0! | CS7: =AVERAGE(AJ7:AS7) -> #DIV/0! | CT7: =AVERAGE(AK7:AT7) -> #DIV/0! | CU7: =AVERAGE(AL7:AU7) -> #DIV/0! | CV7: =AVERAGE(AM7:AV7) -> #DIV/0! | CW7: =AVERAGE(AN7:AW7) -> #DIV/0! | CX7: =AVERAGE(AO7:AX7) -> #DIV/0! | CY7: =AVERAGE(AP7:AY7) -> #DIV/0! | ... DF7: =AVERAGE(AW7:BF7) -> #N/A
A8: April | M8: 67 | R8: 259 | U8: 188 | W8: 238 | X8: 388 | Y8: 283 | Z8: 257 | AA8: 393 | AB8: 386 | AC8: 368 | AD8: 425 | AE8: 393 | AG8: =34+26+42+26+21 -> 149 | AH8: =(1+1+1+1+2+1+1+6+2+3+2+2+2+2+7)+(1+2+4+4+2+1+1+4+1+2+1+1+1+4+1+3+2+3+1)+(5+2)+(2+2+1+2+1+1+1+2+2+4+1+5+2+1+6+2+1)+(1+1+2+2+2+1+3+3+2+1+2+1+1+2+1+1+2+1+2)+(1+2+1+1+1+1+2+2+1+5+2+1+1+2+1+2)+(1+1+2+2+1+1+6+1+1+1+1+2+2+2+2+1+2+2+1)+(6+2+2+1+1+1+2+1+1+2+2+1+2+2+1+3+2)+(1+2+2+1+3+1+5+2) -> 254 | BB8: #N/A | BC8: #N/A | BD8: #N/A | BE8: #N/A | BF8: #N/A | BG8: #N/A | BH8: #N/A | BI8: #N/A | BJ8: #N/A | BK8: =AVERAGE(B8:K8) -> #DIV/0! | BL8: =AVERAGE(C8:L8) -> #DIV/0! | BM8: =AVERAGE(D8:M8) -> 67 | BN8: =AVERAGE(E8:N8) -> 67 | BO8: =AVERAGE(F8:O8) -> 67 | BP8: =AVERAGE(G8:P8) -> 67 | BQ8: =AVERAGE(H8:Q8) -> 67 | BR8: =AVERAGE(I8:R8) -> 163 | ... BY8: =AVERAGE(P8:Y8) -> 271.2 | BZ8: =(2)+(2+2+1+2+1+1+1)+(1+4+4+2+1+2+10+1+2+2+1+1+2+1+1+2+1+1+2)+(2+2+1+3+1+2+2+6+2+1+1+2+3+1+3+1+1+3+3)+(4+4+6+2+1+2+2+2+1+2+4+1+1+2+2+1+4)+(1+3+1+2+1+2+2+1+4+2+2+1+2+2+1+12+2+4+2+1)+(1+2+2+1+1+2+5+1+1+2+4+1+3+4)+(2+41+2)+(2) -> 259 | CA8: =AVERAGE(Q8:Z8) -> 268.83333 | CB8: =AVERAGE(R8:AA8) -> 286.57143 | CC8: =AVERAGE(S8:AB8) -> 304.71429 | CD8: =AVERAGE(T8:AC8) -> 312.625 | CE8: =AVERAGE(U8:AD8) -> 325.11111 | CF8: =AVERAGE(V8:AE8) -> 347.88889 | CG8: =AVERAGE(W8:AF8) -> 347.88889 | CH8: =AVERAGE(X8:AG8) -> 338 | CI8: =AVERAGE(Y8:AI8) -> 323.11111 | CJ8: =AVERAGE(Z8:AJ8) -> 328.125 | CK8: =AVERAGE(AA8:AK8) -> 338.28571 | CL8: =AVERAGE(AB8:AL8) -> 329.16667 | CM8: =AVERAGE(AC8:AM8) -> 317.8 | CN8: =AVERAGE(AD8:AN8) -> 305.25 | CO8: =AVERAGE(AE8:AO8) -> 265.33333 | CP8: =AVERAGE(AF8:AP8) -> 201.5 | CQ8: =AVERAGE(AG8:AQ8) -> 201.5 | CR8: =AVERAGE(AI8:AR8) -> #DIV/0! | CS8: =AVERAGE(AJ8:AS8) -> #DIV/0! | CT8: =AVERAGE(AK8:AT8) -> #DIV/0! | CU8: =AVERAGE(AL8:AU8) -> #DIV/0! | CV8: =AVERAGE(AM8:AV8) -> #DIV/0! | CW8: =AVERAGE(AN8:AW8) -> #DIV/0! | CX8: =AVERAGE(AO8:AX8) -> #DIV/0! | CY8: =AVERAGE(AP8:AY8) -> #DIV/0! | ... DF8: =AVERAGE(AW8:BF8) -> #N/A
A9: May | M9: 76 | R9: 235 | U9: 140 | W9: 194 | X9: 253 | Y9: 225 | Z9: 308 | AA9: 219 | AB9: 305 | AC9: 306 | AD9: 321 | AE9: 310.66667 | AG9: =11+35+27+33+31+28 -> 165 | AH9: =(1+1+1)+(1+2+1+2+1+1+2+1+1+3+5+2+2+1+2+3+2+2+1)+(1+2+3+2+2+11+2+1+1+1+1+1+2+2+1+1+2+1+1+1)+(2+1+2+2+1+1+3+1+1+2+1+3+3+2+3+4)+(2+2+1+2+2+2+1+2+1+2+1+3+2+1+2+1+1+2+1)+(2+2+1+2+1+2+1+2+2+2+1+2+4+3+1+2+1+2)+(4+1+1+1+2+1+3+3+4+1+2+3+2+1+3+1)+(2+5+1+3+2+2) -> 221 | BB9: #N/A | BC9: #N/A | BD9: #N/A | BE9: #N/A | BF9: #N/A | BG9: #N/A | BH9: #N/A | BI9: #N/A | BJ9: #N/A | BK9: =AVERAGE(B9:K9) -> #DIV/0! | BL9: =AVERAGE(C9:L9) -> #DIV/0! | BM9: =AVERAGE(D9:M9) -> 76 | BN9: =AVERAGE(E9:N9) -> 76 | BO9: =AVERAGE(F9:O9) -> 76 | BP9: =AVERAGE(G9:P9) -> 76 | BQ9: =AVERAGE(H9:Q9) -> 76 | BR9: =AVERAGE(I9:R9) -> 155.5 | ... BY9: =AVERAGE(P9:Y9) -> 209.4 | BZ9: =(1+1)+(2+1+1+3+1+2)+(5+2+2+2+1+5+2+4+2+2+1+1+1+1+2+3+2+4+2)+(11+2+2+2+1+2+1+2+2+2+1+1+2+1+1+4+1+1+2)+(1+8+1+1+1+2+2+2+1+1+5+1+3+4+3+1+2+4)+(2+4+5)+(2+2+1+2+1+1+1+1+1+1+1+1+2+2+1)+(3+1+2+1+1+1+2+1+3+1)+(2+1)+(2) -> 192 | CA9: =AVERAGE(Q9:Z9) -> 225.83333 | CB9: =AVERAGE(R9:AA9) -> 224.85714 | CC9: =AVERAGE(S9:AB9) -> 234.85714 | CD9: =AVERAGE(T9:AC9) -> 243.75 | CE9: =AVERAGE(U9:AD9) -> 252.33333 | CF9: =AVERAGE(V9:AE9) -> 271.2963 | CG9: =AVERAGE(W9:AF9) -> 271.2963 | CH9: =AVERAGE(X9:AG9) -> 268.07407 | CI9: =AVERAGE(Y9:AI9) -> 264.51852 | CJ9: =AVERAGE(Z9:AJ9) -> 269.45833 | CK9: =AVERAGE(AA9:AK9) -> 263.95238 | CL9: =AVERAGE(AB9:AL9) -> 271.44444 | CM9: =AVERAGE(AC9:AM9) -> 264.73333 | CN9: =AVERAGE(AD9:AN9) -> 254.41667 | CO9: =AVERAGE(AE9:AO9) -> 232.22222 | CP9: =AVERAGE(AF9:AP9) -> 193 | CQ9: =AVERAGE(AG9:AQ9) -> 193 | CR9: =AVERAGE(AI9:AR9) -> #DIV/0! | CS9: =AVERAGE(AJ9:AS9) -> #DIV/0! | CT9: =AVERAGE(AK9:AT9) -> #DIV/0! | CU9: =AVERAGE(AL9:AU9) -> #DIV/0! | CV9: =AVERAGE(AM9:AV9) -> #DIV/0! | CW9: =AVERAGE(AN9:AW9) -> #DIV/0! | CX9: =AVERAGE(AO9:AX9) -> #DIV/0! | CY9: =AVERAGE(AP9:AY9) -> #DIV/0! | ... DF9: =AVERAGE(AW9:BF9) -> #N/A
A10: June | M10: 81 | Q10: 96 | R10: 155 | U10: 124 | W10: 160 | X10: 112 | Y10: 245 | Z10: 281 | AA10: 205 | AB10: 256 | AC10: 319 | AD10: 339 | AE10: 304.66667 | AG10: =19+46+22+45+19+29+7 -> 187 | AH10: =(2)+(3+2+2+1+2+1+1+2+1+1+7+2+1+1+1+1+3)+(1+1+2+2+2+1+1+2+1+1+2+1+2+1+1+1)+(2+2+1+9+1+2+1+2+3+1+1+2+1+2+1+2+2)+(3+1+2+3+1+1+1+2+1+1+2+1+2+1)+(2+1+1+2+2+2+2+2+2+4+2+1+1+1+1+1+2)+(2+2)+(1) -> 147 | BB10: #N/A | BC10: #N/A | BD10: #N/A | BE10: #N/A | BF10: #N/A | BG10: #N/A | BH10: #N/A | BI10: #N/A | BJ10: #N/A | BK10: =AVERAGE(B10:K10) -> #DIV/0! | BL10: =AVERAGE(C10:L10) -> #DIV/0! | BM10: =AVERAGE(D10:M10) -> 81 | BN10: =AVERAGE(E10:N10) -> 81 | BO10: =AVERAGE(F10:O10) -> 81 | BP10: =AVERAGE(G10:P10) -> 81 | BQ10: =AVERAGE(H10:Q10) -> 88.5 | BR10: =AVERAGE(I10:R10) -> 110.66667 | ... BY10: =AVERAGE(P10:Y10) -> 148.66667 | BZ10: =(2)+(1+2)+(1+2+3+3+1+2+2+2+1)+(1+1+5+2+1+1+2+1+2+1+2+3+2+1+2+2+2+2)+(1+3+2+1+2+2+2+3+2+2+4+2+1+1+2+1+1+1+1+1)+(2+2+2+4+2+1+1+2+2+1+2+2+2+1+3+4)+(2) -> 125 | CA10: =AVERAGE(Q10:Z10) -> 167.57143 | CB10: =AVERAGE(R10:AA10) -> 183.14286 | CC10: =AVERAGE(S10:AB10) -> 197.57143 | CD10: =AVERAGE(T10:AC10) -> 212.75 | CE10: =AVERAGE(U10:AD10) -> 226.77778 | CF10: =AVERAGE(V10:AE10) -> 246.85185 | CG10: =AVERAGE(W10:AF10) -> 246.85185 | CH10: =AVERAGE(X10:AG10) -> 249.85185 | CI10: =AVERAGE(Y10:AI10) -> 253.74074 | CJ10: =AVERAGE(Z10:AJ10) -> 254.83333 | CK10: =AVERAGE(AA10:AK10) -> 251.09524 | CL10: =AVERAGE(AB10:AL10) -> 258.77778 | CM10: =AVERAGE(AC10:AM10) -> 259.33333 | CN10: =AVERAGE(AD10:AN10) -> 244.41667 | CO10: =AVERAGE(AE10:AO10) -> 212.88889 | CP10: =AVERAGE(AF10:AP10) -> 167 | CQ10: =AVERAGE(AG10:AQ10) -> 167 | CR10: =AVERAGE(AI10:AR10) -> #DIV/0! | CS10: =AVERAGE(AJ10:AS10) -> #DIV/0! | CT10: =AVERAGE(AK10:AT10) -> #DIV/0! | CU10: =AVERAGE(AL10:AU10) -> #DIV/0! | CV10: =AVERAGE(AM10:AV10) -> #DIV/0! | CW10: =AVERAGE(AN10:AW10) -> #DIV/0! | CX10: =AVERAGE(AO10:AX10) -> #DIV/0! | CY10: =AVERAGE(AP10:AY10) -> #DIV/0! | ... DF10: =AVERAGE(AW10:BF10) -> #N/A
A11: July | M11: 61 | Q11: 120 | R11: 140 | U11: 105 | W11: 202 | X11: 309 | Y11: 194 | Z11: 171 | AA11: 234 | AB11: 304 | AC11: 410 | AD11: 259 | AE11: 324.33333 | AG11: =31+37+36+32+43+16 -> 195 | AH11: =(1+2+4+2+5+2+1+4+2+1+2+2+1+6+1+6)+(1+1+1+1+2+2+1+1+2+1+1+1+2+1+1+1+1+1)+(2+2+2+2+1+2+1+2+3+1+1+1+2)+(2)+(1) -> 89 | BB11: #N/A | BC11: #N/A | BD11: #N/A | BE11: #N/A | BF11: #N/A | BG11: #N/A | BH11: #N/A | BI11: #N/A | BJ11: #N/A | BK11: =AVERAGE(B11:K11) -> #DIV/0! | BL11: =AVERAGE(C11:L11) -> #DIV/0! | BM11: =AVERAGE(D11:M11) -> 61 | BN11: =AVERAGE(E11:N11) -> 61 | BO11: =AVERAGE(F11:O11) -> 61 | BP11: =AVERAGE(G11:P11) -> 61 | BQ11: =AVERAGE(H11:Q11) -> 90.5 | BR11: =AVERAGE(I11:R11) -> 107 | ... BY11: =AVERAGE(P11:Y11) -> 178.33333 | BZ11: =(3+4)+(2+2+2+1)+(2+1)+(3+1+2+5+1+3+1+2+4+3+2+5+1+4+2+1+2)+(2+3+1+2+1+2+1+2+1+2+2+1+1+2+3+1+1+3)+(2+1+2+2+5+2+2+2+1+1+2+1+1+1+1+1+2+1+1+1)+(2+1+1+2+1+1+2+5+2+4+1+3+2)+(3) -> 152 | CA11: =AVERAGE(Q11:Z11) -> 177.28571 | CB11: =AVERAGE(R11:AA11) -> 193.57143 | CC11: =AVERAGE(S11:AB11) -> 217 | CD11: =AVERAGE(T11:AC11) -> 241.125 | CE11: =AVERAGE(U11:AD11) -> 243.11111 | CF11: =AVERAGE(V11:AE11) -> 267.48148 | CG11: =AVERAGE(W11:AF11) -> 267.48148 | CH11: =AVERAGE(X11:AG11) -> 266.7037 | CI11: =AVERAGE(Y11:AI11) -> 242.25926 | CJ11: =AVERAGE(Z11:AJ11) -> 248.29167 | CK11: =AVERAGE(AA11:AK11) -> 259.33333 | CL11: =AVERAGE(AB11:AL11) -> 263.55556 | CM11: =AVERAGE(AC11:AM11) -> 255.46667 | CN11: =AVERAGE(AD11:AN11) -> 216.83333 | CO11: =AVERAGE(AE11:AO11) -> 202.77778 | CP11: =AVERAGE(AF11:AP11) -> 142 | CQ11: =AVERAGE(AG11:AQ11) -> 142 | CR11: =AVERAGE(AI11:AR11) -> #DIV/0! | CS11: =AVERAGE(AJ11:AS11) -> #DIV/0! | CT11: =AVERAGE(AK11:AT11) -> #DIV/0! | CU11: =AVERAGE(AL11:AU11) -> #DIV/0! | CV11: =AVERAGE(AM11:AV11) -> #DIV/0! | CW11: =AVERAGE(AN11:AW11) -> #DIV/0! | CX11: =AVERAGE(AO11:AX11) -> #DIV/0! | CY11: =AVERAGE(AP11:AY11) -> #DIV/0! | ... DF11: =AVERAGE(AW11:BF11) -> #N/A
A12: August | M12: 0 | Q12: 148 | R12: 150 | U12: 115 | W12: 210 | X12: 218 | Y12: 219 | Z12: 299 | AA12: 249 | AB12: 364 | AC12: 184 | AD12: 395 | AE12: 314.33333 | AG12: =21+46+31+39+35+18 -> 190 | AH12: =(2+1)+(4+5+1+2+1+1+1+1+3+1+1+1+1+1+1+1+2)+(2+1+1+3+2+2+2+3+1+1+2+1+1+2+2+1+1+2+2+1)+(2+1+2+1+1)+(2+2+2+2+1+2+2+1+2+5+1+2+2+2+1) -> 100 | BB12: #N/A | BC12: #N/A | BD12: #N/A | BE12: #N/A | BF12: #N/A | BG12: #N/A | BH12: #N/A | BI12: #N/A | BJ12: #N/A | BK12: =AVERAGE(B12:K12) -> #DIV/0! | BL12: =AVERAGE(C12:L12) -> #DIV/0! | BM12: =AVERAGE(D12:M12) -> 0 | BN12: =AVERAGE(E12:N12) -> 0 | BO12: =AVERAGE(F12:O12) -> 0 | BP12: =AVERAGE(G12:P12) -> 0 | BQ12: =AVERAGE(H12:Q12) -> 74 | BR12: =AVERAGE(I12:R12) -> 99.333333 | ... BY12: =AVERAGE(P12:Y12) -> 176.66667 | BZ12: =(3+2+2+2+2)+(1+2+2)+(1+1+3+2+3+1+2+6+2+12+1+1+3+2+2+2+3)+(5+3+1+3+1+1+4+2+2+2+3+2+5+2+1+3+2)+(1+1+2+2+2+2+2+1+2+1+10+1+2+2+2+6+1+2)+(2+2+1+1+1+1+1+1+2+1+2+2+1+3+1+1+2)+(1+2+19+3+1+2+2+2+1+2+1+2+3+1+2+2+3+1+3)+(1+1+1+1+2+5+1)+(3+2) -> 242 | CA12: =AVERAGE(Q12:Z12) -> 194.14286 | CB12: =AVERAGE(R12:AA12) -> 208.57143 | CC12: =AVERAGE(S12:AB12) -> 239.14286 | CD12: =AVERAGE(T12:AC12) -> 232.25 | CE12: =AVERAGE(U12:AD12) -> 250.33333 | CF12: =AVERAGE(V12:AE12) -> 272.48148 | CG12: =AVERAGE(W12:AF12) -> 272.48148 | CH12: =AVERAGE(X12:AG12) -> 270.25926 | CI12: =AVERAGE(Y12:AI12) -> 257.14815 | CJ12: =AVERAGE(Z12:AJ12) -> 261.91667 | CK12: =AVERAGE(AA12:AK12) -> 256.61905 | CL12: =AVERAGE(AB12:AL12) -> 257.88889 | CM12: =AVERAGE(AC12:AM12) -> 236.66667 | CN12: =AVERAGE(AD12:AN12) -> 249.83333 | CO12: =AVERAGE(AE12:AO12) -> 201.44444 | CP12: =AVERAGE(AF12:AP12) -> 145 | CQ12: =AVERAGE(AG12:AQ12) -> 145 | CR12: =AVERAGE(AI12:AR12) -> #DIV/0! | CS12: =AVERAGE(AJ12:AS12) -> #DIV/0! | CT12: =AVERAGE(AK12:AT12) -> #DIV/0! | CU12: =AVERAGE(AL12:AU12) -> #DIV/0! | CV12: =AVERAGE(AM12:AV12) -> #DIV/0! | CW12: =AVERAGE(AN12:AW12) -> #DIV/0! | CX12: =AVERAGE(AO12:AX12) -> #DIV/0! | CY12: =AVERAGE(AP12:AY12) -> #DIV/0! | ... DF12: =AVERAGE(AW12:BF12) -> #N/A
A13: September | M13: 2 | Q13: 204 | R13: 225 | U13: 104 | W13: 203 | X13: 161 | Y13: 296 | Z13: 262 | AA13: 297 | AB13: 440 | AC13: 300 | AD13: 370 | AE13: 370 | AG13: =4+19+44+40+24+26+29 -> 186 | AH13: =(2+1+2+1+2+1)+(3+3+1+1+2+2+2+1+4+2+1+1+1+1+2+2)+(2+2+2+2+1+1+1+2+1+2+2+2+2+2+1+2+1)+(1+3+2+1+2+1+5+1+1+2+2+2+1+2+1+2+2+1+2+1)+(2+1+1+1+1+1+2+2)+(1) -> 113 | BB13: #N/A | BC13: #N/A | BD13: #N/A | BE13: #N/A | BF13: #N/A | BG13: #N/A | BH13: #N/A | BI13: #N/A | BJ13: #N/A | BK13: =AVERAGE(B13:K13) -> #DIV/0! | BL13: =AVERAGE(C13:L13) -> #DIV/0! | BM13: =AVERAGE(D13:M13) -> 2 | BN13: =AVERAGE(E13:N13) -> 2 | BO13: =AVERAGE(F13:O13) -> 2 | BP13: =AVERAGE(G13:P13) -> 2 | BQ13: =AVERAGE(H13:Q13) -> 103 | BR13: =AVERAGE(I13:R13) -> 143.66667 | ... BY13: =AVERAGE(P13:Y13) -> 198.83333 | BZ13: =(2+3+1+4+2+2+2+4+1+2)+(2+2+2+2+2+2+1+1+1+3+2+2+2+2+3+2+1+2+2)+(1+1+2+1+2+4+2+3+2+1+2+2+4+2+2+1+1+1+2)+(1)+(2+2+2)+(4+4+1+2+1+1+1+5+2)+(3+2+2+1+1+2+1+4+2+3+1+1+1)+(2+2) -> 151 | CA13: =AVERAGE(Q13:Z13) -> 207.85714 | CB13: =AVERAGE(R13:AA13) -> 221.14286 | CC13: =AVERAGE(S13:AB13) -> 251.85714 | CD13: =AVERAGE(T13:AC13) -> 257.875 | CE13: =AVERAGE(U13:AD13) -> 270.33333 | CF13: =AVERAGE(V13:AE13) -> 299.88889 | CG13: =AVERAGE(W13:AF13) -> 299.88889 | CH13: =AVERAGE(X13:AG13) -> 298 | CI13: =AVERAGE(Y13:AI13) -> 292.66667 | CJ13: =AVERAGE(Z13:AJ13) -> 292.25 | CK13: =AVERAGE(AA13:AK13) -> 296.57143 | CL13: =AVERAGE(AB13:AL13) -> 296.5 | CM13: =AVERAGE(AC13:AM13) -> 267.8 | CN13: =AVERAGE(AD13:AN13) -> 259.75 | CO13: =AVERAGE(AE13:AO13) -> 223 | CP13: =AVERAGE(AF13:AP13) -> 149.5 | CQ13: =AVERAGE(AG13:AQ13) -> 149.5 | CR13: =AVERAGE(AI13:AR13) -> #DIV/0! | CS13: =AVERAGE(AJ13:AS13) -> #DIV/0! | CT13: =AVERAGE(AK13:AT13) -> #DIV/0! | CU13: =AVERAGE(AL13:AU13) -> #DIV/0! | CV13: =AVERAGE(AM13:AV13) -> #DIV/0! | CW13: =AVERAGE(AN13:AW13) -> #DIV/0! | CX13: =AVERAGE(AO13:AX13) -> #DIV/0! | CY13: =AVERAGE(AP13:AY13) -> #DIV/0! | ... DF13: =AVERAGE(AW13:BF13) -> #N/A
A14: October | M14: 4 | Q14: 220 | R14: 223 | U14: 295 | W14: 202 | X14: 142 | Y14: 155 | Z14: 366 | AA14: 366 | AB14: 416 | AC14: 354 | AD14: 375 | AE14: 381.66667 | AG14: =35+45+40+37+37+46 -> 240 | AH14: =(2+1+15+2+1+1+3+3+1+1+1)+(1+1+1+1+2+2+3+2+1+1+1+1+2+2+1+2+1+1+2+4)+(3+2+2+1+1+10+1+8+1+1+1+1+1+2+4+2+9+2+1)+(2+2+2+1+1+1+2+2+1+2+1+1+2+4+1+1+1+5+3+2)+(1+2+1+3+2+1+2+4+1+1+1+2+1+1+2+3+2+1+2)+(2+1+2+4+1+2+3+2+2+1+2+2+1+1+1)+(1+1+1) -> 216 | BB14: #N/A | BC14: #N/A | BD14: #N/A | BE14: #N/A | BF14: #N/A | BG14: #N/A | BH14: #N/A | BI14: #N/A | BJ14: #N/A | BK14: =AVERAGE(B14:K14) -> #DIV/0! | BL14: =AVERAGE(C14:L14) -> #DIV/0! | BM14: =AVERAGE(D14:M14) -> 4 | BN14: =AVERAGE(E14:N14) -> 4 | BO14: =AVERAGE(F14:O14) -> 4 | BP14: =AVERAGE(G14:P14) -> 4 | BQ14: =AVERAGE(H14:Q14) -> 112 | BR14: =AVERAGE(I14:R14) -> 149 | ... BY14: =AVERAGE(P14:Y14) -> 206.16667 | CA14: =AVERAGE(Q14:Z14) -> 229 | CB14: =AVERAGE(R14:AA14) -> 249.85714 | CC14: =AVERAGE(S14:AB14) -> 277.42857 | CD14: =AVERAGE(T14:AC14) -> 287 | CE14: =AVERAGE(U14:AD14) -> 296.77778 | CF14: =AVERAGE(V14:AE14) -> 306.40741 | CG14: =AVERAGE(W14:AF14) -> 306.40741 | CH14: =AVERAGE(X14:AG14) -> 310.62963 | CI14: =AVERAGE(Y14:AI14) -> 318.85185 | CJ14: =AVERAGE(Z14:AJ14) -> 339.33333 | CK14: =AVERAGE(AA14:AK14) -> 335.52381 | CL14: =AVERAGE(AB14:AL14) -> 330.44444 | CM14: =AVERAGE(AC14:AM14) -> 313.33333 | CN14: =AVERAGE(AD14:AN14) -> 303.16667 | CO14: =AVERAGE(AE14:AO14) -> 279.22222 | CP14: =AVERAGE(AF14:AP14) -> 228 | CQ14: =AVERAGE(AG14:AQ14) -> 228 | CR14: =AVERAGE(AI14:AR14) -> #DIV/0! | CS14: =AVERAGE(AJ14:AS14) -> #DIV/0! | CT14: =AVERAGE(AK14:AT14) -> #DIV/0! | CU14: =AVERAGE(AL14:AU14) -> #DIV/0! | CV14: =AVERAGE(AM14:AV14) -> #DIV/0! | CW14: =AVERAGE(AN14:AW14) -> #DIV/0! | CX14: =AVERAGE(AO14:AX14) -> #DIV/0! | CY14: =AVERAGE(AP14:AY14) -> #DIV/0! | ... DF14: =AVERAGE(AW14:BF14) -> #N/A
A15: November | M15: 30 | Q15: 173 | R15: 155 | U15: 165 | W15: 242 | X15: 127 | Y15: 37 | Z15: 340 | AA15: 349 | AB15: 318 | AC15: 163 | AD15: 338 | AE15: 273 | AG15: =29+33+27+24+26+30 -> 169 | AH15: =(1+1+1+1+1+2+1+1+1+2+3+2+1+2+2+1+2)+(3+2+3+2+1+1+2+1+2+1+2+2+5+4+1)+(1+5+3+1+2+2+2+5+3+1+2+2+12+2+1+5+3+2)+(2+2+2+2+1+4+2+5+1+2+3+2+2) -> 141 | BB15: #N/A | BC15: #N/A | BD15: #N/A | BE15: #N/A | BF15: #N/A | BG15: #N/A | BH15: #N/A | BI15: #N/A | BJ15: #N/A | BK15: =AVERAGE(B15:K15) -> #DIV/0! | BL15: =AVERAGE(C15:L15) -> #DIV/0! | BM15: =AVERAGE(D15:M15) -> 30 | BN15: =AVERAGE(E15:N15) -> 30 | BO15: =AVERAGE(F15:O15) -> 30 | BP15: =AVERAGE(G15:P15) -> 30 | BQ15: =AVERAGE(H15:Q15) -> 101.5 | BR15: =AVERAGE(I15:R15) -> 119.33333 | ... BY15: =AVERAGE(P15:Y15) -> 149.83333 | CA15: =AVERAGE(Q15:Z15) -> 177 | CB15: =AVERAGE(R15:AA15) -> 202.14286 | CC15: =AVERAGE(S15:AB15) -> 225.42857 | CD15: =AVERAGE(T15:AC15) -> 217.625 | CE15: =AVERAGE(U15:AD15) -> 231 | CF15: =AVERAGE(V15:AE15) -> 243 | CG15: =AVERAGE(W15:AF15) -> 243 | CH15: =AVERAGE(X15:AG15) -> 234.88889 | CI15: =AVERAGE(Y15:AI15) -> 236.44444 | CJ15: =AVERAGE(Z15:AJ15) -> 261.375 | CK15: =AVERAGE(AA15:AK15) -> 250.14286 | CL15: =AVERAGE(AB15:AL15) -> 233.66667 | CM15: =AVERAGE(AC15:AM15) -> 216.8 | CN15: =AVERAGE(AD15:AN15) -> 230.25 | CO15: =AVERAGE(AE15:AO15) -> 194.33333 | CP15: =AVERAGE(AF15:AP15) -> 155 | CQ15: =AVERAGE(AG15:AQ15) -> 155 | CR15: =AVERAGE(AI15:AR15) -> #DIV/0! | CS15: =AVERAGE(AJ15:AS15) -> #DIV/0! | CT15: =AVERAGE(AK15:AT15) -> #DIV/0! | CU15: =AVERAGE(AL15:AU15) -> #DIV/0! | CV15: =AVERAGE(AM15:AV15) -> #DIV/0! | CW15: =AVERAGE(AN15:AW15) -> #DIV/0! | CX15: =AVERAGE(AO15:AX15) -> #DIV/0! | CY15: =AVERAGE(AP15:AY15) -> #DIV/0! | ... DF15: =AVERAGE(AW15:BF15) -> #N/A
A16: December | M16: 11 | Q16: 141 | R16: 63 | U16: 110 | W16: 134 | X16: 55 | Y16: 128 | Z16: 368 | AA16: 233 | AB16: 136 | AC16: 117 | AD16: 185 | AE16: 146 | AG16: =7+35+40+45 -> 127 | AH16: =(1+2+1+2+2)+(1+1+1+1+1+1+2+2+2+3+2+2+2+1+1+2)+(2+2+4+2+4+1+3+2+1+2+3+2+5+4+1+1+4+1+1+2)+(6+1+3+5+1+2+3+2+1+4+2+1)+(6+4+2+1+2+2+1+3)+(2+2) -> 136 | BB16: #N/A | BC16: #N/A | BD16: #N/A | BE16: #N/A | BF16: #N/A | BG16: #N/A | BH16: #N/A | BI16: #N/A | BJ16: #N/A | BK16: =AVERAGE(B16:K16) -> #DIV/0! | BL16: =AVERAGE(C16:L16) -> #DIV/0! | BM16: =AVERAGE(D16:M16) -> 11 | BN16: =AVERAGE(E16:N16) -> 11 | BO16: =AVERAGE(F16:O16) -> 11 | BP16: =AVERAGE(G16:P16) -> 11 | BQ16: =AVERAGE(H16:Q16) -> 76 | BR16: =AVERAGE(I16:R16) -> 71.666667 | ... BY16: =AVERAGE(P16:Y16) -> 105.16667 | CA16: =AVERAGE(Q16:Z16) -> 142.71429 | CB16: =AVERAGE(R16:AA16) -> 155.85714 | CC16: =AVERAGE(S16:AB16) -> 166.28571 | CD16: =AVERAGE(T16:AC16) -> 160.125 | CE16: =AVERAGE(U16:AD16) -> 162.88889 | CF16: =AVERAGE(V16:AE16) -> 166.88889 | CG16: =AVERAGE(W16:AF16) -> 166.88889 | CH16: =AVERAGE(X16:AG16) -> 166.11111 | CI16: =AVERAGE(Y16:AI16) -> 175.11111 | CJ16: =AVERAGE(Z16:AJ16) -> 181 | CK16: =AVERAGE(AA16:AK16) -> 154.28571 | CL16: =AVERAGE(AB16:AL16) -> 141.16667 | CM16: =AVERAGE(AC16:AM16) -> 142.2 | CN16: =AVERAGE(AD16:AN16) -> 148.5 | CO16: =AVERAGE(AE16:AO16) -> 136.33333 | CP16: =AVERAGE(AF16:AP16) -> 131.5 | CQ16: =AVERAGE(AG16:AQ16) -> 131.5 | CR16: =AVERAGE(AI16:AR16) -> #DIV/0! | CS16: =AVERAGE(AJ16:AS16) -> #DIV/0! | CT16: =AVERAGE(AK16:AT16) -> #DIV/0! | CU16: =AVERAGE(AL16:AU16) -> #DIV/0! | CV16: =AVERAGE(AM16:AV16) -> #DIV/0! | CW16: =AVERAGE(AN16:AW16) -> #DIV/0! | CX16: =AVERAGE(AO16:AX16) -> #DIV/0! | CY16: =AVERAGE(AP16:AY16) -> #DIV/0! | ... DF16: =AVERAGE(AW16:BF16) -> #N/A
A18: Yearly Totals | B18: =SUM(B5:B16) -> 0 | C18: =SUM(C5:C16) -> 0 | D18: =SUM(D5:D16) -> 0 | E18: =SUM(E5:E16) -> 0 | F18: =SUM(F5:F16) -> 0 | G18: =SUM(G5:G16) -> 0 | H18: =SUM(H5:H16) -> 0 | I18: =SUM(I5:I16) -> 0 | ... BA18: =SUM(BA5:BA16) -> 0 | BZ18: =SUM(BZ5:BZ16) -> 1517 | CA18: =AVERAGE(Q18:Z18) -> 1409.2 | CC18: =AVERAGE(T18:AD18) -> 2253.9091 | CD18: =AVERAGE(U18:AC18) -> 2355.8889 | CE18: =AVERAGE(V18:AD18) -> 2564.6667
AD27: Discrepancies from January 2023 to October 2024. Below and on the left is the old data found in the spreadsheet. The data in the table above is the new data input on 3/11/2025 from trail registers. On the rightside of the table below is a comparison of the data above being subtracted from the data below.
CA31: comparison (current-previous)
AH32: 2023 | BZ32: 2024 | CA32: 2023 | CB32: 2024
AG33: January | AH33: 169 | AI33: 28 | BZ33: 28 | CA33: =AH5-AH33 -> -60 | CB33: =BZ5-BZ33 -> 86
AG34: February | AH34: 65 | AI34: 66 | BZ34: 66 | CA34: =AH6-AH34 -> 81 | CB34: =BZ6-BZ34 -> 96
AG35: March | AH35: 98 | AI35: 45 | BZ35: 45 | CA35: =AH7-AH35 -> 34 | CB35: =BZ7-BZ35 -> 75
AG36: April | AH36: 170 | AI36: 95 | BZ36: 95 | CA36: =AH8-AH36 -> 84 | CB36: =BZ8-BZ36 -> 164
AG37: May | AH37: 154 | AI37: 140 | BZ37: 140 | CA37: =AH9-AH37 -> 67 | CB37: =BZ9-BZ37 -> 52
AG38: June | AH38: 113 | AI38: 234 | BZ38: 234 | CA38: =AH10-AH38 -> 34 | CB38: =BZ10-BZ38 -> -109
AG39: July | AH39: 190 | AI39: 227 | BZ39: 227 | CA39: =AH11-AH39 -> -101 | CB39: =BZ11-BZ39 -> -75
AG40: August | AH40: 155 | AI40: 29 | BZ40: 29 | CA40: =AH12-AH40 -> -55 | CB40: =BZ12-BZ40 -> 213
AG41: September | AH41: 96 | AI41: 102 | BZ41: 102 | CA41: =AH13-AH41 -> 17 | CB41: =BZ13-BZ41 -> 49
AG42: October | AH42: 135 | AI42: 67 | BZ42: 67 | CA42: =AH14-AH42 -> 81 | CB42: =BZ14-BZ42 -> -67
AG43: November | AH43: 105 | CA43: =AH15-AH43 -> 36
AG44: December | AH44: 80 | CA44: =AH16-AH44 -> 56
AG45: Total | AH45: =SUM(AH33:AH44) -> 1530 | AI45: =SUM(AI33:AI44) -> 1033 | AJ45: =SUM(AJ33:AJ44) -> 0 | AK45: =SUM(AK33:AK44) -> 0 | AL45: =SUM(AL33:AL44) -> 0 | AM45: =SUM(AM33:AM44) -> 0 | AN45: =SUM(AN33:AN44) -> 0 | AO45: =SUM(AO33:AO44) -> 0 | ... CB45: =SUM(CB33:CB44) -> 484

Sheet Overlook
A1: Overlook Mountain Wild Forest
A2: OVERLOOK MOUNTAIN (Fire Tower)
B3: 1991 | C3: 1992 | D3: 1993 | E3: 1994 | F3: 1995 | G3: 1996 | H3: 1997 | I3: 1998 | J3: 1999 | K3: 2000 | L3: 2001 | M3: 2002 | N3: 2003 | O3: 2004 | P3: 2005 | Q3: 2006 | R3: 2007 | S3: 2008 | T3: 2009 | U3: 2010 | V3: 2011 | W3: 2012 | X3: 2013 | Y3: 2014 | Z3: 2015 | AA3: 2016 | AB3: 2017 | AC3: 2018 | AD3: 2019 | AE3: 2020 | AF3: 2021 | AG3: 2022 | AH3: 2023 | AI3: 2024 | AJ3: 2025 | AK3: 2026 | AL3: 2027 | AM3: 2028 | AN3: 2029 | AO3: 2030 | AP3: 2031 | AQ3: 2032 | AR3: 2033 | AS3: 2034 | AT3: 2035 | AU3: 2036 | AV3: 2037 | AW3: 2038 | AX3: 2039 | AY3: 2040 | AZ3: 2041 | BA3: 10 Year Rolling Averages | BK3: 2001 | BL3: 2002 | BM3: 2003 | BN3: 2004 | BO3: 2005 | BP3: 2006 | BQ3: 2007 | BR3: 2008 | BS3: 2009 | BT3: 2010 | BU3: 2011 | BV3: 2012 | BW3: 2013 | BX3: 2014 | BY3: 10-YEAR-AVG-2015 | BZ3: 10-YEAR-AVG-2016 | CA3: 10-YEAR-AVG-2017 | CB3: 10-YEAR-AVG-2018 | CC3: 10-YEAR-AVG 2019 | CD3: 10-YEAR-AVG-2020 | CE3: 2021 | CF3: 2022 | CG3: 2023 | CH3: 2024 | CI3: 2025 | CJ3: 2026 | CK3: 2027 | CL3: 2028 | CM3: 2029 | CN3: 2030 | CO3: 2031 | CP3: 2032 | CQ3: 2033 | CR3: 2034 | CS3: 2035 | CT3: 2036 | CU3: 2037 | CV3: 2038 | CW3: 2039 | CX3: 2040 | CY3: 2041 | CZ3: 2042 | DA3: 2043 | DB3: 2044 | DC3: 2045 | DD3: 2046
A5: January | B5: 61 | C5: 77 | D5: 97 | E5: 40 | F5: 180 | G5: 23 | H5: 110 | I5: 229 | J5: 122 | K5: 216 | L5: 206 | M5: 220 | N5: 226 | O5: 206 | P5: 165 | Q5: 170 | R5: 207 | U5: 152 | W5: 290 | X5: 193 | Y5: 154 | Z5: 148 | AA5: 165 | AB5: 372 | AC5: 200 | AD5: 53 | AE5: 383 | AF5: 409 | AG5: 34 | AH5: =36+29+39+30+41+46+43+39+50+77+50+6+2 -> 488 | AI5: 266 | AJ5: =(1+1+2+2+3)+(2+4+3+2+2+2+1+2)+(4+2+1+8+8+2+4+2+4+2+2+2+2+2+2+2+4+2+2+1+1+1+2+3+2+4+2+6+3+2+2+1+2+3)+(2+2+3+3+2+2+2+3+2+1+2+6+1+2+2+2+2+2+3+3+4+3+2+1+1+2+1+1+3+2+1+1+1+1+1+1+2+2+2)+(2+2+1+2+1+1+22+3+2+5+2+3+1+3+2+1+1+1+2+1+2+2+3)+(8+2+21+2+2+2+2+2+1+2+2+2+2+2+4+4+1+5+2+5+2+2+3+3+1+1+2+1+1+1+2+1+2) -> 358 | BA5: #N/A | BB5: #N/A | BC5: #N/A | BD5: #N/A | BE5: #N/A | BF5: #N/A | BG5: #N/A | BH5: #N/A | BI5: #N/A | BJ5: =AVERAGE(B5:K5) -> 115.5 | BK5: =AVERAGE(C5:L5) -> 130 | BL5: =AVERAGE(D5:M5) -> 144.3 | BM5: =AVERAGE(E5:N5) -> 157.2 | BN5: =AVERAGE(F5:O5) -> 173.8 | BO5: =AVERAGE(G5:P5) -> 172.3 | BP5: =AVERAGE(H5:Q5) -> 187 | BQ5: =AVERAGE(I5:R5) -> 196.7 | ... DD5: =AVERAGE(AV5:BE5) -> #N/A
A6: February | B6: 243 | C6: 151 | D6: 38 | E6: 21 | F6: 82 | G6: 45 | H6: 231 | I6: 255 | J6: 264 | K6: 91 | L6: 122 | M6: 322 | N6: 301 | O6: 290 | P6: 232 | Q6: 167 | R6: 142 | U6: 117 | W6: 248 | X6: 176 | Y6: 183 | Z6: 145 | AA6: 168 | AB6: 491 | AC6: 428 | AD6: 33 | AE6: 438 | AF6: 326 | AG6: =30+40+37+39+40+39+46+5 -> 276 | AH6: =30+32+46+43+46+34+47+38+37 -> 353 | AI6: 511 | AJ6: =(2+3+2)+(2+5+2+3+2+1)+(1+2+1)+(2+1+2+2+2+1+5+2+1+2+1+2+4+2+2+1+2+1+4+1+1+2+1+2+1+3+1+1+1+4+2+1+2+2+2+1+2)+(2+2+3+3+2+2+2+1+2+2+2+2+2+1+1+1+1+2+4+2+1+2+1+1+2+2+1+2+1+1+1+1+3+1+2+1)+(1+1+1+1+2+1+1+2+2+1+2+1+2+2+1+1+2+1) -> 182 | BA6: #N/A | BB6: #N/A | BC6: #N/A | BD6: #N/A | BE6: #N/A | BF6: #N/A | BG6: #N/A | BH6: #N/A | BI6: #N/A | BJ6: =AVERAGE(B6:K6) -> 142.1 | BK6: =AVERAGE(C6:L6) -> 130 | BL6: =AVERAGE(D6:M6) -> 147.1 | BM6: =AVERAGE(E6:N6) -> 173.4 | BN6: =AVERAGE(F6:O6) -> 200.3 | BO6: =AVERAGE(G6:P6) -> 215.3 | BP6: =AVERAGE(H6:Q6) -> 227.5 | BQ6: =AVERAGE(I6:R6) -> 218.6 | ... DD6: =AVERAGE(AV6:BE6) -> #N/A
A7: March | B7: 211 | C7: 103 | D7: 44 | E7: 38 | F7: 270 | G7: 201 | H7: 179 | I7: 271 | J7: 460 | K7: 330 | L7: 120 | M7: 392 | N7: 388 | O7: 370 | P7: 296 | Q7: 349 | R7: 254 | U7: 273 | W7: 507 | X7: 414 | Y7: 177 | Z7: 284 | AA7: 291.66667 | AB7: 301 | AC7: 551 | AD7: 61 | AE7: 678 | AF7: 387 | AG7: =35+37+29+46+32+38+37+35+37+37+44+14 -> 421 | AH7: =8+28+34+33+41+39+25+41+52+26 -> 327 | AI7: 571 | AJ7: =(1+2+2+2+1+1+1+2+4+2+2+1)+(6+2+2+2+1+1+1+3+2+3+1+3+1+2+1+1+2+3+2+1+4+2+4+1+2+1+1+2+1+1+2+2+2+2+1)+(1+2+1+4+8+1+1+4+2+2+2+2+1+2+14+2+1+1+2+1+2+5+2+2+5+2+1+2+2+2+4+2+2+1+2+3+1+1)+(3+2+2+1+2+4+2+4+1+1+4+1+2+1+3+1+21+1+2+3+1+2+4+2+3+1+2+5+3+6+4+2+2+1+1)+(1+1+1+11+1+9+3+1+1+2+3+2+1+1+1+1+1+4+2+2+2+2+2+2)+(1+1+1+2+1+1+1+2+22+4+1+2+3+3+3+2+2+5+3+2+2+1+3+2+2+2+2+2+2+2+2+1) -> 426 | BA7: #N/A | BB7: #N/A | BC7: #N/A | BD7: #N/A | BE7: #N/A | BF7: #N/A | BG7: #N/A | BH7: #N/A | BI7: #N/A | BJ7: =AVERAGE(B7:K7) -> 210.7 | BK7: =AVERAGE(C7:L7) -> 201.6 | BL7: =AVERAGE(D7:M7) -> 230.5 | BM7: =AVERAGE(E7:N7) -> 264.9 | BN7: =AVERAGE(F7:O7) -> 298.1 | BO7: =AVERAGE(G7:P7) -> 300.7 | BP7: =AVERAGE(H7:Q7) -> 315.5 | BQ7: =AVERAGE(I7:R7) -> 323 | ... DD7: =AVERAGE(AV7:BE7) -> #N/A
A8: April | B8: 363 | C8: 137 | D8: 202 | E8: 261 | F8: 612 | G8: 346 | H8: 444 | I8: 464 | J8: 639 | K8: 477 | L8: 597 | M8: 427 | N8: 454 | O8: 480 | P8: 384 | Q8: 665 | R8: 515 | U8: 777 | W8: 719 | X8: 706 | Y8: 750 | Z8: 878 | AA8: 778 | AB8: 1453 | AC8: 1068 | AD8: 35 | AE8: 384 | AF8: 569 | AG8: =19+64+35+39+34+17+49+36+28+43+56+58+39+57+44+36+47+51+36+41+37+40 -> 906 | AH8: =8+36+35+43+32+42+33+55+37+17+51+31+41+25+44+40+41+48+35+37+53+26 -> 810 | AI8: 643 | AJ8: =(1+3+2+2+2+1+1+2+4+1+1+5+2+2+2+2+2)+(1+1+1+1+1+1+2+1+4+1+2+2+1+1+1+1+9+2+1+2+1+2+6+1+2+2+1+1+1+3+2+2+2+3+1+2+1)+(2+2+2+2+1+2+2+2+2+2+1+1+2+2+2+3+5+2+2+1+2+1+1+1+1+5+5+2+1+4+1+3+2+2+3+2+2)+(3+3+1+2+4+2+2+7+3+3+1+1+1+1+1+1+2+2+3+1+2+2+1+3+1+1+2+5+1+1+1+2+2+4+2+2+2+1+2)+(2+1+1+4+6+5+2+2+1+2+6+1+1+1+1+1+4+2+1+1)+(1+2+1+1+3+2+4+2+2+1+2+2+1+3+1+2+2+2+1+2+2+3+3+1+3+3+13+2+2+2+6+1+2+1+2+1)+(2+2+2+1+1+1+2+3+3+2+2+1+3+2+2+2+3+2+2+1+1+1+2+1+2+2+2+1+4+4+2+1+1+2+1+3+6+2)+(3+1+2+4+2+10+2+7+4+3+2+3+1+4+4+4+4+2+1+2+1+1+2+2+2+4+1+1+1+2+1+1+1+2+2+2+1+1+1+2+1+2+2+1+1+1+2+1) -> 576 | BA8: #N/A | BB8: #N/A | BC8: #N/A | BD8: #N/A | BE8: #N/A | BF8: #N/A | BG8: #N/A | BH8: #N/A | BI8: #N/A | BJ8: =AVERAGE(B8:K8) -> 394.5 | BK8: =AVERAGE(C8:L8) -> 417.9 | BL8: =AVERAGE(D8:M8) -> 446.9 | BM8: =AVERAGE(E8:N8) -> 472.1 | BN8: =AVERAGE(F8:O8) -> 494 | BO8: =AVERAGE(G8:P8) -> 471.2 | BP8: =AVERAGE(H8:Q8) -> 503.1 | BQ8: =AVERAGE(I8:R8) -> 510.2 | ... DD8: =AVERAGE(AV8:BE8) -> #N/A
A9: May | B9: 534 | C9: 400 | D9: 463 | E9: 681 | F9: 707 | G9: 588 | H9: 916 | I9: 803 | J9: 730 | K9: 642 | L9: 622 | M9: 618 | N9: 640 | O9: 660 | P9: 485 | Q9: 622 | R9: 790 | U9: 755 | W9: 620 | X9: 932 | Y9: 1322 | Z9: 1626 | AA9: 1293.3333 | AB9: 1620 | AC9: 1605 | AD9: 1502 | AE9: 1007 | AF9: 776 | AG9: =6+49+26+31+43+37+53+51+33+38+42+40+52+49+41+45+32+31+51+33+42+43+37+57+34+33 -> 1029 | AH9: =4+45+51+42+39+30+40+49+49+33+37+41+41+27+27+45+45+32+47+33+30+46+58+42+39+34+41 -> 1047 | AI9: 927 | AJ9: =SUM(2+2+1+1+3+1+1+2+1+2+1+2+3+2+1+2+1+3+2+3+1+2+2+2+1+2+2+7+2+2+2+2+2+2+2+1+1+2+2+1+1+1+2+2+1+20+2+1+2+2+2+2+2+1+1+2+2+6+4+2+4+4+2+2+2+1+3+2+2+1+2+2+2+4+2+2+1+2+4+2+3+2+3+2+2+3+5+4+4+1+2+3+8+1+2+2+2+2+1+2+2+1+1+1+4+1+1+1+1+4+1+2+2+2+2+2+1+1+1+2+2+1+2+2+1+1+3+1+1+4+2+2+6+2+2+2+1+1+2+2+2+2+2+1+2+2+4+1+3+2+8+8+4+4+2+2+3+2+2+2+5+1+1+3+8+1+3+1+3+2+1+3+2+2+2+3+3+2+2+1+2+1+2+3+2+5+3+2+2+2+2+2+2+1+2+4+3+1+4+2+2+2+2+1+2+1+2+2+1+2+1+2+1+2+2+1+1+2+2+1+2+2+1+2+2+3+2+1+2+2+4+2+8+2+12+1+2+2+2+5+1+3+2+2+3+4+2+7+2+3+2+1+2+2+1+2+2+3+2+2+2+1+1+1+1+1+6+3+2+2+4+5+2+2+2+6+2+2+2+4+3+4+6+2+9+2+2+3+2+4+1+1+1+1+1+1+1+2+2+3+1+2+1+2+2+1+3+3+2+1+5+3+2+1+1+3+3+2+2+1+5+1+4+2+2+1+2+1+1+2+1+1+2+2+2+7+2+1+2+1+1+1+6+1+1+2+2+1+2+2+2+2+1+2+2+2+3+4+3+2+1) -> 828 | BA9: #N/A | BB9: #N/A | BC9: #N/A | BD9: #N/A | BE9: #N/A | BF9: #N/A | BG9: #N/A | BH9: #N/A | BI9: #N/A | BJ9: =AVERAGE(B9:K9) -> 646.4 | BK9: =AVERAGE(C9:L9) -> 655.2 | BL9: =AVERAGE(D9:M9) -> 677 | BM9: =AVERAGE(E9:N9) -> 694.7 | BN9: =AVERAGE(F9:O9) -> 692.6 | BO9: =AVERAGE(G9:P9) -> 670.4 | BP9: =AVERAGE(H9:Q9) -> 673.8 | BQ9: =AVERAGE(I9:R9) -> 661.2 | ... DD9: =AVERAGE(AV9:BE9) -> #N/A
A10: June | B10: 386 | C10: 356 | D10: 351 | E10: 500 | F10: 417 | G10: 591 | H10: 534 | I10: 467 | J10: 556 | K10: 420 | L10: 680 | M10: 786 | N10: 770 | O10: 704 | P10: 534 | Q10: 480 | R10: 530 | U10: 951 | W10: 787 | X10: 899 | Y10: 1158 | Z10: 896 | AA10: 984.33333 | AB10: 1663 | AC10: 1108 | AD10: 1606 | AE10: 902 | AF10: 1014 | AG10: =35+41+37+52+41+36+42+53+27+36+39+41+52+64+42+32+42+36+44+35+23+27+42+35+5 -> 959 | AH10: =2+64+38+48+34+53+90+37+39+41+42+31+42+48+42+51+41+38+33+49+22 -> 885 | AI10: 856 | AJ10: =SUM(1+3+1+1+1+1+2+2+2+4+1+1+2+2+1+3+3+1+2+2+4+1+2+2+1+4+6+5+1+1+6+12+7+2+1+2+1+1+2+2+2+2+1+2+2+2+1+1+7+2+1+3+4+2+2+2+2+1+2+2+2+1+1+2+7+3+10+2+1+2+3+2+3+4+2+2+4+1+2+2+2+2+2+3+3+3+2+2+3+2+1+2+2+1+4+2+1+1+2+1+1+1+1+1+2+3+1+1+1+2+2+2+2+1+8+2+1+2+17+2+2+5+1+2+1+1+2+2+2+1+2+1+1+1+2+1+4+2+3+2+9+3+2+2+1+2+2+2+4+8+7+7+1+2+2+2+2+2+2+2+2+2+4+4+2+1+3+2+2+1+4+2+1+9+2+1+1+1+2+2+2+1+2+2+1+2+2+2+2+1+2+1+2+4+4+2+2+4+2+2+1+4+2+1+2+1+5+4+4+1+1+2+1+4+2+2+2+2+5+1+2+2+1+1+2+2+2+2+3+3+2+2+2+1+2+2+3+1+4+1+1+1+2+2+3+1+3+2+3+2+2+2+2+4+2+2+2+2+4+1+2+2+2+2+2+2+2+1+4+2+2+2+1+1+1+1+2+1+1+1+2+1+2+1+2+1+2+1+2+2+1+1+2+2+5+2+2+5+2+3+2+7+3+2+2+1+2+2+4+1+2+2+7+2+2+2+4+2+1+2+4+2+4+2+2+2+11+1+2+2+2+4+5+2+2+1+23+2+1+2+2+1+4+2+1+1+2+2+2+2+2+2+2+1+3+4+1+3) -> 854 | BA10: #N/A | BB10: #N/A | BC10: #N/A | BD10: #N/A | BE10: #N/A | BF10: #N/A | BG10: #N/A | BH10: #N/A | BI10: #N/A | BJ10: =AVERAGE(B10:K10) -> 457.8 | BK10: =AVERAGE(C10:L10) -> 487.2 | BL10: =AVERAGE(D10:M10) -> 530.2 | BM10: =AVERAGE(E10:N10) -> 572.1 | BN10: =AVERAGE(F10:O10) -> 592.5 | BO10: =AVERAGE(G10:P10) -> 604.2 | BP10: =AVERAGE(H10:Q10) -> 593.1 | BQ10: =AVERAGE(I10:R10) -> 592.7 | ... DD10: =AVERAGE(AV10:BE10) -> #N/A
A11: July | B11: 287 | C11: 370 | D11: 385 | E11: 483 | F11: 300 | G11: 806 | H11: 816 | I11: 764 | J11: 620 | K11: 813 | L11: 1225 | M11: 940 | N11: 900 | O11: 960 | P11: 804 | Q11: 814 | R11: 1061 | U11: 844 | W11: 799 | X11: 1070 | Y11: 1484 | Z11: 1816 | AA11: 1456.6667 | AB11: 2690 | AC11: 2690 | AD11: 1528 | AE11: 1007 | AF11: 988 | AG11: =29+44+66+47+45+30+39+38+55+51+52+57+36+39+32+54+53+42+47+42+32+45+47+57+43+54-9+50 -> 1217 | AH11: =25+29+38+17+39+33+47+47+39+40+45+43+42+47+37+44+43+44+43+38+39+45+43+31+50 -> 988 | AI11: 1030 | AJ11: =SUM(1+6+2+2+2+2+1+1+1+1+2+1+12+4+2+2+2+2+1+12+1+1+1+2+2+2+1+6+1+2+1+2+3+2+1+3+2+2+2+5+1+2+4+2+1+2+7+2+6+3+2+2+2+2+1+2+2+1+2+1+5+2+2+3+2+2+2+8+2+4+2+2+2+1+2+2+2+2+4+2+2+6+1+1+9+1+2+2+2+2+2+2+2+2+2+2+2+3+2+2+2+3+2+2+1+2+2+1+2+2+2+4+2+4+4+2+6+2+2+2+4+2+3+2+6+2+2+2+2+3+3+2+1+3+3+2+1+3+2+2+2+2+2+1+1+2+4+3+1+2+1+1+3+2+6+1+4+2+2+4+2+2+6+2+2+2+2+1+2+2+4+2+2+1+1+7+2+2+4+2+1+3+2+5+2+2+2+2+4+3+2+3+2+1+4+1+3+1+1+1+1+1+4+1+1+2+2+2+1+2+1+1+2+2+3+2+1+1+6+2+2+2+2+3+1+5+3+1+1+2+2+3+1+2+7+7+7+2+4+3+10+4+2+2+2+2+2+8+2+2+2+3+1+7+2+2+2+5+1+2+2+3+2+2+2+2+1+2+1+5+5+2+2+1+4+2+1+2+2+2+3+2+4+2+2+1+2+1+2+1+3+1+2+1+2+1+1+2+4+2+2+2+2+2+2+2+1+2+1+2+1+1+1+1+4+2+2+1+2+4+2+1+1+2+1+2+2+2+2+2+2+2+6+2+2+1+1+4+7+3+2+2+1+2+1+4+2+2+8+1+1+2+1+2+1+2+4+14+2+2+3+4+2+2+2+2+2+2+2+2+3+2+1+1+2+4+1+1+1+1+1+3+1+5+4+2+4+2+1+1+2+2+1+2+1+3+2+4+2+5+1+2+1+2+2+2+2+1+1+2+1+4+2+3+8+2+7+2+2+7+1+2+2+2+4+2+1+2+1+2+2) -> 1038 | BA11: #N/A | BB11: #N/A | BC11: #N/A | BD11: #N/A | BE11: #N/A | BF11: #N/A | BG11: #N/A | BH11: #N/A | BI11: #N/A | BJ11: =AVERAGE(B11:K11) -> 564.4 | BK11: =AVERAGE(C11:L11) -> 658.2 | BL11: =AVERAGE(D11:M11) -> 715.2 | BM11: =AVERAGE(E11:N11) -> 766.7 | BN11: =AVERAGE(F11:O11) -> 814.4 | BO11: =AVERAGE(G11:P11) -> 864.8 | BP11: =AVERAGE(H11:Q11) -> 865.6 | BQ11: =AVERAGE(I11:R11) -> 890.1 | ... DD11: =AVERAGE(AV11:BE11) -> #N/A
A12: August | B12: 453 | C12: 445 | D12: 572 | E12: 917 | F12: 787 | G12: 769 | H12: 918 | I12: 691 | J12: 733 | K12: 559 | L12: 770 | M12: 846 | N12: 830 | O12: 860 | P12: 815 | Q12: 875 | R12: 937 | U12: 1195 | W12: 1240 | X12: 1457 | Y12: 1870 | Z12: 1956 | AA12: 1761 | AB12: 2202 | AC12: 2202 | AD12: 2575 | AE12: 1028 | AF12: 727 | AG12: =9+43+72+40+43+30+36+37+37+43+35+47+52+42+54+41+44+48+23+42+51+50+32+6+40 -> 997 | AH12: =28+33+53+40+45+48+39+38+36+47+39+48+44+49+51+43+45+30+42+40+42+48+52+7+44+26+47+35+44+19+25 -> 1227 | AI12: 1035 | AJ12: =SUM(2+2+1+1+2+4+2+2+1+2+1+4+1+2+1+2+2+2+2+4+8+2+5+5+2+2+5+2+1+2+1+6+2+4+3+2+2+4+3+4+4+1+1+3+2+1+1+2+2+3+4+2+2+3+2+3+2+2+2+3+2+2+2+2+2+2+2+2+2+1+1+2+2+2+2+2+1+2+2+2+2+2+4+2+6+2+2+3+5+2+2+2+2+2+3+2+3+1+2+3+2+3+2+2+2+2+1+4+4+2+2+3+2+1+1+1+1+2+1+2+2+2+2+2+1+4+2+2+1+1+1+2+1+2+4+2+3+2+3+1+4+2+2+2+2+3+6+2+2+5+2+1+1+2+2+2+2+5+2+2+2+2+2+1+1+2+2+2+2+3+2+2+1+2+3+2+8+2+6+2+6+2+3+2+4+3+2+1+1+3+2+3+4+2+2+2+3+2+2+4+2+2+5+3+1+1+11+1+3+2+2+1+2+2+3+3+2+3+2+2+6+4+2+4+4+6+2+2+2+3+1+1+2+2+2+1+4+4+2+2+2+1+2+2+1+4+2+1+1+2+1+2+3+3+4+3+1+4+4+2+6+2+4+1+2+2+3+2+4+3+3+6+2+2+4+2+1+2+1+2+2+2+2+1+3+4+4) -> 698 | BA12: #N/A | BB12: #N/A | BC12: #N/A | BD12: #N/A | BE12: #N/A | BF12: #N/A | BG12: #N/A | BH12: #N/A | BI12: #N/A | BJ12: =AVERAGE(B12:K12) -> 684.4 | BK12: =AVERAGE(C12:L12) -> 716.1 | BL12: =AVERAGE(D12:M12) -> 756.2 | BM12: =AVERAGE(E12:N12) -> 782 | BN12: =AVERAGE(F12:O12) -> 776.3 | BO12: =AVERAGE(G12:P12) -> 779.1 | BP12: =AVERAGE(H12:Q12) -> 789.7 | BQ12: =AVERAGE(I12:R12) -> 791.6 | ... DD12: =AVERAGE(AV12:BE12) -> #N/A
A13: September | B13: 569 | C13: 249 | D13: 322 | E13: 914 | F13: 690 | G13: 451 | H13: 586 | I13: 765 | J13: 450 | K13: 663 | L13: 559 | M13: 723 | N13: 405 | O13: 860 | P13: 906 | Q13: 785 | R13: 1005 | U13: 961 | W13: 818 | X13: 1018 | Y13: 1262 | Z13: 1591 | AA13: 1290.3333 | AB13: 1625 | AC13: 1884 | AD13: 2161 | AE13: 1446 | AF13: 822 | AG13: =4+36+43+42+58+35+43+47+34+59+35+36+24+43+40+58+34+49+3+37+42 -> 802 | AH13: =3+34+57+56+35+34+40+50+31+50+38+37+32+39+39+27+34+39+8+6+20 -> 709 | AI13: =(617)+(1+2+7+4+1+2+2+2+1)+(2+2+2+2+1+2+2+1+2+1)+(2+1+1)+(1+1+1)+(1+1+1+2+1+1+1+1+1+2+5+3+2+2)+(2+2+2+2+4)+(1+1+2+1+1+2+1+2+1+1+2+2+1) -> 717 | AJ13: =SUM(2+10+2+8+2+3) -> 27 | BA13: #N/A | BB13: #N/A | BC13: #N/A | BD13: #N/A | BE13: #N/A | BF13: #N/A | BG13: #N/A | BH13: #N/A | BI13: #N/A | BJ13: =AVERAGE(B13:K13) -> 565.9 | BK13: =AVERAGE(C13:L13) -> 564.9 | BL13: =AVERAGE(D13:M13) -> 612.3 | BM13: =AVERAGE(E13:N13) -> 620.6 | BN13: =AVERAGE(F13:O13) -> 615.2 | BO13: =AVERAGE(G13:P13) -> 636.8 | BP13: =AVERAGE(H13:Q13) -> 670.2 | BQ13: =AVERAGE(I13:R13) -> 712.1 | ... DD13: =AVERAGE(AV13:BE13) -> #N/A
